participant_id,trial_num,option_a,option_b,target,option_a_file,option_b_file,target_file
1,1,555a,70a,552a,555a_Gonn_AP_Monrepos_final_nocolor.png,70a_Gonn_AP_Monrepos_final_nocolor.png,552a_Gonn_AP_Monrepos_final_nocolor.png
1,2,226b,355a,202a,226b_Aguas_Santander_final_nocolor.png,355a_Gonn_AP_Monrepos_final_nocolor.png,202a_final_nocolor.png
1,3,202b,418a,226a,202b_final_nocolor.png,418a_Gonn_AP_Monrepos_final_nocolor.png,226a_Aguas_Sant_Final_nocolor.png
1,4,167a,555a,201a,167a_GG_MB_2021_MdAM_final_nocolor.png,555a_Gonn_AP_Monrepos_final_nocolor.png,201a_Peters_Graziosi 1960_final_nocolor.png
1,5,420a,552a,355a,420a_Gonn_AP_Monrepos_final_nocolor.png,552a_Gonn_AP_Monrepos_final_nocolor.png,355a_Gonn_AP_Monrepos_final_nocolor.png
1,6,151a,370a,93b,151a MdA_final_nocolor.png,370a_Gonn_AP_Monrepos_final_nocolor.png,93b_Gourdan_GG_MB_2021_MAN_Piette_final_nocolor.png
1,7,167a,73a,144b,167a_GG_MB_2021_MdAM_final_nocolor.png,73a_Gonn_AP_Monrepos_final_nocolor.png,144b_L-B_MdP_final_nocolor.png
1,8,355a,420b,353a,355a_Gonn_AP_Monrepos_final_nocolor.png,420b_Gonn_AP_Monrepos_final_nocolor.png,353a_Gonn_AP_Monrepos_final_nocolor.png
1,9,241a,552a,626a,241a_Badegoule_MdP_Pr.A.png,552a_Gonn_AP_Monrepos_final_nocolor.png,626a_Gonn_AP_Monrepos_final_nocolor.png
1,10,226b,73a,167b,226b_Aguas_Santander_final_nocolor.png,73a_Gonn_AP_Monrepos_final_nocolor.png,167b_GG_MB_2021_MdAM_final_nocolor.png
1,11,355a,631a,144a,355a_Gonn_AP_Monrepos_final_nocolor.png,631a_Gonn_AP_Monrepos_final_nocolor.png,144a_L-B_MdP_final_nocolor.png
1,12,202a,226a,151a,202a_final_nocolor.png,226a_Aguas_Sant_Final_nocolor.png,151a MdA_final_nocolor.png
1,13,151b,353a,70b,151b_PC_DSC00570_final_nocolor.png,353a_Gonn_AP_Monrepos_final_nocolor.png,70b_Gonn_AP_Monrepos_final_nocolor.png
1,14,144a,484a,93a,144a_L-B_MdP_final_nocolor.png,484a_Gonn_AP_Monrepos_final_nocolor.png,93a_Gourdan_GG_MB_2021_MAN_Piette_final_nocolor.png
1,15,226a,418a,226b,226a_Aguas_Sant_Final_nocolor.png,418a_Gonn_AP_Monrepos_final_nocolor.png,226b_Aguas_Santander_final_nocolor.png
1,16,353a,355a,73a,353a_Gonn_AP_Monrepos_final_nocolor.png,355a_Gonn_AP_Monrepos_final_nocolor.png,73a_Gonn_AP_Monrepos_final_nocolor.png
1,17,151a,631a,144a,151a MdA_final_nocolor.png,631a_Gonn_AP_Monrepos_final_nocolor.png,144a_L-B_MdP_final_nocolor.png
1,18,201a,370a,93a,201a_Peters_Graziosi 1960_final_nocolor.png,370a_Gonn_AP_Monrepos_final_nocolor.png,93a_Gourdan_GG_MB_2021_MAN_Piette_final_nocolor.png
1,19,355a,626a,70b,355a_Gonn_AP_Monrepos_final_nocolor.png,626a_Gonn_AP_Monrepos_final_nocolor.png,70b_Gonn_AP_Monrepos_final_nocolor.png
1,20,186b,555a,353a,186b_GG_MB_2021_MdAM_final_nocolor.png,555a_Gonn_AP_Monrepos_final_nocolor.png,353a_Gonn_AP_Monrepos_final_nocolor.png
1,21,226b,73a,201a,226b_Aguas_Santander_final_nocolor.png,73a_Gonn_AP_Monrepos_final_nocolor.png,201a_Peters_Graziosi 1960_final_nocolor.png
1,22,307a,631a,70b,307a_Gonn_AP_Monrepos_final_nocolor.png,631a_Gonn_AP_Monrepos_final_nocolor.png,70b_Gonn_AP_Monrepos_final_nocolor.png
1,23,353a,370a,420a,353a_Gonn_AP_Monrepos_final_nocolor.png,370a_Gonn_AP_Monrepos_final_nocolor.png,420a_Gonn_AP_Monrepos_final_nocolor.png
1,24,151b,201a,484a,151b_PC_DSC00570_final_nocolor.png,201a_Peters_Graziosi 1960_final_nocolor.png,484a_Gonn_AP_Monrepos_final_nocolor.png
1,25,626a,70b,631a,626a_Gonn_AP_Monrepos_final_nocolor.png,70b_Gonn_AP_Monrepos_final_nocolor.png,631a_Gonn_AP_Monrepos_final_nocolor.png
1,26,186a,202b,241b,186a_GG_MB_2021_MdAM_final_nocolor.png,202b_final_nocolor.png,241b_Badegoule_MdP_Pr.A.png
1,27,151b,202a,555a,151b_PC_DSC00570_final_nocolor.png,202a_final_nocolor.png,555a_Gonn_AP_Monrepos_final_nocolor.png
1,28,144b,626a,307b,144b_L-B_MdP_final_nocolor.png,626a_Gonn_AP_Monrepos_final_nocolor.png,307b_Gonn_AP_Monrepos_final_nocolor.png
1,29,307a,70b,167a,307a_Gonn_AP_Monrepos_final_nocolor.png,70b_Gonn_AP_Monrepos_final_nocolor.png,167a_GG_MB_2021_MdAM_final_nocolor.png
1,30,167b,70a,484a,167b_GG_MB_2021_MdAM_final_nocolor.png,70a_Gonn_AP_Monrepos_final_nocolor.png,484a_Gonn_AP_Monrepos_final_nocolor.png
1,31,355a,626a,186a,355a_Gonn_AP_Monrepos_final_nocolor.png,626a_Gonn_AP_Monrepos_final_nocolor.png,186a_GG_MB_2021_MdAM_final_nocolor.png
1,32,144b,307b,93a,144b_L-B_MdP_final_nocolor.png,307b_Gonn_AP_Monrepos_final_nocolor.png,93a_Gourdan_GG_MB_2021_MAN_Piette_final_nocolor.png
1,33,226b,431a,70a,226b_Aguas_Santander_final_nocolor.png,431a_Gonn_AP_Monrepos_final_nocolor.png,70a_Gonn_AP_Monrepos_final_nocolor.png
1,34,353a,484a,167b,353a_Gonn_AP_Monrepos_final_nocolor.png,484a_Gonn_AP_Monrepos_final_nocolor.png,167b_GG_MB_2021_MdAM_final_nocolor.png
1,35,202a,241b,370a,202a_final_nocolor.png,241b_Badegoule_MdP_Pr.A.png,370a_Gonn_AP_Monrepos_final_nocolor.png
1,36,201a,241a,186a,201a_Peters_Graziosi 1960_final_nocolor.png,241a_Badegoule_MdP_Pr.A.png,186a_GG_MB_2021_MdAM_final_nocolor.png
1,37,167b,353a,144a,167b_GG_MB_2021_MdAM_final_nocolor.png,353a_Gonn_AP_Monrepos_final_nocolor.png,144a_L-B_MdP_final_nocolor.png
1,38,418a,73a,151a,418a_Gonn_AP_Monrepos_final_nocolor.png,73a_Gonn_AP_Monrepos_final_nocolor.png,151a MdA_final_nocolor.png
1,39,420b,70b,626a,420b_Gonn_AP_Monrepos_final_nocolor.png,70b_Gonn_AP_Monrepos_final_nocolor.png,626a_Gonn_AP_Monrepos_final_nocolor.png
1,40,431a,484a,370a,431a_Gonn_AP_Monrepos_final_nocolor.png,484a_Gonn_AP_Monrepos_final_nocolor.png,370a_Gonn_AP_Monrepos_final_nocolor.png
1,41,418a,631a,167a,418a_Gonn_AP_Monrepos_final_nocolor.png,631a_Gonn_AP_Monrepos_final_nocolor.png,167a_GG_MB_2021_MdAM_final_nocolor.png
1,42,186a,353a,70b,186a_GG_MB_2021_MdAM_final_nocolor.png,353a_Gonn_AP_Monrepos_final_nocolor.png,70b_Gonn_AP_Monrepos_final_nocolor.png
1,43,73a,84a,360a,73a_Gonn_AP_Monrepos_final_nocolor.png,84a_Gonn_AP_Monrepos_final_nocolor.png,360a_Gonn_AP_Monrepos_final_nocolor.png
1,44,167a,626a,355a,167a_GG_MB_2021_MdAM_final_nocolor.png,626a_Gonn_AP_Monrepos_final_nocolor.png,355a_Gonn_AP_Monrepos_final_nocolor.png
1,45,353a,418a,370a,353a_Gonn_AP_Monrepos_final_nocolor.png,418a_Gonn_AP_Monrepos_final_nocolor.png,370a_Gonn_AP_Monrepos_final_nocolor.png
1,46,555a,84a,226a,555a_Gonn_AP_Monrepos_final_nocolor.png,84a_Gonn_AP_Monrepos_final_nocolor.png,226a_Aguas_Sant_Final_nocolor.png
1,47,151b,626a,631a,151b_PC_DSC00570_final_nocolor.png,626a_Gonn_AP_Monrepos_final_nocolor.png,631a_Gonn_AP_Monrepos_final_nocolor.png
1,48,226b,420b,70b,226b_Aguas_Santander_final_nocolor.png,420b_Gonn_AP_Monrepos_final_nocolor.png,70b_Gonn_AP_Monrepos_final_nocolor.png
1,49,353a,418a,70a,353a_Gonn_AP_Monrepos_final_nocolor.png,418a_Gonn_AP_Monrepos_final_nocolor.png,70a_Gonn_AP_Monrepos_final_nocolor.png
1,50,186b,626a,167a,186b_GG_MB_2021_MdAM_final_nocolor.png,626a_Gonn_AP_Monrepos_final_nocolor.png,167a_GG_MB_2021_MdAM_final_nocolor.png
1,51,151b,355a,70b,151b_PC_DSC00570_final_nocolor.png,355a_Gonn_AP_Monrepos_final_nocolor.png,70b_Gonn_AP_Monrepos_final_nocolor.png
1,52,307a,631a,73b,307a_Gonn_AP_Monrepos_final_nocolor.png,631a_Gonn_AP_Monrepos_final_nocolor.png,73b_Gonn_AP_Monrepos_final_nocolor.png
1,53,186a,420a,93a,186a_GG_MB_2021_MdAM_final_nocolor.png,420a_Gonn_AP_Monrepos_final_nocolor.png,93a_Gourdan_GG_MB_2021_MAN_Piette_final_nocolor.png
1,54,226a,307b,202b,226a_Aguas_Sant_Final_nocolor.png,307b_Gonn_AP_Monrepos_final_nocolor.png,202b_final_nocolor.png
1,55,484a,73b,144b,484a_Gonn_AP_Monrepos_final_nocolor.png,73b_Gonn_AP_Monrepos_final_nocolor.png,144b_L-B_MdP_final_nocolor.png
1,56,226b,420a,167a,226b_Aguas_Santander_final_nocolor.png,420a_Gonn_AP_Monrepos_final_nocolor.png,167a_GG_MB_2021_MdAM_final_nocolor.png
1,57,226a,70b,201a,226a_Aguas_Sant_Final_nocolor.png,70b_Gonn_AP_Monrepos_final_nocolor.png,201a_Peters_Graziosi 1960_final_nocolor.png
1,58,144b,418a,144a,144b_L-B_MdP_final_nocolor.png,418a_Gonn_AP_Monrepos_final_nocolor.png,144a_L-B_MdP_final_nocolor.png
1,59,241b,420a,84a,241b_Badegoule_MdP_Pr.A.png,420a_Gonn_AP_Monrepos_final_nocolor.png,84a_Gonn_AP_Monrepos_final_nocolor.png
1,60,167a,307a,202a,167a_GG_MB_2021_MdAM_final_nocolor.png,307a_Gonn_AP_Monrepos_final_nocolor.png,202a_final_nocolor.png
1,61,151b,555a,70a,151b_PC_DSC00570_final_nocolor.png,555a_Gonn_AP_Monrepos_final_nocolor.png,70a_Gonn_AP_Monrepos_final_nocolor.png
1,62,626a,73a,70b,626a_Gonn_AP_Monrepos_final_nocolor.png,73a_Gonn_AP_Monrepos_final_nocolor.png,70b_Gonn_AP_Monrepos_final_nocolor.png
1,63,151a,307a,202b,151a MdA_final_nocolor.png,307a_Gonn_AP_Monrepos_final_nocolor.png,202b_final_nocolor.png
1,64,241a,70a,484a,241a_Badegoule_MdP_Pr.A.png,70a_Gonn_AP_Monrepos_final_nocolor.png,484a_Gonn_AP_Monrepos_final_nocolor.png
1,65,431a,73a,167b,431a_Gonn_AP_Monrepos_final_nocolor.png,73a_Gonn_AP_Monrepos_final_nocolor.png,167b_GG_MB_2021_MdAM_final_nocolor.png
1,66,202b,73b,144a,202b_final_nocolor.png,73b_Gonn_AP_Monrepos_final_nocolor.png,144a_L-B_MdP_final_nocolor.png
1,67,353a,355a,144b,353a_Gonn_AP_Monrepos_final_nocolor.png,355a_Gonn_AP_Monrepos_final_nocolor.png,144b_L-B_MdP_final_nocolor.png
1,68,307a,626a,420b,307a_Gonn_AP_Monrepos_final_nocolor.png,626a_Gonn_AP_Monrepos_final_nocolor.png,420b_Gonn_AP_Monrepos_final_nocolor.png
1,69,151b,241a,552a,151b_PC_DSC00570_final_nocolor.png,241a_Badegoule_MdP_Pr.A.png,552a_Gonn_AP_Monrepos_final_nocolor.png
1,70,418a,631a,201a,418a_Gonn_AP_Monrepos_final_nocolor.png,631a_Gonn_AP_Monrepos_final_nocolor.png,201a_Peters_Graziosi 1960_final_nocolor.png
1,71,167a,93a,202b,167a_GG_MB_2021_MdAM_final_nocolor.png,93a_Gourdan_GG_MB_2021_MAN_Piette_final_nocolor.png,202b_final_nocolor.png
1,72,241a,93b,186a,241a_Badegoule_MdP_Pr.A.png,93b_Gourdan_GG_MB_2021_MAN_Piette_final_nocolor.png,186a_GG_MB_2021_MdAM_final_nocolor.png
1,73,370a,484a,201a,370a_Gonn_AP_Monrepos_final_nocolor.png,484a_Gonn_AP_Monrepos_final_nocolor.png,201a_Peters_Graziosi 1960_final_nocolor.png
1,74,202a,73a,626a,202a_final_nocolor.png,73a_Gonn_AP_Monrepos_final_nocolor.png,626a_Gonn_AP_Monrepos_final_nocolor.png
1,75,186b,93b,431a,186b_GG_MB_2021_MdAM_final_nocolor.png,93b_Gourdan_GG_MB_2021_MAN_Piette_final_nocolor.png,431a_Gonn_AP_Monrepos_final_nocolor.png
1,76,307b,93a,484a,307b_Gonn_AP_Monrepos_final_nocolor.png,93a_Gourdan_GG_MB_2021_MAN_Piette_final_nocolor.png,484a_Gonn_AP_Monrepos_final_nocolor.png
1,77,186a,241a,70b,186a_GG_MB_2021_MdAM_final_nocolor.png,241a_Badegoule_MdP_Pr.A.png,70b_Gonn_AP_Monrepos_final_nocolor.png
1,78,151a,431a,631a,151a MdA_final_nocolor.png,431a_Gonn_AP_Monrepos_final_nocolor.png,631a_Gonn_AP_Monrepos_final_nocolor.png
1,79,307b,360a,73a,307b_Gonn_AP_Monrepos_final_nocolor.png,360a_Gonn_AP_Monrepos_final_nocolor.png,73a_Gonn_AP_Monrepos_final_nocolor.png
1,80,202b,484a,167b,202b_final_nocolor.png,484a_Gonn_AP_Monrepos_final_nocolor.png,167b_GG_MB_2021_MdAM_final_nocolor.png
1,81,552a,70a,93a,552a_Gonn_AP_Monrepos_final_nocolor.png,70a_Gonn_AP_Monrepos_final_nocolor.png,93a_Gourdan_GG_MB_2021_MAN_Piette_final_nocolor.png
1,82,226b,626a,353a,226b_Aguas_Santander_final_nocolor.png,626a_Gonn_AP_Monrepos_final_nocolor.png,353a_Gonn_AP_Monrepos_final_nocolor.png
1,83,167b,631a,420b,167b_GG_MB_2021_MdAM_final_nocolor.png,631a_Gonn_AP_Monrepos_final_nocolor.png,420b_Gonn_AP_Monrepos_final_nocolor.png
1,84,186b,307a,151b,186b_GG_MB_2021_MdAM_final_nocolor.png,307a_Gonn_AP_Monrepos_final_nocolor.png,151b_PC_DSC00570_final_nocolor.png
1,85,552a,555a,84a,552a_Gonn_AP_Monrepos_final_nocolor.png,555a_Gonn_AP_Monrepos_final_nocolor.png,84a_Gonn_AP_Monrepos_final_nocolor.png
1,86,420a,70a,631a,420a_Gonn_AP_Monrepos_final_nocolor.png,70a_Gonn_AP_Monrepos_final_nocolor.png,631a_Gonn_AP_Monrepos_final_nocolor.png
1,87,151a,626a,167b,151a MdA_final_nocolor.png,626a_Gonn_AP_Monrepos_final_nocolor.png,167b_GG_MB_2021_MdAM_final_nocolor.png
1,88,226a,307a,420b,226a_Aguas_Sant_Final_nocolor.png,307a_Gonn_AP_Monrepos_final_nocolor.png,420b_Gonn_AP_Monrepos_final_nocolor.png
1,89,241b,360a,555a,241b_Badegoule_MdP_Pr.A.png,360a_Gonn_AP_Monrepos_final_nocolor.png,555a_Gonn_AP_Monrepos_final_nocolor.png
1,90,151b,202b,370a,151b_PC_DSC00570_final_nocolor.png,202b_final_nocolor.png,370a_Gonn_AP_Monrepos_final_nocolor.png
1,91,307a,552a,84a,307a_Gonn_AP_Monrepos_final_nocolor.png,552a_Gonn_AP_Monrepos_final_nocolor.png,84a_Gonn_AP_Monrepos_final_nocolor.png
1,92,144b,201a,360a,144b_L-B_MdP_final_nocolor.png,201a_Peters_Graziosi 1960_final_nocolor.png,360a_Gonn_AP_Monrepos_final_nocolor.png
1,93,226b,73a,202b,226b_Aguas_Santander_final_nocolor.png,73a_Gonn_AP_Monrepos_final_nocolor.png,202b_final_nocolor.png
1,94,186b,93a,167a,186b_GG_MB_2021_MdAM_final_nocolor.png,93a_Gourdan_GG_MB_2021_MAN_Piette_final_nocolor.png,167a_GG_MB_2021_MdAM_final_nocolor.png
1,95,226a,241b,360a,226a_Aguas_Sant_Final_nocolor.png,241b_Badegoule_MdP_Pr.A.png,360a_Gonn_AP_Monrepos_final_nocolor.png
1,96,144b,307b,151a,144b_L-B_MdP_final_nocolor.png,307b_Gonn_AP_Monrepos_final_nocolor.png,151a MdA_final_nocolor.png
1,97,186b,631a,626a,186b_GG_MB_2021_MdAM_final_nocolor.png,631a_Gonn_AP_Monrepos_final_nocolor.png,626a_Gonn_AP_Monrepos_final_nocolor.png
1,98,555a,73b,353a,555a_Gonn_AP_Monrepos_final_nocolor.png,73b_Gonn_AP_Monrepos_final_nocolor.png,353a_Gonn_AP_Monrepos_final_nocolor.png
1,99,370a,93a,167a,370a_Gonn_AP_Monrepos_final_nocolor.png,93a_Gourdan_GG_MB_2021_MAN_Piette_final_nocolor.png,167a_GG_MB_2021_MdAM_final_nocolor.png
1,100,151b,241b,186b,151b_PC_DSC00570_final_nocolor.png,241b_Badegoule_MdP_Pr.A.png,186b_GG_MB_2021_MdAM_final_nocolor.png
1,101,151a,626a,70a,151a MdA_final_nocolor.png,626a_Gonn_AP_Monrepos_final_nocolor.png,70a_Gonn_AP_Monrepos_final_nocolor.png
1,102,144a,241a,631a,144a_L-B_MdP_final_nocolor.png,241a_Badegoule_MdP_Pr.A.png,631a_Gonn_AP_Monrepos_final_nocolor.png
1,103,144b,186b,552a,144b_L-B_MdP_final_nocolor.png,186b_GG_MB_2021_MdAM_final_nocolor.png,552a_Gonn_AP_Monrepos_final_nocolor.png
1,104,370a,70a,93a,370a_Gonn_AP_Monrepos_final_nocolor.png,70a_Gonn_AP_Monrepos_final_nocolor.png,93a_Gourdan_GG_MB_2021_MAN_Piette_final_nocolor.png
1,105,186a,626a,144a,186a_GG_MB_2021_MdAM_final_nocolor.png,626a_Gonn_AP_Monrepos_final_nocolor.png,144a_L-B_MdP_final_nocolor.png
1,106,167a,360a,84a,167a_GG_MB_2021_MdAM_final_nocolor.png,360a_Gonn_AP_Monrepos_final_nocolor.png,84a_Gonn_AP_Monrepos_final_nocolor.png
1,107,202b,241a,355a,202b_final_nocolor.png,241a_Badegoule_MdP_Pr.A.png,355a_Gonn_AP_Monrepos_final_nocolor.png
1,108,144a,555a,418a,144a_L-B_MdP_final_nocolor.png,555a_Gonn_AP_Monrepos_final_nocolor.png,418a_Gonn_AP_Monrepos_final_nocolor.png
1,109,626a,70a,307b,626a_Gonn_AP_Monrepos_final_nocolor.png,70a_Gonn_AP_Monrepos_final_nocolor.png,307b_Gonn_AP_Monrepos_final_nocolor.png
1,110,307a,93b,84a,307a_Gonn_AP_Monrepos_final_nocolor.png,93b_Gourdan_GG_MB_2021_MAN_Piette_final_nocolor.png,84a_Gonn_AP_Monrepos_final_nocolor.png
1,111,202b,360a,144a,202b_final_nocolor.png,360a_Gonn_AP_Monrepos_final_nocolor.png,144a_L-B_MdP_final_nocolor.png
1,112,144b,418a,93a,144b_L-B_MdP_final_nocolor.png,418a_Gonn_AP_Monrepos_final_nocolor.png,93a_Gourdan_GG_MB_2021_MAN_Piette_final_nocolor.png
1,113,151b,186a,370a,151b_PC_DSC00570_final_nocolor.png,186a_GG_MB_2021_MdAM_final_nocolor.png,370a_Gonn_AP_Monrepos_final_nocolor.png
1,114,307a,631a,144a,307a_Gonn_AP_Monrepos_final_nocolor.png,631a_Gonn_AP_Monrepos_final_nocolor.png,144a_L-B_MdP_final_nocolor.png
1,115,202b,626a,93a,202b_final_nocolor.png,626a_Gonn_AP_Monrepos_final_nocolor.png,93a_Gourdan_GG_MB_2021_MAN_Piette_final_nocolor.png
1,116,144b,186a,202a,144b_L-B_MdP_final_nocolor.png,186a_GG_MB_2021_MdAM_final_nocolor.png,202a_final_nocolor.png
1,117,241b,552a,307a,241b_Badegoule_MdP_Pr.A.png,552a_Gonn_AP_Monrepos_final_nocolor.png,307a_Gonn_AP_Monrepos_final_nocolor.png
1,118,355a,431a,84a,355a_Gonn_AP_Monrepos_final_nocolor.png,431a_Gonn_AP_Monrepos_final_nocolor.png,84a_Gonn_AP_Monrepos_final_nocolor.png
1,119,186a,484a,167a,186a_GG_MB_2021_MdAM_final_nocolor.png,484a_Gonn_AP_Monrepos_final_nocolor.png,167a_GG_MB_2021_MdAM_final_nocolor.png
1,120,144b,307a,241b,144b_L-B_MdP_final_nocolor.png,307a_Gonn_AP_Monrepos_final_nocolor.png,241b_Badegoule_MdP_Pr.A.png
1,121,241a,420a,555a,241a_Badegoule_MdP_Pr.A.png,420a_Gonn_AP_Monrepos_final_nocolor.png,555a_Gonn_AP_Monrepos_final_nocolor.png
1,122,167a,552a,370a,167a_GG_MB_2021_MdAM_final_nocolor.png,552a_Gonn_AP_Monrepos_final_nocolor.png,370a_Gonn_AP_Monrepos_final_nocolor.png
1,123,186b,70a,307a,186b_GG_MB_2021_MdAM_final_nocolor.png,70a_Gonn_AP_Monrepos_final_nocolor.png,307a_Gonn_AP_Monrepos_final_nocolor.png
1,124,420a,420b,186a,420a_Gonn_AP_Monrepos_final_nocolor.png,420b_Gonn_AP_Monrepos_final_nocolor.png,186a_GG_MB_2021_MdAM_final_nocolor.png
1,125,167a,241a,202b,167a_GG_MB_2021_MdAM_final_nocolor.png,241a_Badegoule_MdP_Pr.A.png,202b_final_nocolor.png
1,126,307a,626a,552a,307a_Gonn_AP_Monrepos_final_nocolor.png,626a_Gonn_AP_Monrepos_final_nocolor.png,552a_Gonn_AP_Monrepos_final_nocolor.png
1,127,631a,70a,241b,631a_Gonn_AP_Monrepos_final_nocolor.png,70a_Gonn_AP_Monrepos_final_nocolor.png,241b_Badegoule_MdP_Pr.A.png
1,128,202a,360a,555a,202a_final_nocolor.png,360a_Gonn_AP_Monrepos_final_nocolor.png,555a_Gonn_AP_Monrepos_final_nocolor.png
1,129,431a,73b,420a,431a_Gonn_AP_Monrepos_final_nocolor.png,73b_Gonn_AP_Monrepos_final_nocolor.png,420a_Gonn_AP_Monrepos_final_nocolor.png
1,130,370a,631a,151b,370a_Gonn_AP_Monrepos_final_nocolor.png,631a_Gonn_AP_Monrepos_final_nocolor.png,151b_PC_DSC00570_final_nocolor.png
1,131,144a,226b,151a,144a_L-B_MdP_final_nocolor.png,226b_Aguas_Santander_final_nocolor.png,151a MdA_final_nocolor.png
1,132,307a,360a,93b,307a_Gonn_AP_Monrepos_final_nocolor.png,360a_Gonn_AP_Monrepos_final_nocolor.png,93b_Gourdan_GG_MB_2021_MAN_Piette_final_nocolor.png
1,133,626a,84a,226a,626a_Gonn_AP_Monrepos_final_nocolor.png,84a_Gonn_AP_Monrepos_final_nocolor.png,226a_Aguas_Sant_Final_nocolor.png
1,134,201a,226b,307b,201a_Peters_Graziosi 1960_final_nocolor.png,226b_Aguas_Santander_final_nocolor.png,307b_Gonn_AP_Monrepos_final_nocolor.png
1,135,241b,93b,202a,241b_Badegoule_MdP_Pr.A.png,93b_Gourdan_GG_MB_2021_MAN_Piette_final_nocolor.png,202a_final_nocolor.png
1,136,484a,93a,73a,484a_Gonn_AP_Monrepos_final_nocolor.png,93a_Gourdan_GG_MB_2021_MAN_Piette_final_nocolor.png,73a_Gonn_AP_Monrepos_final_nocolor.png
1,137,307b,70a,70b,307b_Gonn_AP_Monrepos_final_nocolor.png,70a_Gonn_AP_Monrepos_final_nocolor.png,70b_Gonn_AP_Monrepos_final_nocolor.png
1,138,151a,241b,226a,151a MdA_final_nocolor.png,241b_Badegoule_MdP_Pr.A.png,226a_Aguas_Sant_Final_nocolor.png
1,139,555a,93a,202a,555a_Gonn_AP_Monrepos_final_nocolor.png,93a_Gourdan_GG_MB_2021_MAN_Piette_final_nocolor.png,202a_final_nocolor.png
1,140,73b,84a,70b,73b_Gonn_AP_Monrepos_final_nocolor.png,84a_Gonn_AP_Monrepos_final_nocolor.png,70b_Gonn_AP_Monrepos_final_nocolor.png
1,141,151b,484a,186a,151b_PC_DSC00570_final_nocolor.png,484a_Gonn_AP_Monrepos_final_nocolor.png,186a_GG_MB_2021_MdAM_final_nocolor.png
1,142,418a,420b,202b,418a_Gonn_AP_Monrepos_final_nocolor.png,420b_Gonn_AP_Monrepos_final_nocolor.png,202b_final_nocolor.png
1,143,144b,93b,353a,144b_L-B_MdP_final_nocolor.png,93b_Gourdan_GG_MB_2021_MAN_Piette_final_nocolor.png,353a_Gonn_AP_Monrepos_final_nocolor.png
1,144,144a,151b,626a,144a_L-B_MdP_final_nocolor.png,151b_PC_DSC00570_final_nocolor.png,626a_Gonn_AP_Monrepos_final_nocolor.png
1,145,226a,484a,418a,226a_Aguas_Sant_Final_nocolor.png,484a_Gonn_AP_Monrepos_final_nocolor.png,418a_Gonn_AP_Monrepos_final_nocolor.png
1,146,144b,167b,70b,144b_L-B_MdP_final_nocolor.png,167b_GG_MB_2021_MdAM_final_nocolor.png,70b_Gonn_AP_Monrepos_final_nocolor.png
1,147,151b,186a,420b,151b_PC_DSC00570_final_nocolor.png,186a_GG_MB_2021_MdAM_final_nocolor.png,420b_Gonn_AP_Monrepos_final_nocolor.png
1,148,226a,93b,167a,226a_Aguas_Sant_Final_nocolor.png,93b_Gourdan_GG_MB_2021_MAN_Piette_final_nocolor.png,167a_GG_MB_2021_MdAM_final_nocolor.png
1,149,151a,555a,201a,151a MdA_final_nocolor.png,555a_Gonn_AP_Monrepos_final_nocolor.png,201a_Peters_Graziosi 1960_final_nocolor.png
1,150,355a,484a,202b,355a_Gonn_AP_Monrepos_final_nocolor.png,484a_Gonn_AP_Monrepos_final_nocolor.png,202b_final_nocolor.png
1,151,167a,93a,73b,167a_GG_MB_2021_MdAM_final_nocolor.png,93a_Gourdan_GG_MB_2021_MAN_Piette_final_nocolor.png,73b_Gonn_AP_Monrepos_final_nocolor.png
1,152,144b,420a,167b,144b_L-B_MdP_final_nocolor.png,420a_Gonn_AP_Monrepos_final_nocolor.png,167b_GG_MB_2021_MdAM_final_nocolor.png
1,153,202a,84a,353a,202a_final_nocolor.png,84a_Gonn_AP_Monrepos_final_nocolor.png,353a_Gonn_AP_Monrepos_final_nocolor.png
1,154,226a,626a,73b,226a_Aguas_Sant_Final_nocolor.png,626a_Gonn_AP_Monrepos_final_nocolor.png,73b_Gonn_AP_Monrepos_final_nocolor.png
1,155,307a,73a,167b,307a_Gonn_AP_Monrepos_final_nocolor.png,73a_Gonn_AP_Monrepos_final_nocolor.png,167b_GG_MB_2021_MdAM_final_nocolor.png
1,156,144a,353a,144b,144a_L-B_MdP_final_nocolor.png,353a_Gonn_AP_Monrepos_final_nocolor.png,144b_L-B_MdP_final_nocolor.png
1,157,241a,552a,93a,241a_Badegoule_MdP_Pr.A.png,552a_Gonn_AP_Monrepos_final_nocolor.png,93a_Gourdan_GG_MB_2021_MAN_Piette_final_nocolor.png
1,158,202b,226b,167b,202b_final_nocolor.png,226b_Aguas_Santander_final_nocolor.png,167b_GG_MB_2021_MdAM_final_nocolor.png
1,159,631a,93b,626a,631a_Gonn_AP_Monrepos_final_nocolor.png,93b_Gourdan_GG_MB_2021_MAN_Piette_final_nocolor.png,626a_Gonn_AP_Monrepos_final_nocolor.png
1,160,70b,84a,151b,70b_Gonn_AP_Monrepos_final_nocolor.png,84a_Gonn_AP_Monrepos_final_nocolor.png,151b_PC_DSC00570_final_nocolor.png
1,161,226a,226b,241b,226a_Aguas_Sant_Final_nocolor.png,226b_Aguas_Santander_final_nocolor.png,241b_Badegoule_MdP_Pr.A.png
1,162,167a,93b,307b,167a_GG_MB_2021_MdAM_final_nocolor.png,93b_Gourdan_GG_MB_2021_MAN_Piette_final_nocolor.png,307b_Gonn_AP_Monrepos_final_nocolor.png
1,163,370a,70b,167b,370a_Gonn_AP_Monrepos_final_nocolor.png,70b_Gonn_AP_Monrepos_final_nocolor.png,167b_GG_MB_2021_MdAM_final_nocolor.png
1,164,307a,355a,626a,307a_Gonn_AP_Monrepos_final_nocolor.png,355a_Gonn_AP_Monrepos_final_nocolor.png,626a_Gonn_AP_Monrepos_final_nocolor.png
1,165,360a,73b,431a,360a_Gonn_AP_Monrepos_final_nocolor.png,73b_Gonn_AP_Monrepos_final_nocolor.png,431a_Gonn_AP_Monrepos_final_nocolor.png
1,166,202b,70b,552a,202b_final_nocolor.png,70b_Gonn_AP_Monrepos_final_nocolor.png,552a_Gonn_AP_Monrepos_final_nocolor.png
1,167,144b,370a,241b,144b_L-B_MdP_final_nocolor.png,370a_Gonn_AP_Monrepos_final_nocolor.png,241b_Badegoule_MdP_Pr.A.png
1,168,307a,418a,353a,307a_Gonn_AP_Monrepos_final_nocolor.png,418a_Gonn_AP_Monrepos_final_nocolor.png,353a_Gonn_AP_Monrepos_final_nocolor.png
1,169,202a,420a,186a,202a_final_nocolor.png,420a_Gonn_AP_Monrepos_final_nocolor.png,186a_GG_MB_2021_MdAM_final_nocolor.png
1,170,73b,84a,370a,73b_Gonn_AP_Monrepos_final_nocolor.png,84a_Gonn_AP_Monrepos_final_nocolor.png,370a_Gonn_AP_Monrepos_final_nocolor.png
1,171,631a,73a,552a,631a_Gonn_AP_Monrepos_final_nocolor.png,73a_Gonn_AP_Monrepos_final_nocolor.png,552a_Gonn_AP_Monrepos_final_nocolor.png
1,172,420a,420b,202b,420a_Gonn_AP_Monrepos_final_nocolor.png,420b_Gonn_AP_Monrepos_final_nocolor.png,202b_final_nocolor.png
1,173,626a,73b,144b,626a_Gonn_AP_Monrepos_final_nocolor.png,73b_Gonn_AP_Monrepos_final_nocolor.png,144b_L-B_MdP_final_nocolor.png
1,174,201a,552a,151a,201a_Peters_Graziosi 1960_final_nocolor.png,552a_Gonn_AP_Monrepos_final_nocolor.png,151a MdA_final_nocolor.png
1,175,202a,431a,241b,202a_final_nocolor.png,431a_Gonn_AP_Monrepos_final_nocolor.png,241b_Badegoule_MdP_Pr.A.png
1,176,186b,226a,355a,186b_GG_MB_2021_MdAM_final_nocolor.png,226a_Aguas_Sant_Final_nocolor.png,355a_Gonn_AP_Monrepos_final_nocolor.png
1,177,70b,93a,552a,70b_Gonn_AP_Monrepos_final_nocolor.png,93a_Gourdan_GG_MB_2021_MAN_Piette_final_nocolor.png,552a_Gonn_AP_Monrepos_final_nocolor.png
1,178,631a,73a,420a,631a_Gonn_AP_Monrepos_final_nocolor.png,73a_Gonn_AP_Monrepos_final_nocolor.png,420a_Gonn_AP_Monrepos_final_nocolor.png
1,179,167a,626a,202a,167a_GG_MB_2021_MdAM_final_nocolor.png,626a_Gonn_AP_Monrepos_final_nocolor.png,202a_final_nocolor.png
1,180,202b,418a,226b,202b_final_nocolor.png,418a_Gonn_AP_Monrepos_final_nocolor.png,226b_Aguas_Santander_final_nocolor.png
1,181,420a,552a,241a,420a_Gonn_AP_Monrepos_final_nocolor.png,552a_Gonn_AP_Monrepos_final_nocolor.png,241a_Badegoule_MdP_Pr.A.png
1,182,167b,226a,70b,167b_GG_MB_2021_MdAM_final_nocolor.png,226a_Aguas_Sant_Final_nocolor.png,70b_Gonn_AP_Monrepos_final_nocolor.png
1,183,151b,626a,144a,151b_PC_DSC00570_final_nocolor.png,626a_Gonn_AP_Monrepos_final_nocolor.png,144a_L-B_MdP_final_nocolor.png
1,184,241a,360a,484a,241a_Badegoule_MdP_Pr.A.png,360a_Gonn_AP_Monrepos_final_nocolor.png,484a_Gonn_AP_Monrepos_final_nocolor.png
1,185,226b,418a,70b,226b_Aguas_Santander_final_nocolor.png,418a_Gonn_AP_Monrepos_final_nocolor.png,70b_Gonn_AP_Monrepos_final_nocolor.png
1,186,151b,202a,631a,151b_PC_DSC00570_final_nocolor.png,202a_final_nocolor.png,631a_Gonn_AP_Monrepos_final_nocolor.png
1,187,144b,241a,201a,144b_L-B_MdP_final_nocolor.png,241a_Badegoule_MdP_Pr.A.png,201a_Peters_Graziosi 1960_final_nocolor.png
1,188,144a,418a,186b,144a_L-B_MdP_final_nocolor.png,418a_Gonn_AP_Monrepos_final_nocolor.png,186b_GG_MB_2021_MdAM_final_nocolor.png
1,189,151a,167b,353a,151a MdA_final_nocolor.png,167b_GG_MB_2021_MdAM_final_nocolor.png,353a_Gonn_AP_Monrepos_final_nocolor.png
1,190,241b,484a,201a,241b_Badegoule_MdP_Pr.A.png,484a_Gonn_AP_Monrepos_final_nocolor.png,201a_Peters_Graziosi 1960_final_nocolor.png
1,191,418a,73b,186b,418a_Gonn_AP_Monrepos_final_nocolor.png,73b_Gonn_AP_Monrepos_final_nocolor.png,186b_GG_MB_2021_MdAM_final_nocolor.png
1,192,420a,93a,226a,420a_Gonn_AP_Monrepos_final_nocolor.png,93a_Gourdan_GG_MB_2021_MAN_Piette_final_nocolor.png,226a_Aguas_Sant_Final_nocolor.png
1,193,241b,555a,167b,241b_Badegoule_MdP_Pr.A.png,555a_Gonn_AP_Monrepos_final_nocolor.png,167b_GG_MB_2021_MdAM_final_nocolor.png
1,194,370a,431a,484a,370a_Gonn_AP_Monrepos_final_nocolor.png,431a_Gonn_AP_Monrepos_final_nocolor.png,484a_Gonn_AP_Monrepos_final_nocolor.png
1,195,144b,241a,307b,144b_L-B_MdP_final_nocolor.png,241a_Badegoule_MdP_Pr.A.png,307b_Gonn_AP_Monrepos_final_nocolor.png
1,196,167a,241b,186b,167a_GG_MB_2021_MdAM_final_nocolor.png,241b_Badegoule_MdP_Pr.A.png,186b_GG_MB_2021_MdAM_final_nocolor.png
1,197,370a,73b,552a,370a_Gonn_AP_Monrepos_final_nocolor.png,73b_Gonn_AP_Monrepos_final_nocolor.png,552a_Gonn_AP_Monrepos_final_nocolor.png
1,198,226b,418a,93a,226b_Aguas_Santander_final_nocolor.png,418a_Gonn_AP_Monrepos_final_nocolor.png,93a_Gourdan_GG_MB_2021_MAN_Piette_final_nocolor.png
1,199,151b,73a,555a,151b_PC_DSC00570_final_nocolor.png,73a_Gonn_AP_Monrepos_final_nocolor.png,555a_Gonn_AP_Monrepos_final_nocolor.png
1,200,353a,431a,370a,353a_Gonn_AP_Monrepos_final_nocolor.png,431a_Gonn_AP_Monrepos_final_nocolor.png,370a_Gonn_AP_Monrepos_final_nocolor.png
1,201,144a,355a,307b,144a_L-B_MdP_final_nocolor.png,355a_Gonn_AP_Monrepos_final_nocolor.png,307b_Gonn_AP_Monrepos_final_nocolor.png
1,202,151b,202a,167b,151b_PC_DSC00570_final_nocolor.png,202a_final_nocolor.png,167b_GG_MB_2021_MdAM_final_nocolor.png
1,203,201a,370a,353a,201a_Peters_Graziosi 1960_final_nocolor.png,370a_Gonn_AP_Monrepos_final_nocolor.png,353a_Gonn_AP_Monrepos_final_nocolor.png
1,204,420b,431a,167a,420b_Gonn_AP_Monrepos_final_nocolor.png,431a_Gonn_AP_Monrepos_final_nocolor.png,167a_GG_MB_2021_MdAM_final_nocolor.png
1,205,241a,93b,226b,241a_Badegoule_MdP_Pr.A.png,93b_Gourdan_GG_MB_2021_MAN_Piette_final_nocolor.png,226b_Aguas_Santander_final_nocolor.png
1,206,144a,201a,226a,144a_L-B_MdP_final_nocolor.png,201a_Peters_Graziosi 1960_final_nocolor.png,226a_Aguas_Sant_Final_nocolor.png
1,207,431a,626a,370a,431a_Gonn_AP_Monrepos_final_nocolor.png,626a_Gonn_AP_Monrepos_final_nocolor.png,370a_Gonn_AP_Monrepos_final_nocolor.png
1,208,420b,70a,353a,420b_Gonn_AP_Monrepos_final_nocolor.png,70a_Gonn_AP_Monrepos_final_nocolor.png,353a_Gonn_AP_Monrepos_final_nocolor.png
1,209,201a,70b,151b,201a_Peters_Graziosi 1960_final_nocolor.png,70b_Gonn_AP_Monrepos_final_nocolor.png,151b_PC_DSC00570_final_nocolor.png
1,210,144b,73a,626a,144b_L-B_MdP_final_nocolor.png,73a_Gonn_AP_Monrepos_final_nocolor.png,626a_Gonn_AP_Monrepos_final_nocolor.png
1,211,418a,93a,552a,418a_Gonn_AP_Monrepos_final_nocolor.png,93a_Gourdan_GG_MB_2021_MAN_Piette_final_nocolor.png,552a_Gonn_AP_Monrepos_final_nocolor.png
1,212,420a,84a,202b,420a_Gonn_AP_Monrepos_final_nocolor.png,84a_Gonn_AP_Monrepos_final_nocolor.png,202b_final_nocolor.png
1,213,202a,307a,420b,202a_final_nocolor.png,307a_Gonn_AP_Monrepos_final_nocolor.png,420b_Gonn_AP_Monrepos_final_nocolor.png
1,214,370a,73a,355a,370a_Gonn_AP_Monrepos_final_nocolor.png,73a_Gonn_AP_Monrepos_final_nocolor.png,355a_Gonn_AP_Monrepos_final_nocolor.png
1,215,626a,70a,73b,626a_Gonn_AP_Monrepos_final_nocolor.png,70a_Gonn_AP_Monrepos_final_nocolor.png,73b_Gonn_AP_Monrepos_final_nocolor.png
1,216,226b,555a,202a,226b_Aguas_Santander_final_nocolor.png,555a_Gonn_AP_Monrepos_final_nocolor.png,202a_final_nocolor.png
1,217,144a,186b,151b,144a_L-B_MdP_final_nocolor.png,186b_GG_MB_2021_MdAM_final_nocolor.png,151b_PC_DSC00570_final_nocolor.png
1,218,167a,431a,73b,167a_GG_MB_2021_MdAM_final_nocolor.png,431a_Gonn_AP_Monrepos_final_nocolor.png,73b_Gonn_AP_Monrepos_final_nocolor.png
1,219,202a,420b,84a,202a_final_nocolor.png,420b_Gonn_AP_Monrepos_final_nocolor.png,84a_Gonn_AP_Monrepos_final_nocolor.png
1,220,201a,70a,552a,201a_Peters_Graziosi 1960_final_nocolor.png,70a_Gonn_AP_Monrepos_final_nocolor.png,552a_Gonn_AP_Monrepos_final_nocolor.png
1,221,151b,555a,431a,151b_PC_DSC00570_final_nocolor.png,555a_Gonn_AP_Monrepos_final_nocolor.png,431a_Gonn_AP_Monrepos_final_nocolor.png
1,222,202a,307b,73b,202a_final_nocolor.png,307b_Gonn_AP_Monrepos_final_nocolor.png,73b_Gonn_AP_Monrepos_final_nocolor.png
1,223,353a,552a,202b,353a_Gonn_AP_Monrepos_final_nocolor.png,552a_Gonn_AP_Monrepos_final_nocolor.png,202b_final_nocolor.png
1,224,370a,626a,151b,370a_Gonn_AP_Monrepos_final_nocolor.png,626a_Gonn_AP_Monrepos_final_nocolor.png,151b_PC_DSC00570_final_nocolor.png
1,225,241b,73b,93b,241b_Badegoule_MdP_Pr.A.png,73b_Gonn_AP_Monrepos_final_nocolor.png,93b_Gourdan_GG_MB_2021_MAN_Piette_final_nocolor.png
1,226,167b,360a,631a,167b_GG_MB_2021_MdAM_final_nocolor.png,360a_Gonn_AP_Monrepos_final_nocolor.png,631a_Gonn_AP_Monrepos_final_nocolor.png
1,227,186b,626a,151b,186b_GG_MB_2021_MdAM_final_nocolor.png,626a_Gonn_AP_Monrepos_final_nocolor.png,151b_PC_DSC00570_final_nocolor.png
1,228,70a,93b,93a,70a_Gonn_AP_Monrepos_final_nocolor.png,93b_Gourdan_GG_MB_2021_MAN_Piette_final_nocolor.png,93a_Gourdan_GG_MB_2021_MAN_Piette_final_nocolor.png
1,229,167a,555a,73b,167a_GG_MB_2021_MdAM_final_nocolor.png,555a_Gonn_AP_Monrepos_final_nocolor.png,73b_Gonn_AP_Monrepos_final_nocolor.png
1,230,144b,186a,355a,144b_L-B_MdP_final_nocolor.png,186a_GG_MB_2021_MdAM_final_nocolor.png,355a_Gonn_AP_Monrepos_final_nocolor.png
1,231,201a,70b,307b,201a_Peters_Graziosi 1960_final_nocolor.png,70b_Gonn_AP_Monrepos_final_nocolor.png,307b_Gonn_AP_Monrepos_final_nocolor.png
1,232,202b,431a,360a,202b_final_nocolor.png,431a_Gonn_AP_Monrepos_final_nocolor.png,360a_Gonn_AP_Monrepos_final_nocolor.png
1,233,355a,626a,307a,355a_Gonn_AP_Monrepos_final_nocolor.png,626a_Gonn_AP_Monrepos_final_nocolor.png,307a_Gonn_AP_Monrepos_final_nocolor.png
1,234,241a,555a,201a,241a_Badegoule_MdP_Pr.A.png,555a_Gonn_AP_Monrepos_final_nocolor.png,201a_Peters_Graziosi 1960_final_nocolor.png
1,235,144b,70b,167a,144b_L-B_MdP_final_nocolor.png,70b_Gonn_AP_Monrepos_final_nocolor.png,167a_GG_MB_2021_MdAM_final_nocolor.png
1,236,370a,84a,70a,370a_Gonn_AP_Monrepos_final_nocolor.png,84a_Gonn_AP_Monrepos_final_nocolor.png,70a_Gonn_AP_Monrepos_final_nocolor.png
1,237,186b,241b,626a,186b_GG_MB_2021_MdAM_final_nocolor.png,241b_Badegoule_MdP_Pr.A.png,626a_Gonn_AP_Monrepos_final_nocolor.png
1,238,167b,73a,144b,167b_GG_MB_2021_MdAM_final_nocolor.png,73a_Gonn_AP_Monrepos_final_nocolor.png,144b_L-B_MdP_final_nocolor.png
1,239,186a,93b,167a,186a_GG_MB_2021_MdAM_final_nocolor.png,93b_Gourdan_GG_MB_2021_MAN_Piette_final_nocolor.png,167a_GG_MB_2021_MdAM_final_nocolor.png
1,240,241b,370a,353a,241b_Badegoule_MdP_Pr.A.png,370a_Gonn_AP_Monrepos_final_nocolor.png,353a_Gonn_AP_Monrepos_final_nocolor.png
1,241,631a,70b,360a,631a_Gonn_AP_Monrepos_final_nocolor.png,70b_Gonn_AP_Monrepos_final_nocolor.png,360a_Gonn_AP_Monrepos_final_nocolor.png
1,242,151a,93b,226b,151a MdA_final_nocolor.png,93b_Gourdan_GG_MB_2021_MAN_Piette_final_nocolor.png,226b_Aguas_Santander_final_nocolor.png
1,243,144a,201a,144b,144a_L-B_MdP_final_nocolor.png,201a_Peters_Graziosi 1960_final_nocolor.png,144b_L-B_MdP_final_nocolor.png
1,244,552a,631a,202b,552a_Gonn_AP_Monrepos_final_nocolor.png,631a_Gonn_AP_Monrepos_final_nocolor.png,202b_final_nocolor.png
1,245,355a,93b,167a,355a_Gonn_AP_Monrepos_final_nocolor.png,93b_Gourdan_GG_MB_2021_MAN_Piette_final_nocolor.png,167a_GG_MB_2021_MdAM_final_nocolor.png
1,246,420a,84a,241b,420a_Gonn_AP_Monrepos_final_nocolor.png,84a_Gonn_AP_Monrepos_final_nocolor.png,241b_Badegoule_MdP_Pr.A.png
1,247,353a,555a,70b,353a_Gonn_AP_Monrepos_final_nocolor.png,555a_Gonn_AP_Monrepos_final_nocolor.png,70b_Gonn_AP_Monrepos_final_nocolor.png
1,248,144b,484a,360a,144b_L-B_MdP_final_nocolor.png,484a_Gonn_AP_Monrepos_final_nocolor.png,360a_Gonn_AP_Monrepos_final_nocolor.png
1,249,167b,626a,355a,167b_GG_MB_2021_MdAM_final_nocolor.png,626a_Gonn_AP_Monrepos_final_nocolor.png,355a_Gonn_AP_Monrepos_final_nocolor.png
1,250,202a,353a,73b,202a_final_nocolor.png,353a_Gonn_AP_Monrepos_final_nocolor.png,73b_Gonn_AP_Monrepos_final_nocolor.png
1,251,144b,201a,70b,144b_L-B_MdP_final_nocolor.png,201a_Peters_Graziosi 1960_final_nocolor.png,70b_Gonn_AP_Monrepos_final_nocolor.png
1,252,151b,626a,555a,151b_PC_DSC00570_final_nocolor.png,626a_Gonn_AP_Monrepos_final_nocolor.png,555a_Gonn_AP_Monrepos_final_nocolor.png
1,253,241b,307a,370a,241b_Badegoule_MdP_Pr.A.png,307a_Gonn_AP_Monrepos_final_nocolor.png,370a_Gonn_AP_Monrepos_final_nocolor.png
1,254,552a,73b,70b,552a_Gonn_AP_Monrepos_final_nocolor.png,73b_Gonn_AP_Monrepos_final_nocolor.png,70b_Gonn_AP_Monrepos_final_nocolor.png
1,255,360a,626a,353a,360a_Gonn_AP_Monrepos_final_nocolor.png,626a_Gonn_AP_Monrepos_final_nocolor.png,353a_Gonn_AP_Monrepos_final_nocolor.png
1,256,202b,226a,93a,202b_final_nocolor.png,226a_Aguas_Sant_Final_nocolor.png,93a_Gourdan_GG_MB_2021_MAN_Piette_final_nocolor.png
1,257,186b,431a,631a,186b_GG_MB_2021_MdAM_final_nocolor.png,431a_Gonn_AP_Monrepos_final_nocolor.png,631a_Gonn_AP_Monrepos_final_nocolor.png
1,258,201a,484a,353a,201a_Peters_Graziosi 1960_final_nocolor.png,484a_Gonn_AP_Monrepos_final_nocolor.png,353a_Gonn_AP_Monrepos_final_nocolor.png
1,259,167b,307a,370a,167b_GG_MB_2021_MdAM_final_nocolor.png,307a_Gonn_AP_Monrepos_final_nocolor.png,370a_Gonn_AP_Monrepos_final_nocolor.png
1,260,151a,93a,70b,151a MdA_final_nocolor.png,93a_Gourdan_GG_MB_2021_MAN_Piette_final_nocolor.png,70b_Gonn_AP_Monrepos_final_nocolor.png
1,261,307b,360a,202a,307b_Gonn_AP_Monrepos_final_nocolor.png,360a_Gonn_AP_Monrepos_final_nocolor.png,202a_final_nocolor.png
1,262,355a,484a,552a,355a_Gonn_AP_Monrepos_final_nocolor.png,484a_Gonn_AP_Monrepos_final_nocolor.png,552a_Gonn_AP_Monrepos_final_nocolor.png
1,263,151b,420b,167b,151b_PC_DSC00570_final_nocolor.png,420b_Gonn_AP_Monrepos_final_nocolor.png,167b_GG_MB_2021_MdAM_final_nocolor.png
1,264,144a,202b,202a,144a_L-B_MdP_final_nocolor.png,202b_final_nocolor.png,202a_final_nocolor.png
1,265,226a,420a,418a,226a_Aguas_Sant_Final_nocolor.png,420a_Gonn_AP_Monrepos_final_nocolor.png,418a_Gonn_AP_Monrepos_final_nocolor.png
1,266,201a,626a,420b,201a_Peters_Graziosi 1960_final_nocolor.png,626a_Gonn_AP_Monrepos_final_nocolor.png,420b_Gonn_AP_Monrepos_final_nocolor.png
1,267,202a,307a,484a,202a_final_nocolor.png,307a_Gonn_AP_Monrepos_final_nocolor.png,484a_Gonn_AP_Monrepos_final_nocolor.png
1,268,420a,552a,418a,420a_Gonn_AP_Monrepos_final_nocolor.png,552a_Gonn_AP_Monrepos_final_nocolor.png,418a_Gonn_AP_Monrepos_final_nocolor.png
1,269,167b,226b,144a,167b_GG_MB_2021_MdAM_final_nocolor.png,226b_Aguas_Santander_final_nocolor.png,144a_L-B_MdP_final_nocolor.png
1,270,186a,73b,70b,186a_GG_MB_2021_MdAM_final_nocolor.png,73b_Gonn_AP_Monrepos_final_nocolor.png,70b_Gonn_AP_Monrepos_final_nocolor.png
1,271,418a,93b,241a,418a_Gonn_AP_Monrepos_final_nocolor.png,93b_Gourdan_GG_MB_2021_MAN_Piette_final_nocolor.png,241a_Badegoule_MdP_Pr.A.png
1,272,144a,202a,151b,144a_L-B_MdP_final_nocolor.png,202a_final_nocolor.png,151b_PC_DSC00570_final_nocolor.png
1,273,226a,226b,431a,226a_Aguas_Sant_Final_nocolor.png,226b_Aguas_Santander_final_nocolor.png,431a_Gonn_AP_Monrepos_final_nocolor.png
1,274,418a,552a,370a,418a_Gonn_AP_Monrepos_final_nocolor.png,552a_Gonn_AP_Monrepos_final_nocolor.png,370a_Gonn_AP_Monrepos_final_nocolor.png
1,275,73a,73b,186a,73a_Gonn_AP_Monrepos_final_nocolor.png,73b_Gonn_AP_Monrepos_final_nocolor.png,186a_GG_MB_2021_MdAM_final_nocolor.png
1,276,167b,420a,151b,167b_GG_MB_2021_MdAM_final_nocolor.png,420a_Gonn_AP_Monrepos_final_nocolor.png,151b_PC_DSC00570_final_nocolor.png
1,277,484a,552a,144a,484a_Gonn_AP_Monrepos_final_nocolor.png,552a_Gonn_AP_Monrepos_final_nocolor.png,144a_L-B_MdP_final_nocolor.png
1,278,370a,631a,201a,370a_Gonn_AP_Monrepos_final_nocolor.png,631a_Gonn_AP_Monrepos_final_nocolor.png,201a_Peters_Graziosi 1960_final_nocolor.png
1,279,70a,73b,626a,70a_Gonn_AP_Monrepos_final_nocolor.png,73b_Gonn_AP_Monrepos_final_nocolor.png,626a_Gonn_AP_Monrepos_final_nocolor.png
1,280,241b,552a,73a,241b_Badegoule_MdP_Pr.A.png,552a_Gonn_AP_Monrepos_final_nocolor.png,73a_Gonn_AP_Monrepos_final_nocolor.png
1,281,418a,631a,360a,418a_Gonn_AP_Monrepos_final_nocolor.png,631a_Gonn_AP_Monrepos_final_nocolor.png,360a_Gonn_AP_Monrepos_final_nocolor.png
1,282,144a,355a,73b,144a_L-B_MdP_final_nocolor.png,355a_Gonn_AP_Monrepos_final_nocolor.png,73b_Gonn_AP_Monrepos_final_nocolor.png
1,283,186a,93b,201a,186a_GG_MB_2021_MdAM_final_nocolor.png,93b_Gourdan_GG_MB_2021_MAN_Piette_final_nocolor.png,201a_Peters_Graziosi 1960_final_nocolor.png
1,284,167a,631a,93a,167a_GG_MB_2021_MdAM_final_nocolor.png,631a_Gonn_AP_Monrepos_final_nocolor.png,93a_Gourdan_GG_MB_2021_MAN_Piette_final_nocolor.png
1,285,241b,355a,84a,241b_Badegoule_MdP_Pr.A.png,355a_Gonn_AP_Monrepos_final_nocolor.png,84a_Gonn_AP_Monrepos_final_nocolor.png
1,286,201a,626a,186a,201a_Peters_Graziosi 1960_final_nocolor.png,626a_Gonn_AP_Monrepos_final_nocolor.png,186a_GG_MB_2021_MdAM_final_nocolor.png
1,287,431a,552a,241a,431a_Gonn_AP_Monrepos_final_nocolor.png,552a_Gonn_AP_Monrepos_final_nocolor.png,241a_Badegoule_MdP_Pr.A.png
1,288,226a,73a,151a,226a_Aguas_Sant_Final_nocolor.png,73a_Gonn_AP_Monrepos_final_nocolor.png,151a MdA_final_nocolor.png
1,289,186a,307a,151b,186a_GG_MB_2021_MdAM_final_nocolor.png,307a_Gonn_AP_Monrepos_final_nocolor.png,151b_PC_DSC00570_final_nocolor.png
1,290,202a,307b,552a,202a_final_nocolor.png,307b_Gonn_AP_Monrepos_final_nocolor.png,552a_Gonn_AP_Monrepos_final_nocolor.png
1,291,151a,70a,167b,151a MdA_final_nocolor.png,70a_Gonn_AP_Monrepos_final_nocolor.png,167b_GG_MB_2021_MdAM_final_nocolor.png
1,292,186a,93b,555a,186a_GG_MB_2021_MdAM_final_nocolor.png,93b_Gourdan_GG_MB_2021_MAN_Piette_final_nocolor.png,555a_Gonn_AP_Monrepos_final_nocolor.png
1,293,201a,420a,307a,201a_Peters_Graziosi 1960_final_nocolor.png,420a_Gonn_AP_Monrepos_final_nocolor.png,307a_Gonn_AP_Monrepos_final_nocolor.png
1,294,431a,73b,144b,431a_Gonn_AP_Monrepos_final_nocolor.png,73b_Gonn_AP_Monrepos_final_nocolor.png,144b_L-B_MdP_final_nocolor.png
1,295,151a,93b,186a,151a MdA_final_nocolor.png,93b_Gourdan_GG_MB_2021_MAN_Piette_final_nocolor.png,186a_GG_MB_2021_MdAM_final_nocolor.png
1,296,202b,241a,360a,202b_final_nocolor.png,241a_Badegoule_MdP_Pr.A.png,360a_Gonn_AP_Monrepos_final_nocolor.png
1,297,241b,420a,353a,241b_Badegoule_MdP_Pr.A.png,420a_Gonn_AP_Monrepos_final_nocolor.png,353a_Gonn_AP_Monrepos_final_nocolor.png
1,298,144a,167b,70a,144a_L-B_MdP_final_nocolor.png,167b_GG_MB_2021_MdAM_final_nocolor.png,70a_Gonn_AP_Monrepos_final_nocolor.png
1,299,241a,370a,151a,241a_Badegoule_MdP_Pr.A.png,370a_Gonn_AP_Monrepos_final_nocolor.png,151a MdA_final_nocolor.png
1,300,201a,202b,431a,201a_Peters_Graziosi 1960_final_nocolor.png,202b_final_nocolor.png,431a_Gonn_AP_Monrepos_final_nocolor.png
1,301,70a,84a,360a,70a_Gonn_AP_Monrepos_final_nocolor.png,84a_Gonn_AP_Monrepos_final_nocolor.png,360a_Gonn_AP_Monrepos_final_nocolor.png
1,302,631a,93b,355a,631a_Gonn_AP_Monrepos_final_nocolor.png,93b_Gourdan_GG_MB_2021_MAN_Piette_final_nocolor.png,355a_Gonn_AP_Monrepos_final_nocolor.png
1,303,202a,420a,73b,202a_final_nocolor.png,420a_Gonn_AP_Monrepos_final_nocolor.png,73b_Gonn_AP_Monrepos_final_nocolor.png
1,304,307b,70a,241a,307b_Gonn_AP_Monrepos_final_nocolor.png,70a_Gonn_AP_Monrepos_final_nocolor.png,241a_Badegoule_MdP_Pr.A.png
1,305,552a,555a,360a,552a_Gonn_AP_Monrepos_final_nocolor.png,555a_Gonn_AP_Monrepos_final_nocolor.png,360a_Gonn_AP_Monrepos_final_nocolor.png
1,306,186b,484a,144b,186b_GG_MB_2021_MdAM_final_nocolor.png,484a_Gonn_AP_Monrepos_final_nocolor.png,144b_L-B_MdP_final_nocolor.png
1,307,151a,307b,353a,151a MdA_final_nocolor.png,307b_Gonn_AP_Monrepos_final_nocolor.png,353a_Gonn_AP_Monrepos_final_nocolor.png
1,308,355a,555a,420a,355a_Gonn_AP_Monrepos_final_nocolor.png,555a_Gonn_AP_Monrepos_final_nocolor.png,420a_Gonn_AP_Monrepos_final_nocolor.png
1,309,226b,93a,202a,226b_Aguas_Santander_final_nocolor.png,93a_Gourdan_GG_MB_2021_MAN_Piette_final_nocolor.png,202a_final_nocolor.png
1,310,307b,420b,418a,307b_Gonn_AP_Monrepos_final_nocolor.png,420b_Gonn_AP_Monrepos_final_nocolor.png,418a_Gonn_AP_Monrepos_final_nocolor.png
1,311,144a,167a,70a,144a_L-B_MdP_final_nocolor.png,167a_GG_MB_2021_MdAM_final_nocolor.png,70a_Gonn_AP_Monrepos_final_nocolor.png
1,312,226b,73b,355a,226b_Aguas_Santander_final_nocolor.png,73b_Gonn_AP_Monrepos_final_nocolor.png,355a_Gonn_AP_Monrepos_final_nocolor.png
1,313,307b,93a,307a,307b_Gonn_AP_Monrepos_final_nocolor.png,93a_Gourdan_GG_MB_2021_MAN_Piette_final_nocolor.png,307a_Gonn_AP_Monrepos_final_nocolor.png
1,314,144b,93b,151b,144b_L-B_MdP_final_nocolor.png,93b_Gourdan_GG_MB_2021_MAN_Piette_final_nocolor.png,151b_PC_DSC00570_final_nocolor.png
1,315,420b,484a,167a,420b_Gonn_AP_Monrepos_final_nocolor.png,484a_Gonn_AP_Monrepos_final_nocolor.png,167a_GG_MB_2021_MdAM_final_nocolor.png
1,316,144a,93a,151a,144a_L-B_MdP_final_nocolor.png,93a_Gourdan_GG_MB_2021_MAN_Piette_final_nocolor.png,151a MdA_final_nocolor.png
1,317,144b,626a,418a,144b_L-B_MdP_final_nocolor.png,626a_Gonn_AP_Monrepos_final_nocolor.png,418a_Gonn_AP_Monrepos_final_nocolor.png
1,318,201a,202b,555a,201a_Peters_Graziosi 1960_final_nocolor.png,202b_final_nocolor.png,555a_Gonn_AP_Monrepos_final_nocolor.png
1,319,241b,552a,144a,241b_Badegoule_MdP_Pr.A.png,552a_Gonn_AP_Monrepos_final_nocolor.png,144a_L-B_MdP_final_nocolor.png
1,320,202a,418a,93a,202a_final_nocolor.png,418a_Gonn_AP_Monrepos_final_nocolor.png,93a_Gourdan_GG_MB_2021_MAN_Piette_final_nocolor.png
1,321,626a,84a,307b,626a_Gonn_AP_Monrepos_final_nocolor.png,84a_Gonn_AP_Monrepos_final_nocolor.png,307b_Gonn_AP_Monrepos_final_nocolor.png
1,322,151a,186a,555a,151a MdA_final_nocolor.png,186a_GG_MB_2021_MdAM_final_nocolor.png,555a_Gonn_AP_Monrepos_final_nocolor.png
1,323,186b,418a,167b,186b_GG_MB_2021_MdAM_final_nocolor.png,418a_Gonn_AP_Monrepos_final_nocolor.png,167b_GG_MB_2021_MdAM_final_nocolor.png
1,324,202a,241b,626a,202a_final_nocolor.png,241b_Badegoule_MdP_Pr.A.png,626a_Gonn_AP_Monrepos_final_nocolor.png
1,325,70a,70b,73b,70a_Gonn_AP_Monrepos_final_nocolor.png,70b_Gonn_AP_Monrepos_final_nocolor.png,73b_Gonn_AP_Monrepos_final_nocolor.png
1,326,186a,93a,186b,186a_GG_MB_2021_MdAM_final_nocolor.png,93a_Gourdan_GG_MB_2021_MAN_Piette_final_nocolor.png,186b_GG_MB_2021_MdAM_final_nocolor.png
1,327,226b,626a,144b,226b_Aguas_Santander_final_nocolor.png,626a_Gonn_AP_Monrepos_final_nocolor.png,144b_L-B_MdP_final_nocolor.png
1,328,144a,167b,70b,144a_L-B_MdP_final_nocolor.png,167b_GG_MB_2021_MdAM_final_nocolor.png,70b_Gonn_AP_Monrepos_final_nocolor.png
1,329,186a,418a,307a,186a_GG_MB_2021_MdAM_final_nocolor.png,418a_Gonn_AP_Monrepos_final_nocolor.png,307a_Gonn_AP_Monrepos_final_nocolor.png
1,330,201a,202b,226b,201a_Peters_Graziosi 1960_final_nocolor.png,202b_final_nocolor.png,226b_Aguas_Santander_final_nocolor.png
1,331,186b,420b,70b,186b_GG_MB_2021_MdAM_final_nocolor.png,420b_Gonn_AP_Monrepos_final_nocolor.png,70b_Gonn_AP_Monrepos_final_nocolor.png
1,332,484a,93a,241b,484a_Gonn_AP_Monrepos_final_nocolor.png,93a_Gourdan_GG_MB_2021_MAN_Piette_final_nocolor.png,241b_Badegoule_MdP_Pr.A.png
1,333,418a,420a,631a,418a_Gonn_AP_Monrepos_final_nocolor.png,420a_Gonn_AP_Monrepos_final_nocolor.png,631a_Gonn_AP_Monrepos_final_nocolor.png
1,334,167b,70b,555a,167b_GG_MB_2021_MdAM_final_nocolor.png,70b_Gonn_AP_Monrepos_final_nocolor.png,555a_Gonn_AP_Monrepos_final_nocolor.png
1,335,151b,307b,202a,151b_PC_DSC00570_final_nocolor.png,307b_Gonn_AP_Monrepos_final_nocolor.png,202a_final_nocolor.png
1,336,186b,93a,151a,186b_GG_MB_2021_MdAM_final_nocolor.png,93a_Gourdan_GG_MB_2021_MAN_Piette_final_nocolor.png,151a MdA_final_nocolor.png
1,337,431a,631a,626a,431a_Gonn_AP_Monrepos_final_nocolor.png,631a_Gonn_AP_Monrepos_final_nocolor.png,626a_Gonn_AP_Monrepos_final_nocolor.png
1,338,202a,70b,70a,202a_final_nocolor.png,70b_Gonn_AP_Monrepos_final_nocolor.png,70a_Gonn_AP_Monrepos_final_nocolor.png
1,339,418a,420a,307a,418a_Gonn_AP_Monrepos_final_nocolor.png,420a_Gonn_AP_Monrepos_final_nocolor.png,307a_Gonn_AP_Monrepos_final_nocolor.png
1,340,144b,484a,201a,144b_L-B_MdP_final_nocolor.png,484a_Gonn_AP_Monrepos_final_nocolor.png,201a_Peters_Graziosi 1960_final_nocolor.png
1,341,186b,241a,307b,186b_GG_MB_2021_MdAM_final_nocolor.png,241a_Badegoule_MdP_Pr.A.png,307b_Gonn_AP_Monrepos_final_nocolor.png
1,342,151a,431a,226b,151a MdA_final_nocolor.png,431a_Gonn_AP_Monrepos_final_nocolor.png,226b_Aguas_Santander_final_nocolor.png
1,343,144b,552a,73b,144b_L-B_MdP_final_nocolor.png,552a_Gonn_AP_Monrepos_final_nocolor.png,73b_Gonn_AP_Monrepos_final_nocolor.png
1,344,186b,420b,307a,186b_GG_MB_2021_MdAM_final_nocolor.png,420b_Gonn_AP_Monrepos_final_nocolor.png,307a_Gonn_AP_Monrepos_final_nocolor.png
1,345,144a,241a,484a,144a_L-B_MdP_final_nocolor.png,241a_Badegoule_MdP_Pr.A.png,484a_Gonn_AP_Monrepos_final_nocolor.png
1,346,167a,241b,360a,167a_GG_MB_2021_MdAM_final_nocolor.png,241b_Badegoule_MdP_Pr.A.png,360a_Gonn_AP_Monrepos_final_nocolor.png
1,347,93a,93b,631a,93a_Gourdan_GG_MB_2021_MAN_Piette_final_nocolor.png,93b_Gourdan_GG_MB_2021_MAN_Piette_final_nocolor.png,631a_Gonn_AP_Monrepos_final_nocolor.png
1,348,202a,241a,70b,202a_final_nocolor.png,241a_Badegoule_MdP_Pr.A.png,70b_Gonn_AP_Monrepos_final_nocolor.png
1,349,186b,355a,167a,186b_GG_MB_2021_MdAM_final_nocolor.png,355a_Gonn_AP_Monrepos_final_nocolor.png,167a_GG_MB_2021_MdAM_final_nocolor.png
1,350,370a,626a,484a,370a_Gonn_AP_Monrepos_final_nocolor.png,626a_Gonn_AP_Monrepos_final_nocolor.png,484a_Gonn_AP_Monrepos_final_nocolor.png
1,351,144a,555a,70b,144a_L-B_MdP_final_nocolor.png,555a_Gonn_AP_Monrepos_final_nocolor.png,70b_Gonn_AP_Monrepos_final_nocolor.png
1,352,144b,151b,167b,144b_L-B_MdP_final_nocolor.png,151b_PC_DSC00570_final_nocolor.png,167b_GG_MB_2021_MdAM_final_nocolor.png
1,353,431a,631a,552a,431a_Gonn_AP_Monrepos_final_nocolor.png,631a_Gonn_AP_Monrepos_final_nocolor.png,552a_Gonn_AP_Monrepos_final_nocolor.png
1,354,202a,555a,186a,202a_final_nocolor.png,555a_Gonn_AP_Monrepos_final_nocolor.png,186a_GG_MB_2021_MdAM_final_nocolor.png
1,355,167a,353a,144a,167a_GG_MB_2021_MdAM_final_nocolor.png,353a_Gonn_AP_Monrepos_final_nocolor.png,144a_L-B_MdP_final_nocolor.png
1,356,151b,93a,70a,151b_PC_DSC00570_final_nocolor.png,93a_Gourdan_GG_MB_2021_MAN_Piette_final_nocolor.png,70a_Gonn_AP_Monrepos_final_nocolor.png
1,357,167b,631a,144b,167b_GG_MB_2021_MdAM_final_nocolor.png,631a_Gonn_AP_Monrepos_final_nocolor.png,144b_L-B_MdP_final_nocolor.png
1,358,226a,484a,241b,226a_Aguas_Sant_Final_nocolor.png,484a_Gonn_AP_Monrepos_final_nocolor.png,241b_Badegoule_MdP_Pr.A.png
1,359,202b,70a,626a,202b_final_nocolor.png,70a_Gonn_AP_Monrepos_final_nocolor.png,626a_Gonn_AP_Monrepos_final_nocolor.png
1,360,167b,84a,151b,167b_GG_MB_2021_MdAM_final_nocolor.png,84a_Gonn_AP_Monrepos_final_nocolor.png,151b_PC_DSC00570_final_nocolor.png
1,361,144b,93b,202a,144b_L-B_MdP_final_nocolor.png,93b_Gourdan_GG_MB_2021_MAN_Piette_final_nocolor.png,202a_final_nocolor.png
1,362,626a,93a,241b,626a_Gonn_AP_Monrepos_final_nocolor.png,93a_Gourdan_GG_MB_2021_MAN_Piette_final_nocolor.png,241b_Badegoule_MdP_Pr.A.png
1,363,307b,418a,151b,307b_Gonn_AP_Monrepos_final_nocolor.png,418a_Gonn_AP_Monrepos_final_nocolor.png,151b_PC_DSC00570_final_nocolor.png
1,364,186a,484a,202b,186a_GG_MB_2021_MdAM_final_nocolor.png,484a_Gonn_AP_Monrepos_final_nocolor.png,202b_final_nocolor.png
1,365,167b,202a,626a,167b_GG_MB_2021_MdAM_final_nocolor.png,202a_final_nocolor.png,626a_Gonn_AP_Monrepos_final_nocolor.png
1,366,353a,370a,226a,353a_Gonn_AP_Monrepos_final_nocolor.png,370a_Gonn_AP_Monrepos_final_nocolor.png,226a_Aguas_Sant_Final_nocolor.png
1,367,144b,151a,355a,144b_L-B_MdP_final_nocolor.png,151a MdA_final_nocolor.png,355a_Gonn_AP_Monrepos_final_nocolor.png
1,368,555a,70a,484a,555a_Gonn_AP_Monrepos_final_nocolor.png,70a_Gonn_AP_Monrepos_final_nocolor.png,484a_Gonn_AP_Monrepos_final_nocolor.png
1,369,370a,626a,73b,370a_Gonn_AP_Monrepos_final_nocolor.png,626a_Gonn_AP_Monrepos_final_nocolor.png,73b_Gonn_AP_Monrepos_final_nocolor.png
1,370,202a,226a,420b,202a_final_nocolor.png,226a_Aguas_Sant_Final_nocolor.png,420b_Gonn_AP_Monrepos_final_nocolor.png
1,371,555a,93b,151a,555a_Gonn_AP_Monrepos_final_nocolor.png,93b_Gourdan_GG_MB_2021_MAN_Piette_final_nocolor.png,151a MdA_final_nocolor.png
1,372,353a,370a,70b,353a_Gonn_AP_Monrepos_final_nocolor.png,370a_Gonn_AP_Monrepos_final_nocolor.png,70b_Gonn_AP_Monrepos_final_nocolor.png
1,373,360a,73b,151b,360a_Gonn_AP_Monrepos_final_nocolor.png,73b_Gonn_AP_Monrepos_final_nocolor.png,151b_PC_DSC00570_final_nocolor.png
1,374,202a,93a,631a,202a_final_nocolor.png,93a_Gourdan_GG_MB_2021_MAN_Piette_final_nocolor.png,631a_Gonn_AP_Monrepos_final_nocolor.png
1,375,226b,70b,418a,226b_Aguas_Santander_final_nocolor.png,70b_Gonn_AP_Monrepos_final_nocolor.png,418a_Gonn_AP_Monrepos_final_nocolor.png
1,376,167a,420a,73a,167a_GG_MB_2021_MdAM_final_nocolor.png,420a_Gonn_AP_Monrepos_final_nocolor.png,73a_Gonn_AP_Monrepos_final_nocolor.png
1,377,241b,552a,144b,241b_Badegoule_MdP_Pr.A.png,552a_Gonn_AP_Monrepos_final_nocolor.png,144b_L-B_MdP_final_nocolor.png
1,378,418a,431a,241a,418a_Gonn_AP_Monrepos_final_nocolor.png,431a_Gonn_AP_Monrepos_final_nocolor.png,241a_Badegoule_MdP_Pr.A.png
1,379,420a,84a,202a,420a_Gonn_AP_Monrepos_final_nocolor.png,84a_Gonn_AP_Monrepos_final_nocolor.png,202a_final_nocolor.png
1,380,73b,93a,626a,73b_Gonn_AP_Monrepos_final_nocolor.png,93a_Gourdan_GG_MB_2021_MAN_Piette_final_nocolor.png,626a_Gonn_AP_Monrepos_final_nocolor.png
1,381,370a,420b,226a,370a_Gonn_AP_Monrepos_final_nocolor.png,420b_Gonn_AP_Monrepos_final_nocolor.png,226a_Aguas_Sant_Final_nocolor.png
1,382,84a,93b,360a,84a_Gonn_AP_Monrepos_final_nocolor.png,93b_Gourdan_GG_MB_2021_MAN_Piette_final_nocolor.png,360a_Gonn_AP_Monrepos_final_nocolor.png
1,383,241a,73b,70b,241a_Badegoule_MdP_Pr.A.png,73b_Gonn_AP_Monrepos_final_nocolor.png,70b_Gonn_AP_Monrepos_final_nocolor.png
1,384,418a,626a,370a,418a_Gonn_AP_Monrepos_final_nocolor.png,626a_Gonn_AP_Monrepos_final_nocolor.png,370a_Gonn_AP_Monrepos_final_nocolor.png
1,385,186b,201a,226a,186b_GG_MB_2021_MdAM_final_nocolor.png,201a_Peters_Graziosi 1960_final_nocolor.png,226a_Aguas_Sant_Final_nocolor.png
1,386,144a,70b,73b,144a_L-B_MdP_final_nocolor.png,70b_Gonn_AP_Monrepos_final_nocolor.png,73b_Gonn_AP_Monrepos_final_nocolor.png
1,387,241a,631a,360a,241a_Badegoule_MdP_Pr.A.png,631a_Gonn_AP_Monrepos_final_nocolor.png,360a_Gonn_AP_Monrepos_final_nocolor.png
1,388,370a,420b,144b,370a_Gonn_AP_Monrepos_final_nocolor.png,420b_Gonn_AP_Monrepos_final_nocolor.png,144b_L-B_MdP_final_nocolor.png
1,389,186a,93a,151b,186a_GG_MB_2021_MdAM_final_nocolor.png,93a_Gourdan_GG_MB_2021_MAN_Piette_final_nocolor.png,151b_PC_DSC00570_final_nocolor.png
1,390,202a,241a,144a,202a_final_nocolor.png,241a_Badegoule_MdP_Pr.A.png,144a_L-B_MdP_final_nocolor.png
1,391,144b,226b,151a,144b_L-B_MdP_final_nocolor.png,226b_Aguas_Santander_final_nocolor.png,151a MdA_final_nocolor.png
1,392,360a,626a,355a,360a_Gonn_AP_Monrepos_final_nocolor.png,626a_Gonn_AP_Monrepos_final_nocolor.png,355a_Gonn_AP_Monrepos_final_nocolor.png
1,393,151b,73a,93a,151b_PC_DSC00570_final_nocolor.png,73a_Gonn_AP_Monrepos_final_nocolor.png,93a_Gourdan_GG_MB_2021_MAN_Piette_final_nocolor.png
1,394,241a,555a,93b,241a_Badegoule_MdP_Pr.A.png,555a_Gonn_AP_Monrepos_final_nocolor.png,93b_Gourdan_GG_MB_2021_MAN_Piette_final_nocolor.png
1,395,353a,360a,186b,353a_Gonn_AP_Monrepos_final_nocolor.png,360a_Gonn_AP_Monrepos_final_nocolor.png,186b_GG_MB_2021_MdAM_final_nocolor.png
1,396,241b,370a,151b,241b_Badegoule_MdP_Pr.A.png,370a_Gonn_AP_Monrepos_final_nocolor.png,151b_PC_DSC00570_final_nocolor.png
1,397,167b,420b,144a,167b_GG_MB_2021_MdAM_final_nocolor.png,420b_Gonn_AP_Monrepos_final_nocolor.png,144a_L-B_MdP_final_nocolor.png
1,398,144b,241a,307a,144b_L-B_MdP_final_nocolor.png,241a_Badegoule_MdP_Pr.A.png,307a_Gonn_AP_Monrepos_final_nocolor.png
1,399,151a,70a,73b,151a MdA_final_nocolor.png,70a_Gonn_AP_Monrepos_final_nocolor.png,73b_Gonn_AP_Monrepos_final_nocolor.png
1,400,353a,370a,420b,353a_Gonn_AP_Monrepos_final_nocolor.png,370a_Gonn_AP_Monrepos_final_nocolor.png,420b_Gonn_AP_Monrepos_final_nocolor.png
1,401,201a,226b,307a,201a_Peters_Graziosi 1960_final_nocolor.png,226b_Aguas_Santander_final_nocolor.png,307a_Gonn_AP_Monrepos_final_nocolor.png
1,402,552a,555a,186a,552a_Gonn_AP_Monrepos_final_nocolor.png,555a_Gonn_AP_Monrepos_final_nocolor.png,186a_GG_MB_2021_MdAM_final_nocolor.png
1,403,370a,73b,226a,370a_Gonn_AP_Monrepos_final_nocolor.png,73b_Gonn_AP_Monrepos_final_nocolor.png,226a_Aguas_Sant_Final_nocolor.png
1,404,186b,418a,151a,186b_GG_MB_2021_MdAM_final_nocolor.png,418a_Gonn_AP_Monrepos_final_nocolor.png,151a MdA_final_nocolor.png
1,405,144a,202b,93b,144a_L-B_MdP_final_nocolor.png,202b_final_nocolor.png,93b_Gourdan_GG_MB_2021_MAN_Piette_final_nocolor.png
1,406,241b,73b,360a,241b_Badegoule_MdP_Pr.A.png,73b_Gonn_AP_Monrepos_final_nocolor.png,360a_Gonn_AP_Monrepos_final_nocolor.png
1,407,167b,201a,418a,167b_GG_MB_2021_MdAM_final_nocolor.png,201a_Peters_Graziosi 1960_final_nocolor.png,418a_Gonn_AP_Monrepos_final_nocolor.png
1,408,202a,552a,186b,202a_final_nocolor.png,552a_Gonn_AP_Monrepos_final_nocolor.png,186b_GG_MB_2021_MdAM_final_nocolor.png
1,409,202b,226a,241b,202b_final_nocolor.png,226a_Aguas_Sant_Final_nocolor.png,241b_Badegoule_MdP_Pr.A.png
1,410,167b,353a,307a,167b_GG_MB_2021_MdAM_final_nocolor.png,353a_Gonn_AP_Monrepos_final_nocolor.png,307a_Gonn_AP_Monrepos_final_nocolor.png
1,411,555a,626a,202a,555a_Gonn_AP_Monrepos_final_nocolor.png,626a_Gonn_AP_Monrepos_final_nocolor.png,202a_final_nocolor.png
1,412,186b,631a,226b,186b_GG_MB_2021_MdAM_final_nocolor.png,631a_Gonn_AP_Monrepos_final_nocolor.png,226b_Aguas_Santander_final_nocolor.png
1,413,241b,355a,418a,241b_Badegoule_MdP_Pr.A.png,355a_Gonn_AP_Monrepos_final_nocolor.png,418a_Gonn_AP_Monrepos_final_nocolor.png
1,414,353a,555a,93b,353a_Gonn_AP_Monrepos_final_nocolor.png,555a_Gonn_AP_Monrepos_final_nocolor.png,93b_Gourdan_GG_MB_2021_MAN_Piette_final_nocolor.png
1,415,167a,70b,226b,167a_GG_MB_2021_MdAM_final_nocolor.png,70b_Gonn_AP_Monrepos_final_nocolor.png,226b_Aguas_Santander_final_nocolor.png
1,416,167b,307b,552a,167b_GG_MB_2021_MdAM_final_nocolor.png,307b_Gonn_AP_Monrepos_final_nocolor.png,552a_Gonn_AP_Monrepos_final_nocolor.png
1,417,201a,73b,202b,201a_Peters_Graziosi 1960_final_nocolor.png,73b_Gonn_AP_Monrepos_final_nocolor.png,202b_final_nocolor.png
1,418,355a,73a,144a,355a_Gonn_AP_Monrepos_final_nocolor.png,73a_Gonn_AP_Monrepos_final_nocolor.png,144a_L-B_MdP_final_nocolor.png
1,419,307a,307b,84a,307a_Gonn_AP_Monrepos_final_nocolor.png,307b_Gonn_AP_Monrepos_final_nocolor.png,84a_Gonn_AP_Monrepos_final_nocolor.png
1,420,167a,186a,418a,167a_GG_MB_2021_MdAM_final_nocolor.png,186a_GG_MB_2021_MdAM_final_nocolor.png,418a_Gonn_AP_Monrepos_final_nocolor.png
1,421,201a,353a,73b,201a_Peters_Graziosi 1960_final_nocolor.png,353a_Gonn_AP_Monrepos_final_nocolor.png,73b_Gonn_AP_Monrepos_final_nocolor.png
1,422,202a,84a,70b,202a_final_nocolor.png,84a_Gonn_AP_Monrepos_final_nocolor.png,70b_Gonn_AP_Monrepos_final_nocolor.png
1,423,186a,307b,226b,186a_GG_MB_2021_MdAM_final_nocolor.png,307b_Gonn_AP_Monrepos_final_nocolor.png,226b_Aguas_Santander_final_nocolor.png
1,424,355a,73a,167b,355a_Gonn_AP_Monrepos_final_nocolor.png,73a_Gonn_AP_Monrepos_final_nocolor.png,167b_GG_MB_2021_MdAM_final_nocolor.png
1,425,151b,93a,360a,151b_PC_DSC00570_final_nocolor.png,93a_Gourdan_GG_MB_2021_MAN_Piette_final_nocolor.png,360a_Gonn_AP_Monrepos_final_nocolor.png
1,426,186a,186b,84a,186a_GG_MB_2021_MdAM_final_nocolor.png,186b_GG_MB_2021_MdAM_final_nocolor.png,84a_Gonn_AP_Monrepos_final_nocolor.png
1,427,167b,70a,241a,167b_GG_MB_2021_MdAM_final_nocolor.png,70a_Gonn_AP_Monrepos_final_nocolor.png,241a_Badegoule_MdP_Pr.A.png
1,428,360a,93a,73b,360a_Gonn_AP_Monrepos_final_nocolor.png,93a_Gourdan_GG_MB_2021_MAN_Piette_final_nocolor.png,73b_Gonn_AP_Monrepos_final_nocolor.png
2,1,355a,431a,552a,355a_Gonn_AP_Monrepos_final_nocolor.png,431a_Gonn_AP_Monrepos_final_nocolor.png,552a_Gonn_AP_Monrepos_final_nocolor.png
2,2,70a,70b,167b,70a_Gonn_AP_Monrepos_final_nocolor.png,70b_Gonn_AP_Monrepos_final_nocolor.png,167b_GG_MB_2021_MdAM_final_nocolor.png
2,3,151a,73b,151b,151a MdA_final_nocolor.png,73b_Gonn_AP_Monrepos_final_nocolor.png,151b_PC_DSC00570_final_nocolor.png
2,4,201a,431a,360a,201a_Peters_Graziosi 1960_final_nocolor.png,431a_Gonn_AP_Monrepos_final_nocolor.png,360a_Gonn_AP_Monrepos_final_nocolor.png
2,5,167a,241b,167b,167a_GG_MB_2021_MdAM_final_nocolor.png,241b_Badegoule_MdP_Pr.A.png,167b_GG_MB_2021_MdAM_final_nocolor.png
2,6,144a,151a,307a,144a_L-B_MdP_final_nocolor.png,151a MdA_final_nocolor.png,307a_Gonn_AP_Monrepos_final_nocolor.png
2,7,201a,93a,202a,201a_Peters_Graziosi 1960_final_nocolor.png,93a_Gourdan_GG_MB_2021_MAN_Piette_final_nocolor.png,202a_final_nocolor.png
2,8,167b,241a,431a,167b_GG_MB_2021_MdAM_final_nocolor.png,241a_Badegoule_MdP_Pr.A.png,431a_Gonn_AP_Monrepos_final_nocolor.png
2,9,307b,353a,307a,307b_Gonn_AP_Monrepos_final_nocolor.png,353a_Gonn_AP_Monrepos_final_nocolor.png,307a_Gonn_AP_Monrepos_final_nocolor.png
2,10,201a,484a,241b,201a_Peters_Graziosi 1960_final_nocolor.png,484a_Gonn_AP_Monrepos_final_nocolor.png,241b_Badegoule_MdP_Pr.A.png
2,11,226a,626a,202a,226a_Aguas_Sant_Final_nocolor.png,626a_Gonn_AP_Monrepos_final_nocolor.png,202a_final_nocolor.png
2,12,241a,355a,167a,241a_Badegoule_MdP_Pr.A.png,355a_Gonn_AP_Monrepos_final_nocolor.png,167a_GG_MB_2021_MdAM_final_nocolor.png
2,13,201a,93a,241b,201a_Peters_Graziosi 1960_final_nocolor.png,93a_Gourdan_GG_MB_2021_MAN_Piette_final_nocolor.png,241b_Badegoule_MdP_Pr.A.png
2,14,360a,93b,353a,360a_Gonn_AP_Monrepos_final_nocolor.png,93b_Gourdan_GG_MB_2021_MAN_Piette_final_nocolor.png,353a_Gonn_AP_Monrepos_final_nocolor.png
2,15,167b,420a,202a,167b_GG_MB_2021_MdAM_final_nocolor.png,420a_Gonn_AP_Monrepos_final_nocolor.png,202a_final_nocolor.png
2,16,307b,626a,241b,307b_Gonn_AP_Monrepos_final_nocolor.png,626a_Gonn_AP_Monrepos_final_nocolor.png,241b_Badegoule_MdP_Pr.A.png
2,17,307a,353a,201a,307a_Gonn_AP_Monrepos_final_nocolor.png,353a_Gonn_AP_Monrepos_final_nocolor.png,201a_Peters_Graziosi 1960_final_nocolor.png
2,18,167b,93b,226b,167b_GG_MB_2021_MdAM_final_nocolor.png,93b_Gourdan_GG_MB_2021_MAN_Piette_final_nocolor.png,226b_Aguas_Santander_final_nocolor.png
2,19,241b,626a,144a,241b_Badegoule_MdP_Pr.A.png,626a_Gonn_AP_Monrepos_final_nocolor.png,144a_L-B_MdP_final_nocolor.png
2,20,167a,202b,93a,167a_GG_MB_2021_MdAM_final_nocolor.png,202b_final_nocolor.png,93a_Gourdan_GG_MB_2021_MAN_Piette_final_nocolor.png
2,21,202a,73b,484a,202a_final_nocolor.png,73b_Gonn_AP_Monrepos_final_nocolor.png,484a_Gonn_AP_Monrepos_final_nocolor.png
2,22,151b,307a,226a,151b_PC_DSC00570_final_nocolor.png,307a_Gonn_AP_Monrepos_final_nocolor.png,226a_Aguas_Sant_Final_nocolor.png
2,23,144b,186b,93a,144b_L-B_MdP_final_nocolor.png,186b_GG_MB_2021_MdAM_final_nocolor.png,93a_Gourdan_GG_MB_2021_MAN_Piette_final_nocolor.png
2,24,151a,370a,167a,151a MdA_final_nocolor.png,370a_Gonn_AP_Monrepos_final_nocolor.png,167a_GG_MB_2021_MdAM_final_nocolor.png
2,25,202a,84a,151b,202a_final_nocolor.png,84a_Gonn_AP_Monrepos_final_nocolor.png,151b_PC_DSC00570_final_nocolor.png
2,26,186b,201a,241b,186b_GG_MB_2021_MdAM_final_nocolor.png,201a_Peters_Graziosi 1960_final_nocolor.png,241b_Badegoule_MdP_Pr.A.png
2,27,167a,226b,93a,167a_GG_MB_2021_MdAM_final_nocolor.png,226b_Aguas_Santander_final_nocolor.png,93a_Gourdan_GG_MB_2021_MAN_Piette_final_nocolor.png
2,28,73a,93b,84a,73a_Gonn_AP_Monrepos_final_nocolor.png,93b_Gourdan_GG_MB_2021_MAN_Piette_final_nocolor.png,84a_Gonn_AP_Monrepos_final_nocolor.png
2,29,186a,626a,552a,186a_GG_MB_2021_MdAM_final_nocolor.png,626a_Gonn_AP_Monrepos_final_nocolor.png,552a_Gonn_AP_Monrepos_final_nocolor.png
2,30,167a,555a,226a,167a_GG_MB_2021_MdAM_final_nocolor.png,555a_Gonn_AP_Monrepos_final_nocolor.png,226a_Aguas_Sant_Final_nocolor.png
2,31,353a,418a,202a,353a_Gonn_AP_Monrepos_final_nocolor.png,418a_Gonn_AP_Monrepos_final_nocolor.png,202a_final_nocolor.png
2,32,241a,431a,420b,241a_Badegoule_MdP_Pr.A.png,431a_Gonn_AP_Monrepos_final_nocolor.png,420b_Gonn_AP_Monrepos_final_nocolor.png
2,33,226a,555a,631a,226a_Aguas_Sant_Final_nocolor.png,555a_Gonn_AP_Monrepos_final_nocolor.png,631a_Gonn_AP_Monrepos_final_nocolor.png
2,34,370a,418a,144b,370a_Gonn_AP_Monrepos_final_nocolor.png,418a_Gonn_AP_Monrepos_final_nocolor.png,144b_L-B_MdP_final_nocolor.png
2,35,186b,93a,431a,186b_GG_MB_2021_MdAM_final_nocolor.png,93a_Gourdan_GG_MB_2021_MAN_Piette_final_nocolor.png,431a_Gonn_AP_Monrepos_final_nocolor.png
2,36,420a,626a,631a,420a_Gonn_AP_Monrepos_final_nocolor.png,626a_Gonn_AP_Monrepos_final_nocolor.png,631a_Gonn_AP_Monrepos_final_nocolor.png
2,37,355a,555a,70a,355a_Gonn_AP_Monrepos_final_nocolor.png,555a_Gonn_AP_Monrepos_final_nocolor.png,70a_Gonn_AP_Monrepos_final_nocolor.png
2,38,202b,307b,201a,202b_final_nocolor.png,307b_Gonn_AP_Monrepos_final_nocolor.png,201a_Peters_Graziosi 1960_final_nocolor.png
2,39,226b,418a,420a,226b_Aguas_Santander_final_nocolor.png,418a_Gonn_AP_Monrepos_final_nocolor.png,420a_Gonn_AP_Monrepos_final_nocolor.png
2,40,186a,70b,241b,186a_GG_MB_2021_MdAM_final_nocolor.png,70b_Gonn_AP_Monrepos_final_nocolor.png,241b_Badegoule_MdP_Pr.A.png
2,41,144b,626a,202b,144b_L-B_MdP_final_nocolor.png,626a_Gonn_AP_Monrepos_final_nocolor.png,202b_final_nocolor.png
2,42,307a,420a,202a,307a_Gonn_AP_Monrepos_final_nocolor.png,420a_Gonn_AP_Monrepos_final_nocolor.png,202a_final_nocolor.png
2,43,226b,552a,167b,226b_Aguas_Santander_final_nocolor.png,552a_Gonn_AP_Monrepos_final_nocolor.png,167b_GG_MB_2021_MdAM_final_nocolor.png
2,44,418a,93b,307b,418a_Gonn_AP_Monrepos_final_nocolor.png,93b_Gourdan_GG_MB_2021_MAN_Piette_final_nocolor.png,307b_Gonn_AP_Monrepos_final_nocolor.png
2,45,186b,84a,167a,186b_GG_MB_2021_MdAM_final_nocolor.png,84a_Gonn_AP_Monrepos_final_nocolor.png,167a_GG_MB_2021_MdAM_final_nocolor.png
2,46,307a,73b,552a,307a_Gonn_AP_Monrepos_final_nocolor.png,73b_Gonn_AP_Monrepos_final_nocolor.png,552a_Gonn_AP_Monrepos_final_nocolor.png
2,47,201a,370a,151b,201a_Peters_Graziosi 1960_final_nocolor.png,370a_Gonn_AP_Monrepos_final_nocolor.png,151b_PC_DSC00570_final_nocolor.png
2,48,186b,431a,484a,186b_GG_MB_2021_MdAM_final_nocolor.png,431a_Gonn_AP_Monrepos_final_nocolor.png,484a_Gonn_AP_Monrepos_final_nocolor.png
2,49,355a,626a,555a,355a_Gonn_AP_Monrepos_final_nocolor.png,626a_Gonn_AP_Monrepos_final_nocolor.png,555a_Gonn_AP_Monrepos_final_nocolor.png
2,50,353a,93a,631a,353a_Gonn_AP_Monrepos_final_nocolor.png,93a_Gourdan_GG_MB_2021_MAN_Piette_final_nocolor.png,631a_Gonn_AP_Monrepos_final_nocolor.png
2,51,226b,431a,70b,226b_Aguas_Santander_final_nocolor.png,431a_Gonn_AP_Monrepos_final_nocolor.png,70b_Gonn_AP_Monrepos_final_nocolor.png
2,52,167b,241b,144b,167b_GG_MB_2021_MdAM_final_nocolor.png,241b_Badegoule_MdP_Pr.A.png,144b_L-B_MdP_final_nocolor.png
2,53,151b,93a,73b,151b_PC_DSC00570_final_nocolor.png,93a_Gourdan_GG_MB_2021_MAN_Piette_final_nocolor.png,73b_Gonn_AP_Monrepos_final_nocolor.png
2,54,226a,84a,186a,226a_Aguas_Sant_Final_nocolor.png,84a_Gonn_AP_Monrepos_final_nocolor.png,186a_GG_MB_2021_MdAM_final_nocolor.png
2,55,144a,93b,431a,144a_L-B_MdP_final_nocolor.png,93b_Gourdan_GG_MB_2021_MAN_Piette_final_nocolor.png,431a_Gonn_AP_Monrepos_final_nocolor.png
2,56,201a,73a,73b,201a_Peters_Graziosi 1960_final_nocolor.png,73a_Gonn_AP_Monrepos_final_nocolor.png,73b_Gonn_AP_Monrepos_final_nocolor.png
2,57,353a,93a,84a,353a_Gonn_AP_Monrepos_final_nocolor.png,93a_Gourdan_GG_MB_2021_MAN_Piette_final_nocolor.png,84a_Gonn_AP_Monrepos_final_nocolor.png
2,58,431a,70a,552a,431a_Gonn_AP_Monrepos_final_nocolor.png,70a_Gonn_AP_Monrepos_final_nocolor.png,552a_Gonn_AP_Monrepos_final_nocolor.png
2,59,144a,307a,167b,144a_L-B_MdP_final_nocolor.png,307a_Gonn_AP_Monrepos_final_nocolor.png,167b_GG_MB_2021_MdAM_final_nocolor.png
2,60,226b,631a,73b,226b_Aguas_Santander_final_nocolor.png,631a_Gonn_AP_Monrepos_final_nocolor.png,73b_Gonn_AP_Monrepos_final_nocolor.png
2,61,167a,70b,370a,167a_GG_MB_2021_MdAM_final_nocolor.png,70b_Gonn_AP_Monrepos_final_nocolor.png,370a_Gonn_AP_Monrepos_final_nocolor.png
2,62,241b,73a,241a,241b_Badegoule_MdP_Pr.A.png,73a_Gonn_AP_Monrepos_final_nocolor.png,241a_Badegoule_MdP_Pr.A.png
2,63,431a,73b,418a,431a_Gonn_AP_Monrepos_final_nocolor.png,73b_Gonn_AP_Monrepos_final_nocolor.png,418a_Gonn_AP_Monrepos_final_nocolor.png
2,64,167b,307a,70b,167b_GG_MB_2021_MdAM_final_nocolor.png,307a_Gonn_AP_Monrepos_final_nocolor.png,70b_Gonn_AP_Monrepos_final_nocolor.png
2,65,353a,93b,202b,353a_Gonn_AP_Monrepos_final_nocolor.png,93b_Gourdan_GG_MB_2021_MAN_Piette_final_nocolor.png,202b_final_nocolor.png
2,66,151a,307b,84a,151a MdA_final_nocolor.png,307b_Gonn_AP_Monrepos_final_nocolor.png,84a_Gonn_AP_Monrepos_final_nocolor.png
2,67,484a,626a,241b,484a_Gonn_AP_Monrepos_final_nocolor.png,626a_Gonn_AP_Monrepos_final_nocolor.png,241b_Badegoule_MdP_Pr.A.png
2,68,167a,353a,73b,167a_GG_MB_2021_MdAM_final_nocolor.png,353a_Gonn_AP_Monrepos_final_nocolor.png,73b_Gonn_AP_Monrepos_final_nocolor.png
2,69,360a,418a,93b,360a_Gonn_AP_Monrepos_final_nocolor.png,418a_Gonn_AP_Monrepos_final_nocolor.png,93b_Gourdan_GG_MB_2021_MAN_Piette_final_nocolor.png
2,70,167b,202a,307b,167b_GG_MB_2021_MdAM_final_nocolor.png,202a_final_nocolor.png,307b_Gonn_AP_Monrepos_final_nocolor.png
2,71,167a,73a,626a,167a_GG_MB_2021_MdAM_final_nocolor.png,73a_Gonn_AP_Monrepos_final_nocolor.png,626a_Gonn_AP_Monrepos_final_nocolor.png
2,72,144b,241a,93b,144b_L-B_MdP_final_nocolor.png,241a_Badegoule_MdP_Pr.A.png,93b_Gourdan_GG_MB_2021_MAN_Piette_final_nocolor.png
2,73,418a,93a,201a,418a_Gonn_AP_Monrepos_final_nocolor.png,93a_Gourdan_GG_MB_2021_MAN_Piette_final_nocolor.png,201a_Peters_Graziosi 1960_final_nocolor.png
2,74,360a,484a,626a,360a_Gonn_AP_Monrepos_final_nocolor.png,484a_Gonn_AP_Monrepos_final_nocolor.png,626a_Gonn_AP_Monrepos_final_nocolor.png
2,75,144b,420a,186b,144b_L-B_MdP_final_nocolor.png,420a_Gonn_AP_Monrepos_final_nocolor.png,186b_GG_MB_2021_MdAM_final_nocolor.png
2,76,202a,418a,552a,202a_final_nocolor.png,418a_Gonn_AP_Monrepos_final_nocolor.png,552a_Gonn_AP_Monrepos_final_nocolor.png
2,77,484a,73a,70a,484a_Gonn_AP_Monrepos_final_nocolor.png,73a_Gonn_AP_Monrepos_final_nocolor.png,70a_Gonn_AP_Monrepos_final_nocolor.png
2,78,360a,370a,73b,360a_Gonn_AP_Monrepos_final_nocolor.png,370a_Gonn_AP_Monrepos_final_nocolor.png,73b_Gonn_AP_Monrepos_final_nocolor.png
2,79,167a,167b,353a,167a_GG_MB_2021_MdAM_final_nocolor.png,167b_GG_MB_2021_MdAM_final_nocolor.png,353a_Gonn_AP_Monrepos_final_nocolor.png
2,80,151a,241b,186a,151a MdA_final_nocolor.png,241b_Badegoule_MdP_Pr.A.png,186a_GG_MB_2021_MdAM_final_nocolor.png
2,81,202b,420a,360a,202b_final_nocolor.png,420a_Gonn_AP_Monrepos_final_nocolor.png,360a_Gonn_AP_Monrepos_final_nocolor.png
2,82,144a,73b,93a,144a_L-B_MdP_final_nocolor.png,73b_Gonn_AP_Monrepos_final_nocolor.png,93a_Gourdan_GG_MB_2021_MAN_Piette_final_nocolor.png
2,83,370a,70b,241a,370a_Gonn_AP_Monrepos_final_nocolor.png,70b_Gonn_AP_Monrepos_final_nocolor.png,241a_Badegoule_MdP_Pr.A.png
2,84,186b,226a,360a,186b_GG_MB_2021_MdAM_final_nocolor.png,226a_Aguas_Sant_Final_nocolor.png,360a_Gonn_AP_Monrepos_final_nocolor.png
2,85,418a,70a,307a,418a_Gonn_AP_Monrepos_final_nocolor.png,70a_Gonn_AP_Monrepos_final_nocolor.png,307a_Gonn_AP_Monrepos_final_nocolor.png
2,86,355a,370a,353a,355a_Gonn_AP_Monrepos_final_nocolor.png,370a_Gonn_AP_Monrepos_final_nocolor.png,353a_Gonn_AP_Monrepos_final_nocolor.png
2,87,226a,420a,144a,226a_Aguas_Sant_Final_nocolor.png,420a_Gonn_AP_Monrepos_final_nocolor.png,144a_L-B_MdP_final_nocolor.png
2,88,167a,241a,201a,167a_GG_MB_2021_MdAM_final_nocolor.png,241a_Badegoule_MdP_Pr.A.png,201a_Peters_Graziosi 1960_final_nocolor.png
2,89,151a,73b,418a,151a MdA_final_nocolor.png,73b_Gonn_AP_Monrepos_final_nocolor.png,418a_Gonn_AP_Monrepos_final_nocolor.png
2,90,167b,360a,202a,167b_GG_MB_2021_MdAM_final_nocolor.png,360a_Gonn_AP_Monrepos_final_nocolor.png,202a_final_nocolor.png
2,91,226a,241a,420b,226a_Aguas_Sant_Final_nocolor.png,241a_Badegoule_MdP_Pr.A.png,420b_Gonn_AP_Monrepos_final_nocolor.png
2,92,241b,431a,73b,241b_Badegoule_MdP_Pr.A.png,431a_Gonn_AP_Monrepos_final_nocolor.png,73b_Gonn_AP_Monrepos_final_nocolor.png
2,93,151a,186a,552a,151a MdA_final_nocolor.png,186a_GG_MB_2021_MdAM_final_nocolor.png,552a_Gonn_AP_Monrepos_final_nocolor.png
2,94,226a,73a,420b,226a_Aguas_Sant_Final_nocolor.png,73a_Gonn_AP_Monrepos_final_nocolor.png,420b_Gonn_AP_Monrepos_final_nocolor.png
2,95,201a,241a,555a,201a_Peters_Graziosi 1960_final_nocolor.png,241a_Badegoule_MdP_Pr.A.png,555a_Gonn_AP_Monrepos_final_nocolor.png
2,96,355a,84a,186a,355a_Gonn_AP_Monrepos_final_nocolor.png,84a_Gonn_AP_Monrepos_final_nocolor.png,186a_GG_MB_2021_MdAM_final_nocolor.png
2,97,226a,353a,226b,226a_Aguas_Sant_Final_nocolor.png,353a_Gonn_AP_Monrepos_final_nocolor.png,226b_Aguas_Santander_final_nocolor.png
2,98,241a,552a,418a,241a_Badegoule_MdP_Pr.A.png,552a_Gonn_AP_Monrepos_final_nocolor.png,418a_Gonn_AP_Monrepos_final_nocolor.png
2,99,201a,307b,420a,201a_Peters_Graziosi 1960_final_nocolor.png,307b_Gonn_AP_Monrepos_final_nocolor.png,420a_Gonn_AP_Monrepos_final_nocolor.png
2,100,186a,420b,226a,186a_GG_MB_2021_MdAM_final_nocolor.png,420b_Gonn_AP_Monrepos_final_nocolor.png,226a_Aguas_Sant_Final_nocolor.png
2,101,144b,151b,84a,144b_L-B_MdP_final_nocolor.png,151b_PC_DSC00570_final_nocolor.png,84a_Gonn_AP_Monrepos_final_nocolor.png
2,102,418a,631a,241a,418a_Gonn_AP_Monrepos_final_nocolor.png,631a_Gonn_AP_Monrepos_final_nocolor.png,241a_Badegoule_MdP_Pr.A.png
2,103,186b,226b,201a,186b_GG_MB_2021_MdAM_final_nocolor.png,226b_Aguas_Santander_final_nocolor.png,201a_Peters_Graziosi 1960_final_nocolor.png
2,104,151b,307b,186a,151b_PC_DSC00570_final_nocolor.png,307b_Gonn_AP_Monrepos_final_nocolor.png,186a_GG_MB_2021_MdAM_final_nocolor.png
2,105,418a,70b,626a,418a_Gonn_AP_Monrepos_final_nocolor.png,70b_Gonn_AP_Monrepos_final_nocolor.png,626a_Gonn_AP_Monrepos_final_nocolor.png
2,106,73a,84a,186b,73a_Gonn_AP_Monrepos_final_nocolor.png,84a_Gonn_AP_Monrepos_final_nocolor.png,186b_GG_MB_2021_MdAM_final_nocolor.png
2,107,186a,241b,241a,186a_GG_MB_2021_MdAM_final_nocolor.png,241b_Badegoule_MdP_Pr.A.png,241a_Badegoule_MdP_Pr.A.png
2,108,151b,555a,202b,151b_PC_DSC00570_final_nocolor.png,555a_Gonn_AP_Monrepos_final_nocolor.png,202b_final_nocolor.png
2,109,144b,186b,370a,144b_L-B_MdP_final_nocolor.png,186b_GG_MB_2021_MdAM_final_nocolor.png,370a_Gonn_AP_Monrepos_final_nocolor.png
2,110,226b,360a,241a,226b_Aguas_Santander_final_nocolor.png,360a_Gonn_AP_Monrepos_final_nocolor.png,241a_Badegoule_MdP_Pr.A.png
2,111,151a,151b,93a,151a MdA_final_nocolor.png,151b_PC_DSC00570_final_nocolor.png,93a_Gourdan_GG_MB_2021_MAN_Piette_final_nocolor.png
2,112,431a,84a,186b,431a_Gonn_AP_Monrepos_final_nocolor.png,84a_Gonn_AP_Monrepos_final_nocolor.png,186b_GG_MB_2021_MdAM_final_nocolor.png
2,113,144a,226a,555a,144a_L-B_MdP_final_nocolor.png,226a_Aguas_Sant_Final_nocolor.png,555a_Gonn_AP_Monrepos_final_nocolor.png
2,114,307a,353a,151b,307a_Gonn_AP_Monrepos_final_nocolor.png,353a_Gonn_AP_Monrepos_final_nocolor.png,151b_PC_DSC00570_final_nocolor.png
2,115,167a,167b,84a,167a_GG_MB_2021_MdAM_final_nocolor.png,167b_GG_MB_2021_MdAM_final_nocolor.png,84a_Gonn_AP_Monrepos_final_nocolor.png
2,116,144a,186b,241b,144a_L-B_MdP_final_nocolor.png,186b_GG_MB_2021_MdAM_final_nocolor.png,241b_Badegoule_MdP_Pr.A.png
2,117,201a,307a,226a,201a_Peters_Graziosi 1960_final_nocolor.png,307a_Gonn_AP_Monrepos_final_nocolor.png,226a_Aguas_Sant_Final_nocolor.png
2,118,360a,552a,144b,360a_Gonn_AP_Monrepos_final_nocolor.png,552a_Gonn_AP_Monrepos_final_nocolor.png,144b_L-B_MdP_final_nocolor.png
2,119,202a,420a,418a,202a_final_nocolor.png,420a_Gonn_AP_Monrepos_final_nocolor.png,418a_Gonn_AP_Monrepos_final_nocolor.png
2,120,241b,626a,167b,241b_Badegoule_MdP_Pr.A.png,626a_Gonn_AP_Monrepos_final_nocolor.png,167b_GG_MB_2021_MdAM_final_nocolor.png
2,121,201a,631a,167a,201a_Peters_Graziosi 1960_final_nocolor.png,631a_Gonn_AP_Monrepos_final_nocolor.png,167a_GG_MB_2021_MdAM_final_nocolor.png
2,122,355a,360a,73b,355a_Gonn_AP_Monrepos_final_nocolor.png,360a_Gonn_AP_Monrepos_final_nocolor.png,73b_Gonn_AP_Monrepos_final_nocolor.png
2,123,144a,552a,370a,144a_L-B_MdP_final_nocolor.png,552a_Gonn_AP_Monrepos_final_nocolor.png,370a_Gonn_AP_Monrepos_final_nocolor.png
2,124,144b,626a,70a,144b_L-B_MdP_final_nocolor.png,626a_Gonn_AP_Monrepos_final_nocolor.png,70a_Gonn_AP_Monrepos_final_nocolor.png
2,125,151a,73b,202b,151a MdA_final_nocolor.png,73b_Gonn_AP_Monrepos_final_nocolor.png,202b_final_nocolor.png
2,126,241b,431a,360a,241b_Badegoule_MdP_Pr.A.png,431a_Gonn_AP_Monrepos_final_nocolor.png,360a_Gonn_AP_Monrepos_final_nocolor.png
2,127,552a,626a,353a,552a_Gonn_AP_Monrepos_final_nocolor.png,626a_Gonn_AP_Monrepos_final_nocolor.png,353a_Gonn_AP_Monrepos_final_nocolor.png
2,128,226b,93b,186a,226b_Aguas_Santander_final_nocolor.png,93b_Gourdan_GG_MB_2021_MAN_Piette_final_nocolor.png,186a_GG_MB_2021_MdAM_final_nocolor.png
2,129,418a,70a,360a,418a_Gonn_AP_Monrepos_final_nocolor.png,70a_Gonn_AP_Monrepos_final_nocolor.png,360a_Gonn_AP_Monrepos_final_nocolor.png
2,130,144b,307b,70b,144b_L-B_MdP_final_nocolor.png,307b_Gonn_AP_Monrepos_final_nocolor.png,70b_Gonn_AP_Monrepos_final_nocolor.png
2,131,555a,84a,626a,555a_Gonn_AP_Monrepos_final_nocolor.png,84a_Gonn_AP_Monrepos_final_nocolor.png,626a_Gonn_AP_Monrepos_final_nocolor.png
2,132,353a,552a,167a,353a_Gonn_AP_Monrepos_final_nocolor.png,552a_Gonn_AP_Monrepos_final_nocolor.png,167a_GG_MB_2021_MdAM_final_nocolor.png
2,133,186a,226a,70b,186a_GG_MB_2021_MdAM_final_nocolor.png,226a_Aguas_Sant_Final_nocolor.png,70b_Gonn_AP_Monrepos_final_nocolor.png
2,134,484a,626a,144b,484a_Gonn_AP_Monrepos_final_nocolor.png,626a_Gonn_AP_Monrepos_final_nocolor.png,144b_L-B_MdP_final_nocolor.png
2,135,151b,93b,307b,151b_PC_DSC00570_final_nocolor.png,93b_Gourdan_GG_MB_2021_MAN_Piette_final_nocolor.png,307b_Gonn_AP_Monrepos_final_nocolor.png
2,136,431a,70b,552a,431a_Gonn_AP_Monrepos_final_nocolor.png,70b_Gonn_AP_Monrepos_final_nocolor.png,552a_Gonn_AP_Monrepos_final_nocolor.png
2,137,144a,186a,353a,144a_L-B_MdP_final_nocolor.png,186a_GG_MB_2021_MdAM_final_nocolor.png,353a_Gonn_AP_Monrepos_final_nocolor.png
2,138,167a,626a,70a,167a_GG_MB_2021_MdAM_final_nocolor.png,626a_Gonn_AP_Monrepos_final_nocolor.png,70a_Gonn_AP_Monrepos_final_nocolor.png
2,139,144b,420b,151a,144b_L-B_MdP_final_nocolor.png,420b_Gonn_AP_Monrepos_final_nocolor.png,151a MdA_final_nocolor.png
2,140,186a,552a,355a,186a_GG_MB_2021_MdAM_final_nocolor.png,552a_Gonn_AP_Monrepos_final_nocolor.png,355a_Gonn_AP_Monrepos_final_nocolor.png
2,141,353a,93b,201a,353a_Gonn_AP_Monrepos_final_nocolor.png,93b_Gourdan_GG_MB_2021_MAN_Piette_final_nocolor.png,201a_Peters_Graziosi 1960_final_nocolor.png
2,142,167a,241a,93a,167a_GG_MB_2021_MdAM_final_nocolor.png,241a_Badegoule_MdP_Pr.A.png,93a_Gourdan_GG_MB_2021_MAN_Piette_final_nocolor.png
2,143,144a,73b,226a,144a_L-B_MdP_final_nocolor.png,73b_Gonn_AP_Monrepos_final_nocolor.png,226a_Aguas_Sant_Final_nocolor.png
2,144,201a,420b,93b,201a_Peters_Graziosi 1960_final_nocolor.png,420b_Gonn_AP_Monrepos_final_nocolor.png,93b_Gourdan_GG_MB_2021_MAN_Piette_final_nocolor.png
2,145,370a,93a,186a,370a_Gonn_AP_Monrepos_final_nocolor.png,93a_Gourdan_GG_MB_2021_MAN_Piette_final_nocolor.png,186a_GG_MB_2021_MdAM_final_nocolor.png
2,146,353a,73b,484a,353a_Gonn_AP_Monrepos_final_nocolor.png,73b_Gonn_AP_Monrepos_final_nocolor.png,484a_Gonn_AP_Monrepos_final_nocolor.png
2,147,167a,631a,144b,167a_GG_MB_2021_MdAM_final_nocolor.png,631a_Gonn_AP_Monrepos_final_nocolor.png,144b_L-B_MdP_final_nocolor.png
2,148,144a,93a,241b,144a_L-B_MdP_final_nocolor.png,93a_Gourdan_GG_MB_2021_MAN_Piette_final_nocolor.png,241b_Badegoule_MdP_Pr.A.png
2,149,151b,555a,418a,151b_PC_DSC00570_final_nocolor.png,555a_Gonn_AP_Monrepos_final_nocolor.png,418a_Gonn_AP_Monrepos_final_nocolor.png
2,150,202a,226a,84a,202a_final_nocolor.png,226a_Aguas_Sant_Final_nocolor.png,84a_Gonn_AP_Monrepos_final_nocolor.png
2,151,144a,73a,144b,144a_L-B_MdP_final_nocolor.png,73a_Gonn_AP_Monrepos_final_nocolor.png,144b_L-B_MdP_final_nocolor.png
2,152,555a,93a,241b,555a_Gonn_AP_Monrepos_final_nocolor.png,93a_Gourdan_GG_MB_2021_MAN_Piette_final_nocolor.png,241b_Badegoule_MdP_Pr.A.png
2,153,151b,626a,552a,151b_PC_DSC00570_final_nocolor.png,626a_Gonn_AP_Monrepos_final_nocolor.png,552a_Gonn_AP_Monrepos_final_nocolor.png
2,154,226a,84a,484a,226a_Aguas_Sant_Final_nocolor.png,84a_Gonn_AP_Monrepos_final_nocolor.png,484a_Gonn_AP_Monrepos_final_nocolor.png
2,155,202b,70b,167b,202b_final_nocolor.png,70b_Gonn_AP_Monrepos_final_nocolor.png,167b_GG_MB_2021_MdAM_final_nocolor.png
2,156,360a,552a,370a,360a_Gonn_AP_Monrepos_final_nocolor.png,552a_Gonn_AP_Monrepos_final_nocolor.png,370a_Gonn_AP_Monrepos_final_nocolor.png
2,157,226a,93a,186a,226a_Aguas_Sant_Final_nocolor.png,93a_Gourdan_GG_MB_2021_MAN_Piette_final_nocolor.png,186a_GG_MB_2021_MdAM_final_nocolor.png
2,158,484a,73a,420b,484a_Gonn_AP_Monrepos_final_nocolor.png,73a_Gonn_AP_Monrepos_final_nocolor.png,420b_Gonn_AP_Monrepos_final_nocolor.png
2,159,241a,70a,555a,241a_Badegoule_MdP_Pr.A.png,70a_Gonn_AP_Monrepos_final_nocolor.png,555a_Gonn_AP_Monrepos_final_nocolor.png
2,160,418a,626a,167b,418a_Gonn_AP_Monrepos_final_nocolor.png,626a_Gonn_AP_Monrepos_final_nocolor.png,167b_GG_MB_2021_MdAM_final_nocolor.png
2,161,226a,73a,355a,226a_Aguas_Sant_Final_nocolor.png,73a_Gonn_AP_Monrepos_final_nocolor.png,355a_Gonn_AP_Monrepos_final_nocolor.png
2,162,186b,202b,73b,186b_GG_MB_2021_MdAM_final_nocolor.png,202b_final_nocolor.png,73b_Gonn_AP_Monrepos_final_nocolor.png
2,163,167a,353a,167b,167a_GG_MB_2021_MdAM_final_nocolor.png,353a_Gonn_AP_Monrepos_final_nocolor.png,167b_GG_MB_2021_MdAM_final_nocolor.png
2,164,355a,70a,226a,355a_Gonn_AP_Monrepos_final_nocolor.png,70a_Gonn_AP_Monrepos_final_nocolor.png,226a_Aguas_Sant_Final_nocolor.png
2,165,73a,93a,144b,73a_Gonn_AP_Monrepos_final_nocolor.png,93a_Gourdan_GG_MB_2021_MAN_Piette_final_nocolor.png,144b_L-B_MdP_final_nocolor.png
2,166,418a,70b,167b,418a_Gonn_AP_Monrepos_final_nocolor.png,70b_Gonn_AP_Monrepos_final_nocolor.png,167b_GG_MB_2021_MdAM_final_nocolor.png
2,167,226a,241a,70a,226a_Aguas_Sant_Final_nocolor.png,241a_Badegoule_MdP_Pr.A.png,70a_Gonn_AP_Monrepos_final_nocolor.png
2,168,186a,73a,151b,186a_GG_MB_2021_MdAM_final_nocolor.png,73a_Gonn_AP_Monrepos_final_nocolor.png,151b_PC_DSC00570_final_nocolor.png
2,169,307b,355a,84a,307b_Gonn_AP_Monrepos_final_nocolor.png,355a_Gonn_AP_Monrepos_final_nocolor.png,84a_Gonn_AP_Monrepos_final_nocolor.png
2,170,201a,226a,241a,201a_Peters_Graziosi 1960_final_nocolor.png,226a_Aguas_Sant_Final_nocolor.png,241a_Badegoule_MdP_Pr.A.png
2,171,202a,552a,151a,202a_final_nocolor.png,552a_Gonn_AP_Monrepos_final_nocolor.png,151a MdA_final_nocolor.png
2,172,73b,93b,418a,73b_Gonn_AP_Monrepos_final_nocolor.png,93b_Gourdan_GG_MB_2021_MAN_Piette_final_nocolor.png,418a_Gonn_AP_Monrepos_final_nocolor.png
2,173,201a,84a,144b,201a_Peters_Graziosi 1960_final_nocolor.png,84a_Gonn_AP_Monrepos_final_nocolor.png,144b_L-B_MdP_final_nocolor.png
2,174,144a,70a,93a,144a_L-B_MdP_final_nocolor.png,70a_Gonn_AP_Monrepos_final_nocolor.png,93a_Gourdan_GG_MB_2021_MAN_Piette_final_nocolor.png
2,175,226a,93b,484a,226a_Aguas_Sant_Final_nocolor.png,93b_Gourdan_GG_MB_2021_MAN_Piette_final_nocolor.png,484a_Gonn_AP_Monrepos_final_nocolor.png
2,176,151b,201a,420b,151b_PC_DSC00570_final_nocolor.png,201a_Peters_Graziosi 1960_final_nocolor.png,420b_Gonn_AP_Monrepos_final_nocolor.png
2,177,418a,84a,93a,418a_Gonn_AP_Monrepos_final_nocolor.png,84a_Gonn_AP_Monrepos_final_nocolor.png,93a_Gourdan_GG_MB_2021_MAN_Piette_final_nocolor.png
2,178,226a,626a,353a,226a_Aguas_Sant_Final_nocolor.png,626a_Gonn_AP_Monrepos_final_nocolor.png,353a_Gonn_AP_Monrepos_final_nocolor.png
2,179,201a,431a,73b,201a_Peters_Graziosi 1960_final_nocolor.png,431a_Gonn_AP_Monrepos_final_nocolor.png,73b_Gonn_AP_Monrepos_final_nocolor.png
2,180,360a,93a,70b,360a_Gonn_AP_Monrepos_final_nocolor.png,93a_Gourdan_GG_MB_2021_MAN_Piette_final_nocolor.png,70b_Gonn_AP_Monrepos_final_nocolor.png
2,181,167b,307a,484a,167b_GG_MB_2021_MdAM_final_nocolor.png,307a_Gonn_AP_Monrepos_final_nocolor.png,484a_Gonn_AP_Monrepos_final_nocolor.png
2,182,186a,241a,201a,186a_GG_MB_2021_MdAM_final_nocolor.png,241a_Badegoule_MdP_Pr.A.png,201a_Peters_Graziosi 1960_final_nocolor.png
2,183,353a,355a,418a,353a_Gonn_AP_Monrepos_final_nocolor.png,355a_Gonn_AP_Monrepos_final_nocolor.png,418a_Gonn_AP_Monrepos_final_nocolor.png
2,184,307a,93a,202a,307a_Gonn_AP_Monrepos_final_nocolor.png,93a_Gourdan_GG_MB_2021_MAN_Piette_final_nocolor.png,202a_final_nocolor.png
2,185,201a,626a,73a,201a_Peters_Graziosi 1960_final_nocolor.png,626a_Gonn_AP_Monrepos_final_nocolor.png,73a_Gonn_AP_Monrepos_final_nocolor.png
2,186,307b,418a,631a,307b_Gonn_AP_Monrepos_final_nocolor.png,418a_Gonn_AP_Monrepos_final_nocolor.png,631a_Gonn_AP_Monrepos_final_nocolor.png
2,187,420a,70a,241a,420a_Gonn_AP_Monrepos_final_nocolor.png,70a_Gonn_AP_Monrepos_final_nocolor.png,241a_Badegoule_MdP_Pr.A.png
2,188,201a,93a,167a,201a_Peters_Graziosi 1960_final_nocolor.png,93a_Gourdan_GG_MB_2021_MAN_Piette_final_nocolor.png,167a_GG_MB_2021_MdAM_final_nocolor.png
2,189,226b,307b,151a,226b_Aguas_Santander_final_nocolor.png,307b_Gonn_AP_Monrepos_final_nocolor.png,151a MdA_final_nocolor.png
2,190,360a,484a,418a,360a_Gonn_AP_Monrepos_final_nocolor.png,484a_Gonn_AP_Monrepos_final_nocolor.png,418a_Gonn_AP_Monrepos_final_nocolor.png
2,191,144a,420a,431a,144a_L-B_MdP_final_nocolor.png,420a_Gonn_AP_Monrepos_final_nocolor.png,431a_Gonn_AP_Monrepos_final_nocolor.png
2,192,151a,186b,202b,151a MdA_final_nocolor.png,186b_GG_MB_2021_MdAM_final_nocolor.png,202b_final_nocolor.png
2,193,241b,70a,226b,241b_Badegoule_MdP_Pr.A.png,70a_Gonn_AP_Monrepos_final_nocolor.png,226b_Aguas_Santander_final_nocolor.png
2,194,418a,420b,144b,418a_Gonn_AP_Monrepos_final_nocolor.png,420b_Gonn_AP_Monrepos_final_nocolor.png,144b_L-B_MdP_final_nocolor.png
2,195,186b,241a,202a,186b_GG_MB_2021_MdAM_final_nocolor.png,241a_Badegoule_MdP_Pr.A.png,202a_final_nocolor.png
2,196,202b,353a,73b,202b_final_nocolor.png,353a_Gonn_AP_Monrepos_final_nocolor.png,73b_Gonn_AP_Monrepos_final_nocolor.png
2,197,370a,626a,73a,370a_Gonn_AP_Monrepos_final_nocolor.png,626a_Gonn_AP_Monrepos_final_nocolor.png,73a_Gonn_AP_Monrepos_final_nocolor.png
2,198,167b,226b,420b,167b_GG_MB_2021_MdAM_final_nocolor.png,226b_Aguas_Santander_final_nocolor.png,420b_Gonn_AP_Monrepos_final_nocolor.png
2,199,151a,226a,360a,151a MdA_final_nocolor.png,226a_Aguas_Sant_Final_nocolor.png,360a_Gonn_AP_Monrepos_final_nocolor.png
2,200,151b,631a,73b,151b_PC_DSC00570_final_nocolor.png,631a_Gonn_AP_Monrepos_final_nocolor.png,73b_Gonn_AP_Monrepos_final_nocolor.png
2,201,418a,431a,307b,418a_Gonn_AP_Monrepos_final_nocolor.png,431a_Gonn_AP_Monrepos_final_nocolor.png,307b_Gonn_AP_Monrepos_final_nocolor.png
2,202,202a,84a,555a,202a_final_nocolor.png,84a_Gonn_AP_Monrepos_final_nocolor.png,555a_Gonn_AP_Monrepos_final_nocolor.png
2,203,151b,420b,202b,151b_PC_DSC00570_final_nocolor.png,420b_Gonn_AP_Monrepos_final_nocolor.png,202b_final_nocolor.png
2,204,151a,93a,631a,151a MdA_final_nocolor.png,93a_Gourdan_GG_MB_2021_MAN_Piette_final_nocolor.png,631a_Gonn_AP_Monrepos_final_nocolor.png
2,205,167b,418a,84a,167b_GG_MB_2021_MdAM_final_nocolor.png,418a_Gonn_AP_Monrepos_final_nocolor.png,84a_Gonn_AP_Monrepos_final_nocolor.png
2,206,353a,73a,151b,353a_Gonn_AP_Monrepos_final_nocolor.png,73a_Gonn_AP_Monrepos_final_nocolor.png,151b_PC_DSC00570_final_nocolor.png
2,207,226b,307b,631a,226b_Aguas_Santander_final_nocolor.png,307b_Gonn_AP_Monrepos_final_nocolor.png,631a_Gonn_AP_Monrepos_final_nocolor.png
2,208,201a,73b,370a,201a_Peters_Graziosi 1960_final_nocolor.png,73b_Gonn_AP_Monrepos_final_nocolor.png,370a_Gonn_AP_Monrepos_final_nocolor.png
2,209,151b,186b,202b,151b_PC_DSC00570_final_nocolor.png,186b_GG_MB_2021_MdAM_final_nocolor.png,202b_final_nocolor.png
2,210,418a,431a,552a,418a_Gonn_AP_Monrepos_final_nocolor.png,431a_Gonn_AP_Monrepos_final_nocolor.png,552a_Gonn_AP_Monrepos_final_nocolor.png
2,211,241a,370a,631a,241a_Badegoule_MdP_Pr.A.png,370a_Gonn_AP_Monrepos_final_nocolor.png,631a_Gonn_AP_Monrepos_final_nocolor.png
2,212,201a,555a,144a,201a_Peters_Graziosi 1960_final_nocolor.png,555a_Gonn_AP_Monrepos_final_nocolor.png,144a_L-B_MdP_final_nocolor.png
2,213,626a,93b,151b,626a_Gonn_AP_Monrepos_final_nocolor.png,93b_Gourdan_GG_MB_2021_MAN_Piette_final_nocolor.png,151b_PC_DSC00570_final_nocolor.png
2,214,307a,73b,360a,307a_Gonn_AP_Monrepos_final_nocolor.png,73b_Gonn_AP_Monrepos_final_nocolor.png,360a_Gonn_AP_Monrepos_final_nocolor.png
2,215,167a,555a,420a,167a_GG_MB_2021_MdAM_final_nocolor.png,555a_Gonn_AP_Monrepos_final_nocolor.png,420a_Gonn_AP_Monrepos_final_nocolor.png
2,216,202a,93a,144a,202a_final_nocolor.png,93a_Gourdan_GG_MB_2021_MAN_Piette_final_nocolor.png,144a_L-B_MdP_final_nocolor.png
2,217,186a,93b,360a,186a_GG_MB_2021_MdAM_final_nocolor.png,93b_Gourdan_GG_MB_2021_MAN_Piette_final_nocolor.png,360a_Gonn_AP_Monrepos_final_nocolor.png
2,218,555a,70a,420a,555a_Gonn_AP_Monrepos_final_nocolor.png,70a_Gonn_AP_Monrepos_final_nocolor.png,420a_Gonn_AP_Monrepos_final_nocolor.png
2,219,201a,552a,241b,201a_Peters_Graziosi 1960_final_nocolor.png,552a_Gonn_AP_Monrepos_final_nocolor.png,241b_Badegoule_MdP_Pr.A.png
2,220,151a,353a,186b,151a MdA_final_nocolor.png,353a_Gonn_AP_Monrepos_final_nocolor.png,186b_GG_MB_2021_MdAM_final_nocolor.png
2,221,202b,418a,360a,202b_final_nocolor.png,418a_Gonn_AP_Monrepos_final_nocolor.png,360a_Gonn_AP_Monrepos_final_nocolor.png
2,222,307b,420a,226b,307b_Gonn_AP_Monrepos_final_nocolor.png,420a_Gonn_AP_Monrepos_final_nocolor.png,226b_Aguas_Santander_final_nocolor.png
2,223,144a,353a,555a,144a_L-B_MdP_final_nocolor.png,353a_Gonn_AP_Monrepos_final_nocolor.png,555a_Gonn_AP_Monrepos_final_nocolor.png
2,224,360a,484a,241a,360a_Gonn_AP_Monrepos_final_nocolor.png,484a_Gonn_AP_Monrepos_final_nocolor.png,241a_Badegoule_MdP_Pr.A.png
2,225,626a,70a,418a,626a_Gonn_AP_Monrepos_final_nocolor.png,70a_Gonn_AP_Monrepos_final_nocolor.png,418a_Gonn_AP_Monrepos_final_nocolor.png
2,226,202b,355a,144a,202b_final_nocolor.png,355a_Gonn_AP_Monrepos_final_nocolor.png,144a_L-B_MdP_final_nocolor.png
2,227,307a,552a,226a,307a_Gonn_AP_Monrepos_final_nocolor.png,552a_Gonn_AP_Monrepos_final_nocolor.png,226a_Aguas_Sant_Final_nocolor.png
2,228,353a,70a,93b,353a_Gonn_AP_Monrepos_final_nocolor.png,70a_Gonn_AP_Monrepos_final_nocolor.png,93b_Gourdan_GG_MB_2021_MAN_Piette_final_nocolor.png
2,229,226b,484a,73a,226b_Aguas_Santander_final_nocolor.png,484a_Gonn_AP_Monrepos_final_nocolor.png,73a_Gonn_AP_Monrepos_final_nocolor.png
2,230,167b,70b,151a,167b_GG_MB_2021_MdAM_final_nocolor.png,70b_Gonn_AP_Monrepos_final_nocolor.png,151a MdA_final_nocolor.png
2,231,370a,84a,418a,370a_Gonn_AP_Monrepos_final_nocolor.png,84a_Gonn_AP_Monrepos_final_nocolor.png,418a_Gonn_AP_Monrepos_final_nocolor.png
2,232,202b,431a,484a,202b_final_nocolor.png,431a_Gonn_AP_Monrepos_final_nocolor.png,484a_Gonn_AP_Monrepos_final_nocolor.png
2,233,307a,73b,167b,307a_Gonn_AP_Monrepos_final_nocolor.png,73b_Gonn_AP_Monrepos_final_nocolor.png,167b_GG_MB_2021_MdAM_final_nocolor.png
2,234,151b,70b,84a,151b_PC_DSC00570_final_nocolor.png,70b_Gonn_AP_Monrepos_final_nocolor.png,84a_Gonn_AP_Monrepos_final_nocolor.png
2,235,186b,355a,73a,186b_GG_MB_2021_MdAM_final_nocolor.png,355a_Gonn_AP_Monrepos_final_nocolor.png,73a_Gonn_AP_Monrepos_final_nocolor.png
2,236,431a,484a,167b,431a_Gonn_AP_Monrepos_final_nocolor.png,484a_Gonn_AP_Monrepos_final_nocolor.png,167b_GG_MB_2021_MdAM_final_nocolor.png
2,237,202b,241a,144b,202b_final_nocolor.png,241a_Badegoule_MdP_Pr.A.png,144b_L-B_MdP_final_nocolor.png
2,238,360a,420a,186b,360a_Gonn_AP_Monrepos_final_nocolor.png,420a_Gonn_AP_Monrepos_final_nocolor.png,186b_GG_MB_2021_MdAM_final_nocolor.png
2,239,420b,93b,418a,420b_Gonn_AP_Monrepos_final_nocolor.png,93b_Gourdan_GG_MB_2021_MAN_Piette_final_nocolor.png,418a_Gonn_AP_Monrepos_final_nocolor.png
2,240,484a,70b,353a,484a_Gonn_AP_Monrepos_final_nocolor.png,70b_Gonn_AP_Monrepos_final_nocolor.png,353a_Gonn_AP_Monrepos_final_nocolor.png
2,241,167a,241a,370a,167a_GG_MB_2021_MdAM_final_nocolor.png,241a_Badegoule_MdP_Pr.A.png,370a_Gonn_AP_Monrepos_final_nocolor.png
2,242,241b,93b,420b,241b_Badegoule_MdP_Pr.A.png,93b_Gourdan_GG_MB_2021_MAN_Piette_final_nocolor.png,420b_Gonn_AP_Monrepos_final_nocolor.png
2,243,144b,555a,418a,144b_L-B_MdP_final_nocolor.png,555a_Gonn_AP_Monrepos_final_nocolor.png,418a_Gonn_AP_Monrepos_final_nocolor.png
2,244,151a,226a,186b,151a MdA_final_nocolor.png,226a_Aguas_Sant_Final_nocolor.png,186b_GG_MB_2021_MdAM_final_nocolor.png
2,245,241a,420a,353a,241a_Badegoule_MdP_Pr.A.png,420a_Gonn_AP_Monrepos_final_nocolor.png,353a_Gonn_AP_Monrepos_final_nocolor.png
2,246,144a,626a,631a,144a_L-B_MdP_final_nocolor.png,626a_Gonn_AP_Monrepos_final_nocolor.png,631a_Gonn_AP_Monrepos_final_nocolor.png
2,247,552a,70a,186a,552a_Gonn_AP_Monrepos_final_nocolor.png,70a_Gonn_AP_Monrepos_final_nocolor.png,186a_GG_MB_2021_MdAM_final_nocolor.png
2,248,420b,73a,93a,420b_Gonn_AP_Monrepos_final_nocolor.png,73a_Gonn_AP_Monrepos_final_nocolor.png,93a_Gourdan_GG_MB_2021_MAN_Piette_final_nocolor.png
2,249,201a,631a,144b,201a_Peters_Graziosi 1960_final_nocolor.png,631a_Gonn_AP_Monrepos_final_nocolor.png,144b_L-B_MdP_final_nocolor.png
2,250,418a,552a,186a,418a_Gonn_AP_Monrepos_final_nocolor.png,552a_Gonn_AP_Monrepos_final_nocolor.png,186a_GG_MB_2021_MdAM_final_nocolor.png
2,251,186b,241a,93a,186b_GG_MB_2021_MdAM_final_nocolor.png,241a_Badegoule_MdP_Pr.A.png,93a_Gourdan_GG_MB_2021_MAN_Piette_final_nocolor.png
2,252,201a,353a,151a,201a_Peters_Graziosi 1960_final_nocolor.png,353a_Gonn_AP_Monrepos_final_nocolor.png,151a MdA_final_nocolor.png
2,253,186a,73a,202a,186a_GG_MB_2021_MdAM_final_nocolor.png,73a_Gonn_AP_Monrepos_final_nocolor.png,202a_final_nocolor.png
2,254,360a,431a,420b,360a_Gonn_AP_Monrepos_final_nocolor.png,431a_Gonn_AP_Monrepos_final_nocolor.png,420b_Gonn_AP_Monrepos_final_nocolor.png
2,255,241b,418a,353a,241b_Badegoule_MdP_Pr.A.png,418a_Gonn_AP_Monrepos_final_nocolor.png,353a_Gonn_AP_Monrepos_final_nocolor.png
2,256,202a,420a,631a,202a_final_nocolor.png,420a_Gonn_AP_Monrepos_final_nocolor.png,631a_Gonn_AP_Monrepos_final_nocolor.png
2,257,360a,626a,555a,360a_Gonn_AP_Monrepos_final_nocolor.png,626a_Gonn_AP_Monrepos_final_nocolor.png,555a_Gonn_AP_Monrepos_final_nocolor.png
2,258,202b,241b,73a,202b_final_nocolor.png,241b_Badegoule_MdP_Pr.A.png,73a_Gonn_AP_Monrepos_final_nocolor.png
2,259,431a,70a,84a,431a_Gonn_AP_Monrepos_final_nocolor.png,70a_Gonn_AP_Monrepos_final_nocolor.png,84a_Gonn_AP_Monrepos_final_nocolor.png
2,260,360a,631a,167b,360a_Gonn_AP_Monrepos_final_nocolor.png,631a_Gonn_AP_Monrepos_final_nocolor.png,167b_GG_MB_2021_MdAM_final_nocolor.png
2,261,484a,555a,202b,484a_Gonn_AP_Monrepos_final_nocolor.png,555a_Gonn_AP_Monrepos_final_nocolor.png,202b_final_nocolor.png
2,262,167a,84a,420a,167a_GG_MB_2021_MdAM_final_nocolor.png,84a_Gonn_AP_Monrepos_final_nocolor.png,420a_Gonn_AP_Monrepos_final_nocolor.png
2,263,186b,73b,144b,186b_GG_MB_2021_MdAM_final_nocolor.png,73b_Gonn_AP_Monrepos_final_nocolor.png,144b_L-B_MdP_final_nocolor.png
2,264,186a,484a,431a,186a_GG_MB_2021_MdAM_final_nocolor.png,484a_Gonn_AP_Monrepos_final_nocolor.png,431a_Gonn_AP_Monrepos_final_nocolor.png
2,265,552a,70a,555a,552a_Gonn_AP_Monrepos_final_nocolor.png,70a_Gonn_AP_Monrepos_final_nocolor.png,555a_Gonn_AP_Monrepos_final_nocolor.png
2,266,144b,370a,307a,144b_L-B_MdP_final_nocolor.png,370a_Gonn_AP_Monrepos_final_nocolor.png,307a_Gonn_AP_Monrepos_final_nocolor.png
2,267,226a,431a,186a,226a_Aguas_Sant_Final_nocolor.png,431a_Gonn_AP_Monrepos_final_nocolor.png,186a_GG_MB_2021_MdAM_final_nocolor.png
2,268,484a,552a,420a,484a_Gonn_AP_Monrepos_final_nocolor.png,552a_Gonn_AP_Monrepos_final_nocolor.png,420a_Gonn_AP_Monrepos_final_nocolor.png
2,269,631a,73a,241a,631a_Gonn_AP_Monrepos_final_nocolor.png,73a_Gonn_AP_Monrepos_final_nocolor.png,241a_Badegoule_MdP_Pr.A.png
2,270,144b,70b,151b,144b_L-B_MdP_final_nocolor.png,70b_Gonn_AP_Monrepos_final_nocolor.png,151b_PC_DSC00570_final_nocolor.png
2,271,201a,626a,420a,201a_Peters_Graziosi 1960_final_nocolor.png,626a_Gonn_AP_Monrepos_final_nocolor.png,420a_Gonn_AP_Monrepos_final_nocolor.png
2,272,431a,555a,73a,431a_Gonn_AP_Monrepos_final_nocolor.png,555a_Gonn_AP_Monrepos_final_nocolor.png,73a_Gonn_AP_Monrepos_final_nocolor.png
2,273,186a,370a,167a,186a_GG_MB_2021_MdAM_final_nocolor.png,370a_Gonn_AP_Monrepos_final_nocolor.png,167a_GG_MB_2021_MdAM_final_nocolor.png
2,274,70a,73b,307b,70a_Gonn_AP_Monrepos_final_nocolor.png,73b_Gonn_AP_Monrepos_final_nocolor.png,307b_Gonn_AP_Monrepos_final_nocolor.png
2,275,151a,73a,144b,151a MdA_final_nocolor.png,73a_Gonn_AP_Monrepos_final_nocolor.png,144b_L-B_MdP_final_nocolor.png
2,276,186a,226b,360a,186a_GG_MB_2021_MdAM_final_nocolor.png,226b_Aguas_Santander_final_nocolor.png,360a_Gonn_AP_Monrepos_final_nocolor.png
2,277,226a,626a,167a,226a_Aguas_Sant_Final_nocolor.png,626a_Gonn_AP_Monrepos_final_nocolor.png,167a_GG_MB_2021_MdAM_final_nocolor.png
2,278,186b,431a,151a,186b_GG_MB_2021_MdAM_final_nocolor.png,431a_Gonn_AP_Monrepos_final_nocolor.png,151a MdA_final_nocolor.png
2,279,202a,631a,186a,202a_final_nocolor.png,631a_Gonn_AP_Monrepos_final_nocolor.png,186a_GG_MB_2021_MdAM_final_nocolor.png
2,280,307b,73a,70b,307b_Gonn_AP_Monrepos_final_nocolor.png,73a_Gonn_AP_Monrepos_final_nocolor.png,70b_Gonn_AP_Monrepos_final_nocolor.png
2,281,151a,226b,370a,151a MdA_final_nocolor.png,226b_Aguas_Santander_final_nocolor.png,370a_Gonn_AP_Monrepos_final_nocolor.png
2,282,431a,555a,355a,431a_Gonn_AP_Monrepos_final_nocolor.png,555a_Gonn_AP_Monrepos_final_nocolor.png,355a_Gonn_AP_Monrepos_final_nocolor.png
2,283,151b,186a,626a,151b_PC_DSC00570_final_nocolor.png,186a_GG_MB_2021_MdAM_final_nocolor.png,626a_Gonn_AP_Monrepos_final_nocolor.png
2,284,144a,70b,70a,144a_L-B_MdP_final_nocolor.png,70b_Gonn_AP_Monrepos_final_nocolor.png,70a_Gonn_AP_Monrepos_final_nocolor.png
2,285,201a,552a,420b,201a_Peters_Graziosi 1960_final_nocolor.png,552a_Gonn_AP_Monrepos_final_nocolor.png,420b_Gonn_AP_Monrepos_final_nocolor.png
2,286,226a,226b,307a,226a_Aguas_Sant_Final_nocolor.png,226b_Aguas_Santander_final_nocolor.png,307a_Gonn_AP_Monrepos_final_nocolor.png
2,287,418a,631a,151a,418a_Gonn_AP_Monrepos_final_nocolor.png,631a_Gonn_AP_Monrepos_final_nocolor.png,151a MdA_final_nocolor.png
2,288,186b,552a,201a,186b_GG_MB_2021_MdAM_final_nocolor.png,552a_Gonn_AP_Monrepos_final_nocolor.png,201a_Peters_Graziosi 1960_final_nocolor.png
2,289,226b,555a,70a,226b_Aguas_Santander_final_nocolor.png,555a_Gonn_AP_Monrepos_final_nocolor.png,70a_Gonn_AP_Monrepos_final_nocolor.png
2,290,151a,626a,420b,151a MdA_final_nocolor.png,626a_Gonn_AP_Monrepos_final_nocolor.png,420b_Gonn_AP_Monrepos_final_nocolor.png
2,291,241a,370a,202b,241a_Badegoule_MdP_Pr.A.png,370a_Gonn_AP_Monrepos_final_nocolor.png,202b_final_nocolor.png
2,292,186a,73a,418a,186a_GG_MB_2021_MdAM_final_nocolor.png,73a_Gonn_AP_Monrepos_final_nocolor.png,418a_Gonn_AP_Monrepos_final_nocolor.png
2,293,226b,631a,353a,226b_Aguas_Santander_final_nocolor.png,631a_Gonn_AP_Monrepos_final_nocolor.png,353a_Gonn_AP_Monrepos_final_nocolor.png
2,294,355a,70b,167b,355a_Gonn_AP_Monrepos_final_nocolor.png,70b_Gonn_AP_Monrepos_final_nocolor.png,167b_GG_MB_2021_MdAM_final_nocolor.png
2,295,360a,93b,307a,360a_Gonn_AP_Monrepos_final_nocolor.png,93b_Gourdan_GG_MB_2021_MAN_Piette_final_nocolor.png,307a_Gonn_AP_Monrepos_final_nocolor.png
2,296,226a,226b,84a,226a_Aguas_Sant_Final_nocolor.png,226b_Aguas_Santander_final_nocolor.png,84a_Gonn_AP_Monrepos_final_nocolor.png
2,297,70b,73a,186a,70b_Gonn_AP_Monrepos_final_nocolor.png,73a_Gonn_AP_Monrepos_final_nocolor.png,186a_GG_MB_2021_MdAM_final_nocolor.png
2,298,144b,73b,631a,144b_L-B_MdP_final_nocolor.png,73b_Gonn_AP_Monrepos_final_nocolor.png,631a_Gonn_AP_Monrepos_final_nocolor.png
2,299,201a,307a,555a,201a_Peters_Graziosi 1960_final_nocolor.png,307a_Gonn_AP_Monrepos_final_nocolor.png,555a_Gonn_AP_Monrepos_final_nocolor.png
2,300,186a,202a,186b,186a_GG_MB_2021_MdAM_final_nocolor.png,202a_final_nocolor.png,186b_GG_MB_2021_MdAM_final_nocolor.png
2,301,353a,73a,167a,353a_Gonn_AP_Monrepos_final_nocolor.png,73a_Gonn_AP_Monrepos_final_nocolor.png,167a_GG_MB_2021_MdAM_final_nocolor.png
2,302,151a,226b,418a,151a MdA_final_nocolor.png,226b_Aguas_Santander_final_nocolor.png,418a_Gonn_AP_Monrepos_final_nocolor.png
2,303,360a,370a,631a,360a_Gonn_AP_Monrepos_final_nocolor.png,370a_Gonn_AP_Monrepos_final_nocolor.png,631a_Gonn_AP_Monrepos_final_nocolor.png
2,304,555a,73a,552a,555a_Gonn_AP_Monrepos_final_nocolor.png,73a_Gonn_AP_Monrepos_final_nocolor.png,552a_Gonn_AP_Monrepos_final_nocolor.png
2,305,151a,167a,73b,151a MdA_final_nocolor.png,167a_GG_MB_2021_MdAM_final_nocolor.png,73b_Gonn_AP_Monrepos_final_nocolor.png
2,306,484a,84a,70b,484a_Gonn_AP_Monrepos_final_nocolor.png,84a_Gonn_AP_Monrepos_final_nocolor.png,70b_Gonn_AP_Monrepos_final_nocolor.png
2,307,431a,93b,73a,431a_Gonn_AP_Monrepos_final_nocolor.png,93b_Gourdan_GG_MB_2021_MAN_Piette_final_nocolor.png,73a_Gonn_AP_Monrepos_final_nocolor.png
2,308,167a,552a,555a,167a_GG_MB_2021_MdAM_final_nocolor.png,552a_Gonn_AP_Monrepos_final_nocolor.png,555a_Gonn_AP_Monrepos_final_nocolor.png
2,309,151b,420a,631a,151b_PC_DSC00570_final_nocolor.png,420a_Gonn_AP_Monrepos_final_nocolor.png,631a_Gonn_AP_Monrepos_final_nocolor.png
2,310,70a,84a,202b,70a_Gonn_AP_Monrepos_final_nocolor.png,84a_Gonn_AP_Monrepos_final_nocolor.png,202b_final_nocolor.png
2,311,226a,70b,167b,226a_Aguas_Sant_Final_nocolor.png,70b_Gonn_AP_Monrepos_final_nocolor.png,167b_GG_MB_2021_MdAM_final_nocolor.png
2,312,144a,151a,631a,144a_L-B_MdP_final_nocolor.png,151a MdA_final_nocolor.png,631a_Gonn_AP_Monrepos_final_nocolor.png
2,313,167a,186a,84a,167a_GG_MB_2021_MdAM_final_nocolor.png,186a_GG_MB_2021_MdAM_final_nocolor.png,84a_Gonn_AP_Monrepos_final_nocolor.png
2,314,144b,418a,420b,144b_L-B_MdP_final_nocolor.png,418a_Gonn_AP_Monrepos_final_nocolor.png,420b_Gonn_AP_Monrepos_final_nocolor.png
2,315,307b,631a,70a,307b_Gonn_AP_Monrepos_final_nocolor.png,631a_Gonn_AP_Monrepos_final_nocolor.png,70a_Gonn_AP_Monrepos_final_nocolor.png
2,316,167a,84a,353a,167a_GG_MB_2021_MdAM_final_nocolor.png,84a_Gonn_AP_Monrepos_final_nocolor.png,353a_Gonn_AP_Monrepos_final_nocolor.png
2,317,144a,626a,241b,144a_L-B_MdP_final_nocolor.png,626a_Gonn_AP_Monrepos_final_nocolor.png,241b_Badegoule_MdP_Pr.A.png
2,318,151a,431a,151b,151a MdA_final_nocolor.png,431a_Gonn_AP_Monrepos_final_nocolor.png,151b_PC_DSC00570_final_nocolor.png
2,319,144b,353a,631a,144b_L-B_MdP_final_nocolor.png,353a_Gonn_AP_Monrepos_final_nocolor.png,631a_Gonn_AP_Monrepos_final_nocolor.png
2,320,167a,73b,226a,167a_GG_MB_2021_MdAM_final_nocolor.png,73b_Gonn_AP_Monrepos_final_nocolor.png,226a_Aguas_Sant_Final_nocolor.png
2,321,241b,93b,370a,241b_Badegoule_MdP_Pr.A.png,93b_Gourdan_GG_MB_2021_MAN_Piette_final_nocolor.png,370a_Gonn_AP_Monrepos_final_nocolor.png
2,322,631a,93a,431a,631a_Gonn_AP_Monrepos_final_nocolor.png,93a_Gourdan_GG_MB_2021_MAN_Piette_final_nocolor.png,431a_Gonn_AP_Monrepos_final_nocolor.png
2,323,626a,73b,151b,626a_Gonn_AP_Monrepos_final_nocolor.png,73b_Gonn_AP_Monrepos_final_nocolor.png,151b_PC_DSC00570_final_nocolor.png
2,324,355a,93b,552a,355a_Gonn_AP_Monrepos_final_nocolor.png,93b_Gourdan_GG_MB_2021_MAN_Piette_final_nocolor.png,552a_Gonn_AP_Monrepos_final_nocolor.png
2,325,241b,631a,431a,241b_Badegoule_MdP_Pr.A.png,631a_Gonn_AP_Monrepos_final_nocolor.png,431a_Gonn_AP_Monrepos_final_nocolor.png
2,326,307a,484a,186a,307a_Gonn_AP_Monrepos_final_nocolor.png,484a_Gonn_AP_Monrepos_final_nocolor.png,186a_GG_MB_2021_MdAM_final_nocolor.png
2,327,353a,73a,202a,353a_Gonn_AP_Monrepos_final_nocolor.png,73a_Gonn_AP_Monrepos_final_nocolor.png,202a_final_nocolor.png
2,328,431a,73b,167b,431a_Gonn_AP_Monrepos_final_nocolor.png,73b_Gonn_AP_Monrepos_final_nocolor.png,167b_GG_MB_2021_MdAM_final_nocolor.png
2,329,241a,307b,151b,241a_Badegoule_MdP_Pr.A.png,307b_Gonn_AP_Monrepos_final_nocolor.png,151b_PC_DSC00570_final_nocolor.png
2,330,201a,202a,360a,201a_Peters_Graziosi 1960_final_nocolor.png,202a_final_nocolor.png,360a_Gonn_AP_Monrepos_final_nocolor.png
2,331,431a,93a,84a,431a_Gonn_AP_Monrepos_final_nocolor.png,93a_Gourdan_GG_MB_2021_MAN_Piette_final_nocolor.png,84a_Gonn_AP_Monrepos_final_nocolor.png
2,332,420a,70b,484a,420a_Gonn_AP_Monrepos_final_nocolor.png,70b_Gonn_AP_Monrepos_final_nocolor.png,484a_Gonn_AP_Monrepos_final_nocolor.png
2,333,360a,73b,631a,360a_Gonn_AP_Monrepos_final_nocolor.png,73b_Gonn_AP_Monrepos_final_nocolor.png,631a_Gonn_AP_Monrepos_final_nocolor.png
2,334,241a,552a,307b,241a_Badegoule_MdP_Pr.A.png,552a_Gonn_AP_Monrepos_final_nocolor.png,307b_Gonn_AP_Monrepos_final_nocolor.png
2,335,167b,241b,420a,167b_GG_MB_2021_MdAM_final_nocolor.png,241b_Badegoule_MdP_Pr.A.png,420a_Gonn_AP_Monrepos_final_nocolor.png
2,336,370a,70a,631a,370a_Gonn_AP_Monrepos_final_nocolor.png,70a_Gonn_AP_Monrepos_final_nocolor.png,631a_Gonn_AP_Monrepos_final_nocolor.png
2,337,353a,626a,484a,353a_Gonn_AP_Monrepos_final_nocolor.png,626a_Gonn_AP_Monrepos_final_nocolor.png,484a_Gonn_AP_Monrepos_final_nocolor.png
2,338,355a,93b,70b,355a_Gonn_AP_Monrepos_final_nocolor.png,93b_Gourdan_GG_MB_2021_MAN_Piette_final_nocolor.png,70b_Gonn_AP_Monrepos_final_nocolor.png
2,339,201a,631a,144a,201a_Peters_Graziosi 1960_final_nocolor.png,631a_Gonn_AP_Monrepos_final_nocolor.png,144a_L-B_MdP_final_nocolor.png
2,340,144b,73b,226b,144b_L-B_MdP_final_nocolor.png,73b_Gonn_AP_Monrepos_final_nocolor.png,226b_Aguas_Santander_final_nocolor.png
2,341,167a,93b,70a,167a_GG_MB_2021_MdAM_final_nocolor.png,93b_Gourdan_GG_MB_2021_MAN_Piette_final_nocolor.png,70a_Gonn_AP_Monrepos_final_nocolor.png
2,342,552a,626a,360a,552a_Gonn_AP_Monrepos_final_nocolor.png,626a_Gonn_AP_Monrepos_final_nocolor.png,360a_Gonn_AP_Monrepos_final_nocolor.png
2,343,144b,202b,144a,144b_L-B_MdP_final_nocolor.png,202b_final_nocolor.png,144a_L-B_MdP_final_nocolor.png
2,344,226a,226b,202a,226a_Aguas_Sant_Final_nocolor.png,226b_Aguas_Santander_final_nocolor.png,202a_final_nocolor.png
2,345,420b,626a,353a,420b_Gonn_AP_Monrepos_final_nocolor.png,626a_Gonn_AP_Monrepos_final_nocolor.png,353a_Gonn_AP_Monrepos_final_nocolor.png
2,346,144a,484a,360a,144a_L-B_MdP_final_nocolor.png,484a_Gonn_AP_Monrepos_final_nocolor.png,360a_Gonn_AP_Monrepos_final_nocolor.png
2,347,307a,552a,151a,307a_Gonn_AP_Monrepos_final_nocolor.png,552a_Gonn_AP_Monrepos_final_nocolor.png,151a MdA_final_nocolor.png
2,348,167b,201a,70b,167b_GG_MB_2021_MdAM_final_nocolor.png,201a_Peters_Graziosi 1960_final_nocolor.png,70b_Gonn_AP_Monrepos_final_nocolor.png
2,349,167a,73a,241a,167a_GG_MB_2021_MdAM_final_nocolor.png,73a_Gonn_AP_Monrepos_final_nocolor.png,241a_Badegoule_MdP_Pr.A.png
2,350,353a,360a,552a,353a_Gonn_AP_Monrepos_final_nocolor.png,360a_Gonn_AP_Monrepos_final_nocolor.png,552a_Gonn_AP_Monrepos_final_nocolor.png
2,351,151a,355a,167b,151a MdA_final_nocolor.png,355a_Gonn_AP_Monrepos_final_nocolor.png,167b_GG_MB_2021_MdAM_final_nocolor.png
2,352,201a,431a,307a,201a_Peters_Graziosi 1960_final_nocolor.png,431a_Gonn_AP_Monrepos_final_nocolor.png,307a_Gonn_AP_Monrepos_final_nocolor.png
2,353,552a,70b,202b,552a_Gonn_AP_Monrepos_final_nocolor.png,70b_Gonn_AP_Monrepos_final_nocolor.png,202b_final_nocolor.png
2,354,631a,70a,355a,631a_Gonn_AP_Monrepos_final_nocolor.png,70a_Gonn_AP_Monrepos_final_nocolor.png,355a_Gonn_AP_Monrepos_final_nocolor.png
2,355,353a,93b,167a,353a_Gonn_AP_Monrepos_final_nocolor.png,93b_Gourdan_GG_MB_2021_MAN_Piette_final_nocolor.png,167a_GG_MB_2021_MdAM_final_nocolor.png
2,356,167b,370a,626a,167b_GG_MB_2021_MdAM_final_nocolor.png,370a_Gonn_AP_Monrepos_final_nocolor.png,626a_Gonn_AP_Monrepos_final_nocolor.png
2,357,226b,93a,420b,226b_Aguas_Santander_final_nocolor.png,93a_Gourdan_GG_MB_2021_MAN_Piette_final_nocolor.png,420b_Gonn_AP_Monrepos_final_nocolor.png
2,358,151b,167a,555a,151b_PC_DSC00570_final_nocolor.png,167a_GG_MB_2021_MdAM_final_nocolor.png,555a_Gonn_AP_Monrepos_final_nocolor.png
2,359,144b,73a,241b,144b_L-B_MdP_final_nocolor.png,73a_Gonn_AP_Monrepos_final_nocolor.png,241b_Badegoule_MdP_Pr.A.png
2,360,226b,626a,552a,226b_Aguas_Santander_final_nocolor.png,626a_Gonn_AP_Monrepos_final_nocolor.png,552a_Gonn_AP_Monrepos_final_nocolor.png
2,361,307b,555a,84a,307b_Gonn_AP_Monrepos_final_nocolor.png,555a_Gonn_AP_Monrepos_final_nocolor.png,84a_Gonn_AP_Monrepos_final_nocolor.png
2,362,186b,202a,353a,186b_GG_MB_2021_MdAM_final_nocolor.png,202a_final_nocolor.png,353a_Gonn_AP_Monrepos_final_nocolor.png
2,363,151a,631a,241b,151a MdA_final_nocolor.png,631a_Gonn_AP_Monrepos_final_nocolor.png,241b_Badegoule_MdP_Pr.A.png
2,364,226a,552a,151b,226a_Aguas_Sant_Final_nocolor.png,552a_Gonn_AP_Monrepos_final_nocolor.png,151b_PC_DSC00570_final_nocolor.png
2,365,431a,484a,307b,431a_Gonn_AP_Monrepos_final_nocolor.png,484a_Gonn_AP_Monrepos_final_nocolor.png,307b_Gonn_AP_Monrepos_final_nocolor.png
2,366,353a,370a,241b,353a_Gonn_AP_Monrepos_final_nocolor.png,370a_Gonn_AP_Monrepos_final_nocolor.png,241b_Badegoule_MdP_Pr.A.png
2,367,151a,241a,73b,151a MdA_final_nocolor.png,241a_Badegoule_MdP_Pr.A.png,73b_Gonn_AP_Monrepos_final_nocolor.png
2,368,226b,631a,93b,226b_Aguas_Santander_final_nocolor.png,631a_Gonn_AP_Monrepos_final_nocolor.png,93b_Gourdan_GG_MB_2021_MAN_Piette_final_nocolor.png
2,369,144b,370a,226a,144b_L-B_MdP_final_nocolor.png,370a_Gonn_AP_Monrepos_final_nocolor.png,226a_Aguas_Sant_Final_nocolor.png
2,370,241b,360a,431a,241b_Badegoule_MdP_Pr.A.png,360a_Gonn_AP_Monrepos_final_nocolor.png,431a_Gonn_AP_Monrepos_final_nocolor.png
2,371,307b,70b,420b,307b_Gonn_AP_Monrepos_final_nocolor.png,70b_Gonn_AP_Monrepos_final_nocolor.png,420b_Gonn_AP_Monrepos_final_nocolor.png
2,372,355a,370a,73a,355a_Gonn_AP_Monrepos_final_nocolor.png,370a_Gonn_AP_Monrepos_final_nocolor.png,73a_Gonn_AP_Monrepos_final_nocolor.png
2,373,144b,93b,418a,144b_L-B_MdP_final_nocolor.png,93b_Gourdan_GG_MB_2021_MAN_Piette_final_nocolor.png,418a_Gonn_AP_Monrepos_final_nocolor.png
2,374,186b,631a,167a,186b_GG_MB_2021_MdAM_final_nocolor.png,631a_Gonn_AP_Monrepos_final_nocolor.png,167a_GG_MB_2021_MdAM_final_nocolor.png
2,375,73a,84a,93a,73a_Gonn_AP_Monrepos_final_nocolor.png,84a_Gonn_AP_Monrepos_final_nocolor.png,93a_Gourdan_GG_MB_2021_MAN_Piette_final_nocolor.png
2,376,431a,93b,167b,431a_Gonn_AP_Monrepos_final_nocolor.png,93b_Gourdan_GG_MB_2021_MAN_Piette_final_nocolor.png,167b_GG_MB_2021_MdAM_final_nocolor.png
2,377,151b,186b,144b,151b_PC_DSC00570_final_nocolor.png,186b_GG_MB_2021_MdAM_final_nocolor.png,144b_L-B_MdP_final_nocolor.png
2,378,226b,360a,151a,226b_Aguas_Santander_final_nocolor.png,360a_Gonn_AP_Monrepos_final_nocolor.png,151a MdA_final_nocolor.png
2,379,431a,93a,355a,431a_Gonn_AP_Monrepos_final_nocolor.png,93a_Gourdan_GG_MB_2021_MAN_Piette_final_nocolor.png,355a_Gonn_AP_Monrepos_final_nocolor.png
2,380,151b,93b,73a,151b_PC_DSC00570_final_nocolor.png,93b_Gourdan_GG_MB_2021_MAN_Piette_final_nocolor.png,73a_Gonn_AP_Monrepos_final_nocolor.png
2,381,167b,186b,144a,167b_GG_MB_2021_MdAM_final_nocolor.png,186b_GG_MB_2021_MdAM_final_nocolor.png,144a_L-B_MdP_final_nocolor.png
2,382,201a,484a,307a,201a_Peters_Graziosi 1960_final_nocolor.png,484a_Gonn_AP_Monrepos_final_nocolor.png,307a_Gonn_AP_Monrepos_final_nocolor.png
2,383,241b,355a,73a,241b_Badegoule_MdP_Pr.A.png,355a_Gonn_AP_Monrepos_final_nocolor.png,73a_Gonn_AP_Monrepos_final_nocolor.png
2,384,167b,631a,626a,167b_GG_MB_2021_MdAM_final_nocolor.png,631a_Gonn_AP_Monrepos_final_nocolor.png,626a_Gonn_AP_Monrepos_final_nocolor.png
2,385,201a,93a,186b,201a_Peters_Graziosi 1960_final_nocolor.png,93a_Gourdan_GG_MB_2021_MAN_Piette_final_nocolor.png,186b_GG_MB_2021_MdAM_final_nocolor.png
2,386,186a,241a,484a,186a_GG_MB_2021_MdAM_final_nocolor.png,241a_Badegoule_MdP_Pr.A.png,484a_Gonn_AP_Monrepos_final_nocolor.png
2,387,167b,420b,70a,167b_GG_MB_2021_MdAM_final_nocolor.png,420b_Gonn_AP_Monrepos_final_nocolor.png,70a_Gonn_AP_Monrepos_final_nocolor.png
2,388,201a,93b,151b,201a_Peters_Graziosi 1960_final_nocolor.png,93b_Gourdan_GG_MB_2021_MAN_Piette_final_nocolor.png,151b_PC_DSC00570_final_nocolor.png
2,389,484a,626a,84a,484a_Gonn_AP_Monrepos_final_nocolor.png,626a_Gonn_AP_Monrepos_final_nocolor.png,84a_Gonn_AP_Monrepos_final_nocolor.png
2,390,144a,93a,70a,144a_L-B_MdP_final_nocolor.png,93a_Gourdan_GG_MB_2021_MAN_Piette_final_nocolor.png,70a_Gonn_AP_Monrepos_final_nocolor.png
2,391,186b,201a,353a,186b_GG_MB_2021_MdAM_final_nocolor.png,201a_Peters_Graziosi 1960_final_nocolor.png,353a_Gonn_AP_Monrepos_final_nocolor.png
2,392,360a,420b,167a,360a_Gonn_AP_Monrepos_final_nocolor.png,420b_Gonn_AP_Monrepos_final_nocolor.png,167a_GG_MB_2021_MdAM_final_nocolor.png
2,393,226b,70b,70a,226b_Aguas_Santander_final_nocolor.png,70b_Gonn_AP_Monrepos_final_nocolor.png,70a_Gonn_AP_Monrepos_final_nocolor.png
2,394,73a,73b,186b,73a_Gonn_AP_Monrepos_final_nocolor.png,73b_Gonn_AP_Monrepos_final_nocolor.png,186b_GG_MB_2021_MdAM_final_nocolor.png
2,395,241b,360a,241a,241b_Badegoule_MdP_Pr.A.png,360a_Gonn_AP_Monrepos_final_nocolor.png,241a_Badegoule_MdP_Pr.A.png
2,396,167b,420b,202b,167b_GG_MB_2021_MdAM_final_nocolor.png,420b_Gonn_AP_Monrepos_final_nocolor.png,202b_final_nocolor.png
2,397,144a,370a,73b,144a_L-B_MdP_final_nocolor.png,370a_Gonn_AP_Monrepos_final_nocolor.png,73b_Gonn_AP_Monrepos_final_nocolor.png
2,398,186a,353a,201a,186a_GG_MB_2021_MdAM_final_nocolor.png,353a_Gonn_AP_Monrepos_final_nocolor.png,201a_Peters_Graziosi 1960_final_nocolor.png
2,399,552a,84a,241b,552a_Gonn_AP_Monrepos_final_nocolor.png,84a_Gonn_AP_Monrepos_final_nocolor.png,241b_Badegoule_MdP_Pr.A.png
2,400,370a,70b,431a,370a_Gonn_AP_Monrepos_final_nocolor.png,70b_Gonn_AP_Monrepos_final_nocolor.png,431a_Gonn_AP_Monrepos_final_nocolor.png
2,401,202a,70a,93a,202a_final_nocolor.png,70a_Gonn_AP_Monrepos_final_nocolor.png,93a_Gourdan_GG_MB_2021_MAN_Piette_final_nocolor.png
2,402,201a,84a,555a,201a_Peters_Graziosi 1960_final_nocolor.png,84a_Gonn_AP_Monrepos_final_nocolor.png,555a_Gonn_AP_Monrepos_final_nocolor.png
2,403,307b,370a,241b,307b_Gonn_AP_Monrepos_final_nocolor.png,370a_Gonn_AP_Monrepos_final_nocolor.png,241b_Badegoule_MdP_Pr.A.png
2,404,360a,70b,93a,360a_Gonn_AP_Monrepos_final_nocolor.png,70b_Gonn_AP_Monrepos_final_nocolor.png,93a_Gourdan_GG_MB_2021_MAN_Piette_final_nocolor.png
2,405,420b,431a,552a,420b_Gonn_AP_Monrepos_final_nocolor.png,431a_Gonn_AP_Monrepos_final_nocolor.png,552a_Gonn_AP_Monrepos_final_nocolor.png
2,406,151b,202a,144a,151b_PC_DSC00570_final_nocolor.png,202a_final_nocolor.png,144a_L-B_MdP_final_nocolor.png
2,407,241b,484a,307a,241b_Badegoule_MdP_Pr.A.png,484a_Gonn_AP_Monrepos_final_nocolor.png,307a_Gonn_AP_Monrepos_final_nocolor.png
2,408,186a,431a,151a,186a_GG_MB_2021_MdAM_final_nocolor.png,431a_Gonn_AP_Monrepos_final_nocolor.png,151a MdA_final_nocolor.png
2,409,226a,70a,202b,226a_Aguas_Sant_Final_nocolor.png,70a_Gonn_AP_Monrepos_final_nocolor.png,202b_final_nocolor.png
2,410,418a,420b,144a,418a_Gonn_AP_Monrepos_final_nocolor.png,420b_Gonn_AP_Monrepos_final_nocolor.png,144a_L-B_MdP_final_nocolor.png
2,411,151a,631a,73a,151a MdA_final_nocolor.png,631a_Gonn_AP_Monrepos_final_nocolor.png,73a_Gonn_AP_Monrepos_final_nocolor.png
2,412,552a,555a,201a,552a_Gonn_AP_Monrepos_final_nocolor.png,555a_Gonn_AP_Monrepos_final_nocolor.png,201a_Peters_Graziosi 1960_final_nocolor.png
2,413,167a,307b,93b,167a_GG_MB_2021_MdAM_final_nocolor.png,307b_Gonn_AP_Monrepos_final_nocolor.png,93b_Gourdan_GG_MB_2021_MAN_Piette_final_nocolor.png
2,414,144b,370a,73a,144b_L-B_MdP_final_nocolor.png,370a_Gonn_AP_Monrepos_final_nocolor.png,73a_Gonn_AP_Monrepos_final_nocolor.png
2,415,151a,226b,93a,151a MdA_final_nocolor.png,226b_Aguas_Santander_final_nocolor.png,93a_Gourdan_GG_MB_2021_MAN_Piette_final_nocolor.png
2,416,201a,73b,167b,201a_Peters_Graziosi 1960_final_nocolor.png,73b_Gonn_AP_Monrepos_final_nocolor.png,167b_GG_MB_2021_MdAM_final_nocolor.png
2,417,307a,355a,186b,307a_Gonn_AP_Monrepos_final_nocolor.png,355a_Gonn_AP_Monrepos_final_nocolor.png,186b_GG_MB_2021_MdAM_final_nocolor.png
2,418,226b,241a,167a,226b_Aguas_Santander_final_nocolor.png,241a_Badegoule_MdP_Pr.A.png,167a_GG_MB_2021_MdAM_final_nocolor.png
2,419,144a,420b,93b,144a_L-B_MdP_final_nocolor.png,420b_Gonn_AP_Monrepos_final_nocolor.png,93b_Gourdan_GG_MB_2021_MAN_Piette_final_nocolor.png
2,420,84a,93a,186b,84a_Gonn_AP_Monrepos_final_nocolor.png,93a_Gourdan_GG_MB_2021_MAN_Piette_final_nocolor.png,186b_GG_MB_2021_MdAM_final_nocolor.png
2,421,167b,431a,420a,167b_GG_MB_2021_MdAM_final_nocolor.png,431a_Gonn_AP_Monrepos_final_nocolor.png,420a_Gonn_AP_Monrepos_final_nocolor.png
2,422,186a,70a,93b,186a_GG_MB_2021_MdAM_final_nocolor.png,70a_Gonn_AP_Monrepos_final_nocolor.png,93b_Gourdan_GG_MB_2021_MAN_Piette_final_nocolor.png
2,423,307a,484a,73a,307a_Gonn_AP_Monrepos_final_nocolor.png,484a_Gonn_AP_Monrepos_final_nocolor.png,73a_Gonn_AP_Monrepos_final_nocolor.png
2,424,420b,626a,431a,420b_Gonn_AP_Monrepos_final_nocolor.png,626a_Gonn_AP_Monrepos_final_nocolor.png,431a_Gonn_AP_Monrepos_final_nocolor.png
2,425,186b,360a,353a,186b_GG_MB_2021_MdAM_final_nocolor.png,360a_Gonn_AP_Monrepos_final_nocolor.png,353a_Gonn_AP_Monrepos_final_nocolor.png
2,426,307b,552a,484a,307b_Gonn_AP_Monrepos_final_nocolor.png,552a_Gonn_AP_Monrepos_final_nocolor.png,484a_Gonn_AP_Monrepos_final_nocolor.png
2,427,202a,420b,167b,202a_final_nocolor.png,420b_Gonn_AP_Monrepos_final_nocolor.png,167b_GG_MB_2021_MdAM_final_nocolor.png
2,428,420a,93a,151a,420a_Gonn_AP_Monrepos_final_nocolor.png,93a_Gourdan_GG_MB_2021_MAN_Piette_final_nocolor.png,151a MdA_final_nocolor.png
3,1,167a,73a,84a,167a_GG_MB_2021_MdAM_final_nocolor.png,73a_Gonn_AP_Monrepos_final_nocolor.png,84a_Gonn_AP_Monrepos_final_nocolor.png
3,2,307b,631a,151b,307b_Gonn_AP_Monrepos_final_nocolor.png,631a_Gonn_AP_Monrepos_final_nocolor.png,151b_PC_DSC00570_final_nocolor.png
3,3,144b,151a,73b,144b_L-B_MdP_final_nocolor.png,151a MdA_final_nocolor.png,73b_Gonn_AP_Monrepos_final_nocolor.png
3,4,201a,484a,202b,201a_Peters_Graziosi 1960_final_nocolor.png,484a_Gonn_AP_Monrepos_final_nocolor.png,202b_final_nocolor.png
3,5,151b,370a,226a,151b_PC_DSC00570_final_nocolor.png,370a_Gonn_AP_Monrepos_final_nocolor.png,226a_Aguas_Sant_Final_nocolor.png
3,6,360a,631a,93a,360a_Gonn_AP_Monrepos_final_nocolor.png,631a_Gonn_AP_Monrepos_final_nocolor.png,93a_Gourdan_GG_MB_2021_MAN_Piette_final_nocolor.png
3,7,201a,307b,552a,201a_Peters_Graziosi 1960_final_nocolor.png,307b_Gonn_AP_Monrepos_final_nocolor.png,552a_Gonn_AP_Monrepos_final_nocolor.png
3,8,167b,418a,226b,167b_GG_MB_2021_MdAM_final_nocolor.png,418a_Gonn_AP_Monrepos_final_nocolor.png,226b_Aguas_Santander_final_nocolor.png
3,9,355a,631a,370a,355a_Gonn_AP_Monrepos_final_nocolor.png,631a_Gonn_AP_Monrepos_final_nocolor.png,370a_Gonn_AP_Monrepos_final_nocolor.png
3,10,70b,93b,353a,70b_Gonn_AP_Monrepos_final_nocolor.png,93b_Gourdan_GG_MB_2021_MAN_Piette_final_nocolor.png,353a_Gonn_AP_Monrepos_final_nocolor.png
3,11,226a,555a,186b,226a_Aguas_Sant_Final_nocolor.png,555a_Gonn_AP_Monrepos_final_nocolor.png,186b_GG_MB_2021_MdAM_final_nocolor.png
3,12,70a,93a,307b,70a_Gonn_AP_Monrepos_final_nocolor.png,93a_Gourdan_GG_MB_2021_MAN_Piette_final_nocolor.png,307b_Gonn_AP_Monrepos_final_nocolor.png
3,13,202b,353a,626a,202b_final_nocolor.png,353a_Gonn_AP_Monrepos_final_nocolor.png,626a_Gonn_AP_Monrepos_final_nocolor.png
3,14,167b,186b,241b,167b_GG_MB_2021_MdAM_final_nocolor.png,186b_GG_MB_2021_MdAM_final_nocolor.png,241b_Badegoule_MdP_Pr.A.png
3,15,355a,370a,226a,355a_Gonn_AP_Monrepos_final_nocolor.png,370a_Gonn_AP_Monrepos_final_nocolor.png,226a_Aguas_Sant_Final_nocolor.png
3,16,202b,555a,631a,202b_final_nocolor.png,555a_Gonn_AP_Monrepos_final_nocolor.png,631a_Gonn_AP_Monrepos_final_nocolor.png
3,17,144b,167a,241b,144b_L-B_MdP_final_nocolor.png,167a_GG_MB_2021_MdAM_final_nocolor.png,241b_Badegoule_MdP_Pr.A.png
3,18,307b,84a,418a,307b_Gonn_AP_Monrepos_final_nocolor.png,84a_Gonn_AP_Monrepos_final_nocolor.png,418a_Gonn_AP_Monrepos_final_nocolor.png
3,19,226b,355a,241a,226b_Aguas_Santander_final_nocolor.png,355a_Gonn_AP_Monrepos_final_nocolor.png,241a_Badegoule_MdP_Pr.A.png
3,20,151b,626a,420a,151b_PC_DSC00570_final_nocolor.png,626a_Gonn_AP_Monrepos_final_nocolor.png,420a_Gonn_AP_Monrepos_final_nocolor.png
3,21,167a,70b,144a,167a_GG_MB_2021_MdAM_final_nocolor.png,70b_Gonn_AP_Monrepos_final_nocolor.png,144a_L-B_MdP_final_nocolor.png
3,22,202b,226b,307b,202b_final_nocolor.png,226b_Aguas_Santander_final_nocolor.png,307b_Gonn_AP_Monrepos_final_nocolor.png
3,23,307a,70a,420b,307a_Gonn_AP_Monrepos_final_nocolor.png,70a_Gonn_AP_Monrepos_final_nocolor.png,420b_Gonn_AP_Monrepos_final_nocolor.png
3,24,241a,631a,484a,241a_Badegoule_MdP_Pr.A.png,631a_Gonn_AP_Monrepos_final_nocolor.png,484a_Gonn_AP_Monrepos_final_nocolor.png
3,25,202a,360a,307b,202a_final_nocolor.png,360a_Gonn_AP_Monrepos_final_nocolor.png,307b_Gonn_AP_Monrepos_final_nocolor.png
3,26,186a,420b,555a,186a_GG_MB_2021_MdAM_final_nocolor.png,420b_Gonn_AP_Monrepos_final_nocolor.png,555a_Gonn_AP_Monrepos_final_nocolor.png
3,27,241a,70a,167a,241a_Badegoule_MdP_Pr.A.png,70a_Gonn_AP_Monrepos_final_nocolor.png,167a_GG_MB_2021_MdAM_final_nocolor.png
3,28,73a,73b,226a,73a_Gonn_AP_Monrepos_final_nocolor.png,73b_Gonn_AP_Monrepos_final_nocolor.png,226a_Aguas_Sant_Final_nocolor.png
3,29,420a,626a,186a,420a_Gonn_AP_Monrepos_final_nocolor.png,626a_Gonn_AP_Monrepos_final_nocolor.png,186a_GG_MB_2021_MdAM_final_nocolor.png
3,30,151b,552a,360a,151b_PC_DSC00570_final_nocolor.png,552a_Gonn_AP_Monrepos_final_nocolor.png,360a_Gonn_AP_Monrepos_final_nocolor.png
3,31,73a,93b,202b,73a_Gonn_AP_Monrepos_final_nocolor.png,93b_Gourdan_GG_MB_2021_MAN_Piette_final_nocolor.png,202b_final_nocolor.png
3,32,144b,202a,84a,144b_L-B_MdP_final_nocolor.png,202a_final_nocolor.png,84a_Gonn_AP_Monrepos_final_nocolor.png
3,33,353a,360a,626a,353a_Gonn_AP_Monrepos_final_nocolor.png,360a_Gonn_AP_Monrepos_final_nocolor.png,626a_Gonn_AP_Monrepos_final_nocolor.png
3,34,186a,631a,186b,186a_GG_MB_2021_MdAM_final_nocolor.png,631a_Gonn_AP_Monrepos_final_nocolor.png,186b_GG_MB_2021_MdAM_final_nocolor.png
3,35,355a,552a,484a,355a_Gonn_AP_Monrepos_final_nocolor.png,552a_Gonn_AP_Monrepos_final_nocolor.png,484a_Gonn_AP_Monrepos_final_nocolor.png
3,36,151b,353a,241b,151b_PC_DSC00570_final_nocolor.png,353a_Gonn_AP_Monrepos_final_nocolor.png,241b_Badegoule_MdP_Pr.A.png
3,37,201a,370a,167b,201a_Peters_Graziosi 1960_final_nocolor.png,370a_Gonn_AP_Monrepos_final_nocolor.png,167b_GG_MB_2021_MdAM_final_nocolor.png
3,38,144b,360a,552a,144b_L-B_MdP_final_nocolor.png,360a_Gonn_AP_Monrepos_final_nocolor.png,552a_Gonn_AP_Monrepos_final_nocolor.png
3,39,202b,226a,151b,202b_final_nocolor.png,226a_Aguas_Sant_Final_nocolor.png,151b_PC_DSC00570_final_nocolor.png
3,40,151a,226b,555a,151a MdA_final_nocolor.png,226b_Aguas_Santander_final_nocolor.png,555a_Gonn_AP_Monrepos_final_nocolor.png
3,41,144b,552a,186a,144b_L-B_MdP_final_nocolor.png,552a_Gonn_AP_Monrepos_final_nocolor.png,186a_GG_MB_2021_MdAM_final_nocolor.png
3,42,186b,431a,151b,186b_GG_MB_2021_MdAM_final_nocolor.png,431a_Gonn_AP_Monrepos_final_nocolor.png,151b_PC_DSC00570_final_nocolor.png
3,43,151a,167b,370a,151a MdA_final_nocolor.png,167b_GG_MB_2021_MdAM_final_nocolor.png,370a_Gonn_AP_Monrepos_final_nocolor.png
3,44,226a,484a,201a,226a_Aguas_Sant_Final_nocolor.png,484a_Gonn_AP_Monrepos_final_nocolor.png,201a_Peters_Graziosi 1960_final_nocolor.png
3,45,202a,93a,167a,202a_final_nocolor.png,93a_Gourdan_GG_MB_2021_MAN_Piette_final_nocolor.png,167a_GG_MB_2021_MdAM_final_nocolor.png
3,46,151b,186a,360a,151b_PC_DSC00570_final_nocolor.png,186a_GG_MB_2021_MdAM_final_nocolor.png,360a_Gonn_AP_Monrepos_final_nocolor.png
3,47,241a,420b,201a,241a_Badegoule_MdP_Pr.A.png,420b_Gonn_AP_Monrepos_final_nocolor.png,201a_Peters_Graziosi 1960_final_nocolor.png
3,48,226a,241b,420a,226a_Aguas_Sant_Final_nocolor.png,241b_Badegoule_MdP_Pr.A.png,420a_Gonn_AP_Monrepos_final_nocolor.png
3,49,151b,202a,73a,151b_PC_DSC00570_final_nocolor.png,202a_final_nocolor.png,73a_Gonn_AP_Monrepos_final_nocolor.png
3,50,201a,418a,93b,201a_Peters_Graziosi 1960_final_nocolor.png,418a_Gonn_AP_Monrepos_final_nocolor.png,93b_Gourdan_GG_MB_2021_MAN_Piette_final_nocolor.png
3,51,226b,307a,202b,226b_Aguas_Santander_final_nocolor.png,307a_Gonn_AP_Monrepos_final_nocolor.png,202b_final_nocolor.png
3,52,353a,484a,151b,353a_Gonn_AP_Monrepos_final_nocolor.png,484a_Gonn_AP_Monrepos_final_nocolor.png,151b_PC_DSC00570_final_nocolor.png
3,53,370a,418a,93a,370a_Gonn_AP_Monrepos_final_nocolor.png,418a_Gonn_AP_Monrepos_final_nocolor.png,93a_Gourdan_GG_MB_2021_MAN_Piette_final_nocolor.png
3,54,144b,360a,241b,144b_L-B_MdP_final_nocolor.png,360a_Gonn_AP_Monrepos_final_nocolor.png,241b_Badegoule_MdP_Pr.A.png
3,55,186b,431a,202a,186b_GG_MB_2021_MdAM_final_nocolor.png,431a_Gonn_AP_Monrepos_final_nocolor.png,202a_final_nocolor.png
3,56,202b,418a,631a,202b_final_nocolor.png,418a_Gonn_AP_Monrepos_final_nocolor.png,631a_Gonn_AP_Monrepos_final_nocolor.png
3,57,307b,93a,360a,307b_Gonn_AP_Monrepos_final_nocolor.png,93a_Gourdan_GG_MB_2021_MAN_Piette_final_nocolor.png,360a_Gonn_AP_Monrepos_final_nocolor.png
3,58,167b,186b,202a,167b_GG_MB_2021_MdAM_final_nocolor.png,186b_GG_MB_2021_MdAM_final_nocolor.png,202a_final_nocolor.png
3,59,226b,418a,144b,226b_Aguas_Santander_final_nocolor.png,418a_Gonn_AP_Monrepos_final_nocolor.png,144b_L-B_MdP_final_nocolor.png
3,60,167a,370a,631a,167a_GG_MB_2021_MdAM_final_nocolor.png,370a_Gonn_AP_Monrepos_final_nocolor.png,631a_Gonn_AP_Monrepos_final_nocolor.png
3,61,151a,73b,73a,151a MdA_final_nocolor.png,73b_Gonn_AP_Monrepos_final_nocolor.png,73a_Gonn_AP_Monrepos_final_nocolor.png
3,62,186b,420a,420b,186b_GG_MB_2021_MdAM_final_nocolor.png,420a_Gonn_AP_Monrepos_final_nocolor.png,420b_Gonn_AP_Monrepos_final_nocolor.png
3,63,167a,353a,555a,167a_GG_MB_2021_MdAM_final_nocolor.png,353a_Gonn_AP_Monrepos_final_nocolor.png,555a_Gonn_AP_Monrepos_final_nocolor.png
3,64,307a,418a,167b,307a_Gonn_AP_Monrepos_final_nocolor.png,418a_Gonn_AP_Monrepos_final_nocolor.png,167b_GG_MB_2021_MdAM_final_nocolor.png
3,65,202a,370a,420a,202a_final_nocolor.png,370a_Gonn_AP_Monrepos_final_nocolor.png,420a_Gonn_AP_Monrepos_final_nocolor.png
3,66,202b,626a,151a,202b_final_nocolor.png,626a_Gonn_AP_Monrepos_final_nocolor.png,151a MdA_final_nocolor.png
3,67,226b,73a,484a,226b_Aguas_Santander_final_nocolor.png,73a_Gonn_AP_Monrepos_final_nocolor.png,484a_Gonn_AP_Monrepos_final_nocolor.png
3,68,370a,555a,70a,370a_Gonn_AP_Monrepos_final_nocolor.png,555a_Gonn_AP_Monrepos_final_nocolor.png,70a_Gonn_AP_Monrepos_final_nocolor.png
3,69,186a,202b,186b,186a_GG_MB_2021_MdAM_final_nocolor.png,202b_final_nocolor.png,186b_GG_MB_2021_MdAM_final_nocolor.png
3,70,151a,73a,552a,151a MdA_final_nocolor.png,73a_Gonn_AP_Monrepos_final_nocolor.png,552a_Gonn_AP_Monrepos_final_nocolor.png
3,71,420a,431a,70a,420a_Gonn_AP_Monrepos_final_nocolor.png,431a_Gonn_AP_Monrepos_final_nocolor.png,70a_Gonn_AP_Monrepos_final_nocolor.png
3,72,144a,241b,307a,144a_L-B_MdP_final_nocolor.png,241b_Badegoule_MdP_Pr.A.png,307a_Gonn_AP_Monrepos_final_nocolor.png
3,73,151b,202a,241a,151b_PC_DSC00570_final_nocolor.png,202a_final_nocolor.png,241a_Badegoule_MdP_Pr.A.png
3,74,202b,431a,226b,202b_final_nocolor.png,431a_Gonn_AP_Monrepos_final_nocolor.png,226b_Aguas_Santander_final_nocolor.png
3,75,70a,84a,307a,70a_Gonn_AP_Monrepos_final_nocolor.png,84a_Gonn_AP_Monrepos_final_nocolor.png,307a_Gonn_AP_Monrepos_final_nocolor.png
3,76,151b,70b,418a,151b_PC_DSC00570_final_nocolor.png,70b_Gonn_AP_Monrepos_final_nocolor.png,418a_Gonn_AP_Monrepos_final_nocolor.png
3,77,186a,552a,431a,186a_GG_MB_2021_MdAM_final_nocolor.png,552a_Gonn_AP_Monrepos_final_nocolor.png,431a_Gonn_AP_Monrepos_final_nocolor.png
3,78,167b,241a,626a,167b_GG_MB_2021_MdAM_final_nocolor.png,241a_Badegoule_MdP_Pr.A.png,626a_Gonn_AP_Monrepos_final_nocolor.png
3,79,201a,355a,353a,201a_Peters_Graziosi 1960_final_nocolor.png,355a_Gonn_AP_Monrepos_final_nocolor.png,353a_Gonn_AP_Monrepos_final_nocolor.png
3,80,226a,70b,186b,226a_Aguas_Sant_Final_nocolor.png,70b_Gonn_AP_Monrepos_final_nocolor.png,186b_GG_MB_2021_MdAM_final_nocolor.png
3,81,144b,93a,73a,144b_L-B_MdP_final_nocolor.png,93a_Gourdan_GG_MB_2021_MAN_Piette_final_nocolor.png,73a_Gonn_AP_Monrepos_final_nocolor.png
3,82,353a,355a,167b,353a_Gonn_AP_Monrepos_final_nocolor.png,355a_Gonn_AP_Monrepos_final_nocolor.png,167b_GG_MB_2021_MdAM_final_nocolor.png
3,83,307b,552a,431a,307b_Gonn_AP_Monrepos_final_nocolor.png,552a_Gonn_AP_Monrepos_final_nocolor.png,431a_Gonn_AP_Monrepos_final_nocolor.png
3,84,186a,555a,70a,186a_GG_MB_2021_MdAM_final_nocolor.png,555a_Gonn_AP_Monrepos_final_nocolor.png,70a_Gonn_AP_Monrepos_final_nocolor.png
3,85,355a,626a,167a,355a_Gonn_AP_Monrepos_final_nocolor.png,626a_Gonn_AP_Monrepos_final_nocolor.png,167a_GG_MB_2021_MdAM_final_nocolor.png
3,86,484a,631a,360a,484a_Gonn_AP_Monrepos_final_nocolor.png,631a_Gonn_AP_Monrepos_final_nocolor.png,360a_Gonn_AP_Monrepos_final_nocolor.png
3,87,70a,84a,93a,70a_Gonn_AP_Monrepos_final_nocolor.png,84a_Gonn_AP_Monrepos_final_nocolor.png,93a_Gourdan_GG_MB_2021_MAN_Piette_final_nocolor.png
3,88,226a,355a,418a,226a_Aguas_Sant_Final_nocolor.png,355a_Gonn_AP_Monrepos_final_nocolor.png,418a_Gonn_AP_Monrepos_final_nocolor.png
3,89,144b,631a,201a,144b_L-B_MdP_final_nocolor.png,631a_Gonn_AP_Monrepos_final_nocolor.png,201a_Peters_Graziosi 1960_final_nocolor.png
3,90,307b,84a,202b,307b_Gonn_AP_Monrepos_final_nocolor.png,84a_Gonn_AP_Monrepos_final_nocolor.png,202b_final_nocolor.png
3,91,186a,70b,167a,186a_GG_MB_2021_MdAM_final_nocolor.png,70b_Gonn_AP_Monrepos_final_nocolor.png,167a_GG_MB_2021_MdAM_final_nocolor.png
3,92,420a,73b,484a,420a_Gonn_AP_Monrepos_final_nocolor.png,73b_Gonn_AP_Monrepos_final_nocolor.png,484a_Gonn_AP_Monrepos_final_nocolor.png
3,93,307b,418a,144a,307b_Gonn_AP_Monrepos_final_nocolor.png,418a_Gonn_AP_Monrepos_final_nocolor.png,144a_L-B_MdP_final_nocolor.png
3,94,186a,84a,226b,186a_GG_MB_2021_MdAM_final_nocolor.png,84a_Gonn_AP_Monrepos_final_nocolor.png,226b_Aguas_Santander_final_nocolor.png
3,95,202b,73b,360a,202b_final_nocolor.png,73b_Gonn_AP_Monrepos_final_nocolor.png,360a_Gonn_AP_Monrepos_final_nocolor.png
3,96,307a,431a,307b,307a_Gonn_AP_Monrepos_final_nocolor.png,431a_Gonn_AP_Monrepos_final_nocolor.png,307b_Gonn_AP_Monrepos_final_nocolor.png
3,97,555a,93b,84a,555a_Gonn_AP_Monrepos_final_nocolor.png,93b_Gourdan_GG_MB_2021_MAN_Piette_final_nocolor.png,84a_Gonn_AP_Monrepos_final_nocolor.png
3,98,167b,370a,360a,167b_GG_MB_2021_MdAM_final_nocolor.png,370a_Gonn_AP_Monrepos_final_nocolor.png,360a_Gonn_AP_Monrepos_final_nocolor.png
3,99,144a,307b,186a,144a_L-B_MdP_final_nocolor.png,307b_Gonn_AP_Monrepos_final_nocolor.png,186a_GG_MB_2021_MdAM_final_nocolor.png
3,100,151b,73b,84a,151b_PC_DSC00570_final_nocolor.png,73b_Gonn_AP_Monrepos_final_nocolor.png,84a_Gonn_AP_Monrepos_final_nocolor.png
3,101,241a,431a,70a,241a_Badegoule_MdP_Pr.A.png,431a_Gonn_AP_Monrepos_final_nocolor.png,70a_Gonn_AP_Monrepos_final_nocolor.png
3,102,307a,360a,307b,307a_Gonn_AP_Monrepos_final_nocolor.png,360a_Gonn_AP_Monrepos_final_nocolor.png,307b_Gonn_AP_Monrepos_final_nocolor.png
3,103,202b,420b,167a,202b_final_nocolor.png,420b_Gonn_AP_Monrepos_final_nocolor.png,167a_GG_MB_2021_MdAM_final_nocolor.png
3,104,420a,431a,84a,420a_Gonn_AP_Monrepos_final_nocolor.png,431a_Gonn_AP_Monrepos_final_nocolor.png,84a_Gonn_AP_Monrepos_final_nocolor.png
3,105,151b,307b,226b,151b_PC_DSC00570_final_nocolor.png,307b_Gonn_AP_Monrepos_final_nocolor.png,226b_Aguas_Santander_final_nocolor.png
3,106,418a,631a,555a,418a_Gonn_AP_Monrepos_final_nocolor.png,631a_Gonn_AP_Monrepos_final_nocolor.png,555a_Gonn_AP_Monrepos_final_nocolor.png
3,107,353a,93a,202a,353a_Gonn_AP_Monrepos_final_nocolor.png,93a_Gourdan_GG_MB_2021_MAN_Piette_final_nocolor.png,202a_final_nocolor.png
3,108,144a,626a,226b,144a_L-B_MdP_final_nocolor.png,626a_Gonn_AP_Monrepos_final_nocolor.png,226b_Aguas_Santander_final_nocolor.png
3,109,167a,73b,555a,167a_GG_MB_2021_MdAM_final_nocolor.png,73b_Gonn_AP_Monrepos_final_nocolor.png,555a_Gonn_AP_Monrepos_final_nocolor.png
3,110,186b,420a,418a,186b_GG_MB_2021_MdAM_final_nocolor.png,420a_Gonn_AP_Monrepos_final_nocolor.png,418a_Gonn_AP_Monrepos_final_nocolor.png
3,111,151a,151b,202b,151a MdA_final_nocolor.png,151b_PC_DSC00570_final_nocolor.png,202b_final_nocolor.png
3,112,370a,93b,355a,370a_Gonn_AP_Monrepos_final_nocolor.png,93b_Gourdan_GG_MB_2021_MAN_Piette_final_nocolor.png,355a_Gonn_AP_Monrepos_final_nocolor.png
3,113,144b,307b,202a,144b_L-B_MdP_final_nocolor.png,307b_Gonn_AP_Monrepos_final_nocolor.png,202a_final_nocolor.png
3,114,151b,241a,93a,151b_PC_DSC00570_final_nocolor.png,241a_Badegoule_MdP_Pr.A.png,93a_Gourdan_GG_MB_2021_MAN_Piette_final_nocolor.png
3,115,186a,418a,431a,186a_GG_MB_2021_MdAM_final_nocolor.png,418a_Gonn_AP_Monrepos_final_nocolor.png,431a_Gonn_AP_Monrepos_final_nocolor.png
3,116,307b,70a,167a,307b_Gonn_AP_Monrepos_final_nocolor.png,70a_Gonn_AP_Monrepos_final_nocolor.png,167a_GG_MB_2021_MdAM_final_nocolor.png
3,117,241a,420b,241b,241a_Badegoule_MdP_Pr.A.png,420b_Gonn_AP_Monrepos_final_nocolor.png,241b_Badegoule_MdP_Pr.A.png
3,118,167b,202a,552a,167b_GG_MB_2021_MdAM_final_nocolor.png,202a_final_nocolor.png,552a_Gonn_AP_Monrepos_final_nocolor.png
3,119,151b,70a,73b,151b_PC_DSC00570_final_nocolor.png,70a_Gonn_AP_Monrepos_final_nocolor.png,73b_Gonn_AP_Monrepos_final_nocolor.png
3,120,186a,420a,241b,186a_GG_MB_2021_MdAM_final_nocolor.png,420a_Gonn_AP_Monrepos_final_nocolor.png,241b_Badegoule_MdP_Pr.A.png
3,121,202a,360a,370a,202a_final_nocolor.png,360a_Gonn_AP_Monrepos_final_nocolor.png,370a_Gonn_AP_Monrepos_final_nocolor.png
3,122,84a,93b,484a,84a_Gonn_AP_Monrepos_final_nocolor.png,93b_Gourdan_GG_MB_2021_MAN_Piette_final_nocolor.png,484a_Gonn_AP_Monrepos_final_nocolor.png
3,123,420a,73a,201a,420a_Gonn_AP_Monrepos_final_nocolor.png,73a_Gonn_AP_Monrepos_final_nocolor.png,201a_Peters_Graziosi 1960_final_nocolor.png
3,124,307a,70a,226a,307a_Gonn_AP_Monrepos_final_nocolor.png,70a_Gonn_AP_Monrepos_final_nocolor.png,226a_Aguas_Sant_Final_nocolor.png
3,125,307b,370a,93b,307b_Gonn_AP_Monrepos_final_nocolor.png,370a_Gonn_AP_Monrepos_final_nocolor.png,93b_Gourdan_GG_MB_2021_MAN_Piette_final_nocolor.png
3,126,144a,226b,202b,144a_L-B_MdP_final_nocolor.png,226b_Aguas_Santander_final_nocolor.png,202b_final_nocolor.png
3,127,167b,307a,631a,167b_GG_MB_2021_MdAM_final_nocolor.png,307a_Gonn_AP_Monrepos_final_nocolor.png,631a_Gonn_AP_Monrepos_final_nocolor.png
3,128,167a,484a,73a,167a_GG_MB_2021_MdAM_final_nocolor.png,484a_Gonn_AP_Monrepos_final_nocolor.png,73a_Gonn_AP_Monrepos_final_nocolor.png
3,129,144a,226a,431a,144a_L-B_MdP_final_nocolor.png,226a_Aguas_Sant_Final_nocolor.png,431a_Gonn_AP_Monrepos_final_nocolor.png
3,130,144b,241b,307a,144b_L-B_MdP_final_nocolor.png,241b_Badegoule_MdP_Pr.A.png,307a_Gonn_AP_Monrepos_final_nocolor.png
3,131,186a,70b,484a,186a_GG_MB_2021_MdAM_final_nocolor.png,70b_Gonn_AP_Monrepos_final_nocolor.png,484a_Gonn_AP_Monrepos_final_nocolor.png
3,132,202b,93a,431a,202b_final_nocolor.png,93a_Gourdan_GG_MB_2021_MAN_Piette_final_nocolor.png,431a_Gonn_AP_Monrepos_final_nocolor.png
3,133,144a,84a,144b,144a_L-B_MdP_final_nocolor.png,84a_Gonn_AP_Monrepos_final_nocolor.png,144b_L-B_MdP_final_nocolor.png
3,134,360a,73b,420b,360a_Gonn_AP_Monrepos_final_nocolor.png,73b_Gonn_AP_Monrepos_final_nocolor.png,420b_Gonn_AP_Monrepos_final_nocolor.png
3,135,307a,431a,631a,307a_Gonn_AP_Monrepos_final_nocolor.png,431a_Gonn_AP_Monrepos_final_nocolor.png,631a_Gonn_AP_Monrepos_final_nocolor.png
3,136,484a,626a,555a,484a_Gonn_AP_Monrepos_final_nocolor.png,626a_Gonn_AP_Monrepos_final_nocolor.png,555a_Gonn_AP_Monrepos_final_nocolor.png
3,137,307b,93b,360a,307b_Gonn_AP_Monrepos_final_nocolor.png,93b_Gourdan_GG_MB_2021_MAN_Piette_final_nocolor.png,360a_Gonn_AP_Monrepos_final_nocolor.png
3,138,307a,370a,151a,307a_Gonn_AP_Monrepos_final_nocolor.png,370a_Gonn_AP_Monrepos_final_nocolor.png,151a MdA_final_nocolor.png
3,139,353a,631a,418a,353a_Gonn_AP_Monrepos_final_nocolor.png,631a_Gonn_AP_Monrepos_final_nocolor.png,418a_Gonn_AP_Monrepos_final_nocolor.png
3,140,151b,226a,186b,151b_PC_DSC00570_final_nocolor.png,226a_Aguas_Sant_Final_nocolor.png,186b_GG_MB_2021_MdAM_final_nocolor.png
3,141,201a,360a,73b,201a_Peters_Graziosi 1960_final_nocolor.png,360a_Gonn_AP_Monrepos_final_nocolor.png,73b_Gonn_AP_Monrepos_final_nocolor.png
3,142,353a,420a,555a,353a_Gonn_AP_Monrepos_final_nocolor.png,420a_Gonn_AP_Monrepos_final_nocolor.png,555a_Gonn_AP_Monrepos_final_nocolor.png
3,143,484a,631a,241a,484a_Gonn_AP_Monrepos_final_nocolor.png,631a_Gonn_AP_Monrepos_final_nocolor.png,241a_Badegoule_MdP_Pr.A.png
3,144,418a,93a,84a,418a_Gonn_AP_Monrepos_final_nocolor.png,93a_Gourdan_GG_MB_2021_MAN_Piette_final_nocolor.png,84a_Gonn_AP_Monrepos_final_nocolor.png
3,145,167a,201a,555a,167a_GG_MB_2021_MdAM_final_nocolor.png,201a_Peters_Graziosi 1960_final_nocolor.png,555a_Gonn_AP_Monrepos_final_nocolor.png
3,146,370a,484a,307b,370a_Gonn_AP_Monrepos_final_nocolor.png,484a_Gonn_AP_Monrepos_final_nocolor.png,307b_Gonn_AP_Monrepos_final_nocolor.png
3,147,355a,93b,186a,355a_Gonn_AP_Monrepos_final_nocolor.png,93b_Gourdan_GG_MB_2021_MAN_Piette_final_nocolor.png,186a_GG_MB_2021_MdAM_final_nocolor.png
3,148,144a,418a,555a,144a_L-B_MdP_final_nocolor.png,418a_Gonn_AP_Monrepos_final_nocolor.png,555a_Gonn_AP_Monrepos_final_nocolor.png
3,149,370a,631a,431a,370a_Gonn_AP_Monrepos_final_nocolor.png,631a_Gonn_AP_Monrepos_final_nocolor.png,431a_Gonn_AP_Monrepos_final_nocolor.png
3,150,144b,167b,226b,144b_L-B_MdP_final_nocolor.png,167b_GG_MB_2021_MdAM_final_nocolor.png,226b_Aguas_Santander_final_nocolor.png
3,151,151a,307b,241a,151a MdA_final_nocolor.png,307b_Gonn_AP_Monrepos_final_nocolor.png,241a_Badegoule_MdP_Pr.A.png
3,152,307a,418a,355a,307a_Gonn_AP_Monrepos_final_nocolor.png,418a_Gonn_AP_Monrepos_final_nocolor.png,355a_Gonn_AP_Monrepos_final_nocolor.png
3,153,360a,555a,226b,360a_Gonn_AP_Monrepos_final_nocolor.png,555a_Gonn_AP_Monrepos_final_nocolor.png,226b_Aguas_Santander_final_nocolor.png
3,154,241a,73a,70b,241a_Badegoule_MdP_Pr.A.png,73a_Gonn_AP_Monrepos_final_nocolor.png,70b_Gonn_AP_Monrepos_final_nocolor.png
3,155,307a,552a,73b,307a_Gonn_AP_Monrepos_final_nocolor.png,552a_Gonn_AP_Monrepos_final_nocolor.png,73b_Gonn_AP_Monrepos_final_nocolor.png
3,156,226b,70a,93b,226b_Aguas_Santander_final_nocolor.png,70a_Gonn_AP_Monrepos_final_nocolor.png,93b_Gourdan_GG_MB_2021_MAN_Piette_final_nocolor.png
3,157,144b,73a,418a,144b_L-B_MdP_final_nocolor.png,73a_Gonn_AP_Monrepos_final_nocolor.png,418a_Gonn_AP_Monrepos_final_nocolor.png
3,158,167b,226a,431a,167b_GG_MB_2021_MdAM_final_nocolor.png,226a_Aguas_Sant_Final_nocolor.png,431a_Gonn_AP_Monrepos_final_nocolor.png
3,159,241b,93b,555a,241b_Badegoule_MdP_Pr.A.png,93b_Gourdan_GG_MB_2021_MAN_Piette_final_nocolor.png,555a_Gonn_AP_Monrepos_final_nocolor.png
3,160,355a,552a,73a,355a_Gonn_AP_Monrepos_final_nocolor.png,552a_Gonn_AP_Monrepos_final_nocolor.png,73a_Gonn_AP_Monrepos_final_nocolor.png
3,161,353a,370a,151b,353a_Gonn_AP_Monrepos_final_nocolor.png,370a_Gonn_AP_Monrepos_final_nocolor.png,151b_PC_DSC00570_final_nocolor.png
3,162,241b,431a,555a,241b_Badegoule_MdP_Pr.A.png,431a_Gonn_AP_Monrepos_final_nocolor.png,555a_Gonn_AP_Monrepos_final_nocolor.png
3,163,420b,484a,202b,420b_Gonn_AP_Monrepos_final_nocolor.png,484a_Gonn_AP_Monrepos_final_nocolor.png,202b_final_nocolor.png
3,164,201a,73b,631a,201a_Peters_Graziosi 1960_final_nocolor.png,73b_Gonn_AP_Monrepos_final_nocolor.png,631a_Gonn_AP_Monrepos_final_nocolor.png
3,165,70a,93b,420a,70a_Gonn_AP_Monrepos_final_nocolor.png,93b_Gourdan_GG_MB_2021_MAN_Piette_final_nocolor.png,420a_Gonn_AP_Monrepos_final_nocolor.png
3,166,202b,84a,360a,202b_final_nocolor.png,84a_Gonn_AP_Monrepos_final_nocolor.png,360a_Gonn_AP_Monrepos_final_nocolor.png
3,167,355a,73a,201a,355a_Gonn_AP_Monrepos_final_nocolor.png,73a_Gonn_AP_Monrepos_final_nocolor.png,201a_Peters_Graziosi 1960_final_nocolor.png
3,168,151a,73b,353a,151a MdA_final_nocolor.png,73b_Gonn_AP_Monrepos_final_nocolor.png,353a_Gonn_AP_Monrepos_final_nocolor.png
3,169,186a,370a,202b,186a_GG_MB_2021_MdAM_final_nocolor.png,370a_Gonn_AP_Monrepos_final_nocolor.png,202b_final_nocolor.png
3,170,144a,84a,552a,144a_L-B_MdP_final_nocolor.png,84a_Gonn_AP_Monrepos_final_nocolor.png,552a_Gonn_AP_Monrepos_final_nocolor.png
3,171,151a,360a,420b,151a MdA_final_nocolor.png,360a_Gonn_AP_Monrepos_final_nocolor.png,420b_Gonn_AP_Monrepos_final_nocolor.png
3,172,307b,631a,93a,307b_Gonn_AP_Monrepos_final_nocolor.png,631a_Gonn_AP_Monrepos_final_nocolor.png,93a_Gourdan_GG_MB_2021_MAN_Piette_final_nocolor.png
3,173,144a,353a,626a,144a_L-B_MdP_final_nocolor.png,353a_Gonn_AP_Monrepos_final_nocolor.png,626a_Gonn_AP_Monrepos_final_nocolor.png
3,174,70a,73a,186a,70a_Gonn_AP_Monrepos_final_nocolor.png,73a_Gonn_AP_Monrepos_final_nocolor.png,186a_GG_MB_2021_MdAM_final_nocolor.png
3,175,226a,93a,360a,226a_Aguas_Sant_Final_nocolor.png,93a_Gourdan_GG_MB_2021_MAN_Piette_final_nocolor.png,360a_Gonn_AP_Monrepos_final_nocolor.png
3,176,151a,626a,201a,151a MdA_final_nocolor.png,626a_Gonn_AP_Monrepos_final_nocolor.png,201a_Peters_Graziosi 1960_final_nocolor.png
3,177,167a,631a,73b,167a_GG_MB_2021_MdAM_final_nocolor.png,631a_Gonn_AP_Monrepos_final_nocolor.png,73b_Gonn_AP_Monrepos_final_nocolor.png
3,178,202a,70a,307a,202a_final_nocolor.png,70a_Gonn_AP_Monrepos_final_nocolor.png,307a_Gonn_AP_Monrepos_final_nocolor.png
3,179,186b,626a,241b,186b_GG_MB_2021_MdAM_final_nocolor.png,626a_Gonn_AP_Monrepos_final_nocolor.png,241b_Badegoule_MdP_Pr.A.png
3,180,360a,93a,631a,360a_Gonn_AP_Monrepos_final_nocolor.png,93a_Gourdan_GG_MB_2021_MAN_Piette_final_nocolor.png,631a_Gonn_AP_Monrepos_final_nocolor.png
3,181,151a,484a,431a,151a MdA_final_nocolor.png,484a_Gonn_AP_Monrepos_final_nocolor.png,431a_Gonn_AP_Monrepos_final_nocolor.png
3,182,186a,84a,167a,186a_GG_MB_2021_MdAM_final_nocolor.png,84a_Gonn_AP_Monrepos_final_nocolor.png,167a_GG_MB_2021_MdAM_final_nocolor.png
3,183,420b,70b,226b,420b_Gonn_AP_Monrepos_final_nocolor.png,70b_Gonn_AP_Monrepos_final_nocolor.png,226b_Aguas_Santander_final_nocolor.png
3,184,144b,167b,241b,144b_L-B_MdP_final_nocolor.png,167b_GG_MB_2021_MdAM_final_nocolor.png,241b_Badegoule_MdP_Pr.A.png
3,185,167a,84a,241a,167a_GG_MB_2021_MdAM_final_nocolor.png,84a_Gonn_AP_Monrepos_final_nocolor.png,241a_Badegoule_MdP_Pr.A.png
3,186,151a,70b,73b,151a MdA_final_nocolor.png,70b_Gonn_AP_Monrepos_final_nocolor.png,73b_Gonn_AP_Monrepos_final_nocolor.png
3,187,241b,307b,555a,241b_Badegoule_MdP_Pr.A.png,307b_Gonn_AP_Monrepos_final_nocolor.png,555a_Gonn_AP_Monrepos_final_nocolor.png
3,188,186b,355a,420b,186b_GG_MB_2021_MdAM_final_nocolor.png,355a_Gonn_AP_Monrepos_final_nocolor.png,420b_Gonn_AP_Monrepos_final_nocolor.png
3,189,201a,70b,626a,201a_Peters_Graziosi 1960_final_nocolor.png,70b_Gonn_AP_Monrepos_final_nocolor.png,626a_Gonn_AP_Monrepos_final_nocolor.png
3,190,226b,70a,484a,226b_Aguas_Santander_final_nocolor.png,70a_Gonn_AP_Monrepos_final_nocolor.png,484a_Gonn_AP_Monrepos_final_nocolor.png
3,191,420b,73b,420a,420b_Gonn_AP_Monrepos_final_nocolor.png,73b_Gonn_AP_Monrepos_final_nocolor.png,420a_Gonn_AP_Monrepos_final_nocolor.png
3,192,241b,370a,93a,241b_Badegoule_MdP_Pr.A.png,370a_Gonn_AP_Monrepos_final_nocolor.png,93a_Gourdan_GG_MB_2021_MAN_Piette_final_nocolor.png
3,193,151b,202a,360a,151b_PC_DSC00570_final_nocolor.png,202a_final_nocolor.png,360a_Gonn_AP_Monrepos_final_nocolor.png
3,194,144b,418a,626a,144b_L-B_MdP_final_nocolor.png,418a_Gonn_AP_Monrepos_final_nocolor.png,626a_Gonn_AP_Monrepos_final_nocolor.png
3,195,420a,552a,186a,420a_Gonn_AP_Monrepos_final_nocolor.png,552a_Gonn_AP_Monrepos_final_nocolor.png,186a_GG_MB_2021_MdAM_final_nocolor.png
3,196,484a,70a,241a,484a_Gonn_AP_Monrepos_final_nocolor.png,70a_Gonn_AP_Monrepos_final_nocolor.png,241a_Badegoule_MdP_Pr.A.png
3,197,360a,418a,420b,360a_Gonn_AP_Monrepos_final_nocolor.png,418a_Gonn_AP_Monrepos_final_nocolor.png,420b_Gonn_AP_Monrepos_final_nocolor.png
3,198,151b,355a,431a,151b_PC_DSC00570_final_nocolor.png,355a_Gonn_AP_Monrepos_final_nocolor.png,431a_Gonn_AP_Monrepos_final_nocolor.png
3,199,241a,73b,631a,241a_Badegoule_MdP_Pr.A.png,73b_Gonn_AP_Monrepos_final_nocolor.png,631a_Gonn_AP_Monrepos_final_nocolor.png
3,200,201a,484a,167a,201a_Peters_Graziosi 1960_final_nocolor.png,484a_Gonn_AP_Monrepos_final_nocolor.png,167a_GG_MB_2021_MdAM_final_nocolor.png
3,201,226b,307b,431a,226b_Aguas_Santander_final_nocolor.png,307b_Gonn_AP_Monrepos_final_nocolor.png,431a_Gonn_AP_Monrepos_final_nocolor.png
3,202,202b,418a,186b,202b_final_nocolor.png,418a_Gonn_AP_Monrepos_final_nocolor.png,186b_GG_MB_2021_MdAM_final_nocolor.png
3,203,484a,73b,307a,484a_Gonn_AP_Monrepos_final_nocolor.png,73b_Gonn_AP_Monrepos_final_nocolor.png,307a_Gonn_AP_Monrepos_final_nocolor.png
3,204,241b,420b,226b,241b_Badegoule_MdP_Pr.A.png,420b_Gonn_AP_Monrepos_final_nocolor.png,226b_Aguas_Santander_final_nocolor.png
3,205,307b,84a,226a,307b_Gonn_AP_Monrepos_final_nocolor.png,84a_Gonn_AP_Monrepos_final_nocolor.png,226a_Aguas_Sant_Final_nocolor.png
3,206,202b,631a,555a,202b_final_nocolor.png,631a_Gonn_AP_Monrepos_final_nocolor.png,555a_Gonn_AP_Monrepos_final_nocolor.png
3,207,144b,360a,420a,144b_L-B_MdP_final_nocolor.png,360a_Gonn_AP_Monrepos_final_nocolor.png,420a_Gonn_AP_Monrepos_final_nocolor.png
3,208,552a,84a,226a,552a_Gonn_AP_Monrepos_final_nocolor.png,84a_Gonn_AP_Monrepos_final_nocolor.png,226a_Aguas_Sant_Final_nocolor.png
3,209,186b,70b,555a,186b_GG_MB_2021_MdAM_final_nocolor.png,70b_Gonn_AP_Monrepos_final_nocolor.png,555a_Gonn_AP_Monrepos_final_nocolor.png
3,210,144b,226b,73b,144b_L-B_MdP_final_nocolor.png,226b_Aguas_Santander_final_nocolor.png,73b_Gonn_AP_Monrepos_final_nocolor.png
3,211,167a,360a,420a,167a_GG_MB_2021_MdAM_final_nocolor.png,360a_Gonn_AP_Monrepos_final_nocolor.png,420a_Gonn_AP_Monrepos_final_nocolor.png
3,212,418a,70b,186b,418a_Gonn_AP_Monrepos_final_nocolor.png,70b_Gonn_AP_Monrepos_final_nocolor.png,186b_GG_MB_2021_MdAM_final_nocolor.png
3,213,241a,73b,307b,241a_Badegoule_MdP_Pr.A.png,73b_Gonn_AP_Monrepos_final_nocolor.png,307b_Gonn_AP_Monrepos_final_nocolor.png
3,214,167a,552a,93b,167a_GG_MB_2021_MdAM_final_nocolor.png,552a_Gonn_AP_Monrepos_final_nocolor.png,93b_Gourdan_GG_MB_2021_MAN_Piette_final_nocolor.png
3,215,307a,353a,144a,307a_Gonn_AP_Monrepos_final_nocolor.png,353a_Gonn_AP_Monrepos_final_nocolor.png,144a_L-B_MdP_final_nocolor.png
3,216,151a,93a,420a,151a MdA_final_nocolor.png,93a_Gourdan_GG_MB_2021_MAN_Piette_final_nocolor.png,420a_Gonn_AP_Monrepos_final_nocolor.png
3,217,167a,93b,226b,167a_GG_MB_2021_MdAM_final_nocolor.png,93b_Gourdan_GG_MB_2021_MAN_Piette_final_nocolor.png,226b_Aguas_Santander_final_nocolor.png
3,218,144b,431a,370a,144b_L-B_MdP_final_nocolor.png,431a_Gonn_AP_Monrepos_final_nocolor.png,370a_Gonn_AP_Monrepos_final_nocolor.png
3,219,307b,355a,70b,307b_Gonn_AP_Monrepos_final_nocolor.png,355a_Gonn_AP_Monrepos_final_nocolor.png,70b_Gonn_AP_Monrepos_final_nocolor.png
3,220,167b,93b,186a,167b_GG_MB_2021_MdAM_final_nocolor.png,93b_Gourdan_GG_MB_2021_MAN_Piette_final_nocolor.png,186a_GG_MB_2021_MdAM_final_nocolor.png
3,221,151b,484a,241b,151b_PC_DSC00570_final_nocolor.png,484a_Gonn_AP_Monrepos_final_nocolor.png,241b_Badegoule_MdP_Pr.A.png
3,222,144a,144b,70b,144a_L-B_MdP_final_nocolor.png,144b_L-B_MdP_final_nocolor.png,70b_Gonn_AP_Monrepos_final_nocolor.png
3,223,420b,73a,202b,420b_Gonn_AP_Monrepos_final_nocolor.png,73a_Gonn_AP_Monrepos_final_nocolor.png,202b_final_nocolor.png
3,224,431a,484a,93b,431a_Gonn_AP_Monrepos_final_nocolor.png,484a_Gonn_AP_Monrepos_final_nocolor.png,93b_Gourdan_GG_MB_2021_MAN_Piette_final_nocolor.png
3,225,370a,73b,353a,370a_Gonn_AP_Monrepos_final_nocolor.png,73b_Gonn_AP_Monrepos_final_nocolor.png,353a_Gonn_AP_Monrepos_final_nocolor.png
3,226,202b,360a,93a,202b_final_nocolor.png,360a_Gonn_AP_Monrepos_final_nocolor.png,93a_Gourdan_GG_MB_2021_MAN_Piette_final_nocolor.png
3,227,241a,241b,144b,241a_Badegoule_MdP_Pr.A.png,241b_Badegoule_MdP_Pr.A.png,144b_L-B_MdP_final_nocolor.png
3,228,186a,93b,144a,186a_GG_MB_2021_MdAM_final_nocolor.png,93b_Gourdan_GG_MB_2021_MAN_Piette_final_nocolor.png,144a_L-B_MdP_final_nocolor.png
3,229,202a,355a,360a,202a_final_nocolor.png,355a_Gonn_AP_Monrepos_final_nocolor.png,360a_Gonn_AP_Monrepos_final_nocolor.png
3,230,353a,84a,241a,353a_Gonn_AP_Monrepos_final_nocolor.png,84a_Gonn_AP_Monrepos_final_nocolor.png,241a_Badegoule_MdP_Pr.A.png
3,231,144a,186a,73b,144a_L-B_MdP_final_nocolor.png,186a_GG_MB_2021_MdAM_final_nocolor.png,73b_Gonn_AP_Monrepos_final_nocolor.png
3,232,241b,70b,355a,241b_Badegoule_MdP_Pr.A.png,70b_Gonn_AP_Monrepos_final_nocolor.png,355a_Gonn_AP_Monrepos_final_nocolor.png
3,233,202a,93a,370a,202a_final_nocolor.png,93a_Gourdan_GG_MB_2021_MAN_Piette_final_nocolor.png,370a_Gonn_AP_Monrepos_final_nocolor.png
3,234,167a,186b,151b,167a_GG_MB_2021_MdAM_final_nocolor.png,186b_GG_MB_2021_MdAM_final_nocolor.png,151b_PC_DSC00570_final_nocolor.png
3,235,202b,484a,307b,202b_final_nocolor.png,484a_Gonn_AP_Monrepos_final_nocolor.png,307b_Gonn_AP_Monrepos_final_nocolor.png
3,236,151a,307a,552a,151a MdA_final_nocolor.png,307a_Gonn_AP_Monrepos_final_nocolor.png,552a_Gonn_AP_Monrepos_final_nocolor.png
3,237,167a,360a,93b,167a_GG_MB_2021_MdAM_final_nocolor.png,360a_Gonn_AP_Monrepos_final_nocolor.png,93b_Gourdan_GG_MB_2021_MAN_Piette_final_nocolor.png
3,238,151b,370a,73b,151b_PC_DSC00570_final_nocolor.png,370a_Gonn_AP_Monrepos_final_nocolor.png,73b_Gonn_AP_Monrepos_final_nocolor.png
3,239,431a,93a,151a,431a_Gonn_AP_Monrepos_final_nocolor.png,93a_Gourdan_GG_MB_2021_MAN_Piette_final_nocolor.png,151a MdA_final_nocolor.png
3,240,555a,631a,360a,555a_Gonn_AP_Monrepos_final_nocolor.png,631a_Gonn_AP_Monrepos_final_nocolor.png,360a_Gonn_AP_Monrepos_final_nocolor.png
3,241,151b,307a,241b,151b_PC_DSC00570_final_nocolor.png,307a_Gonn_AP_Monrepos_final_nocolor.png,241b_Badegoule_MdP_Pr.A.png
3,242,420b,626a,84a,420b_Gonn_AP_Monrepos_final_nocolor.png,626a_Gonn_AP_Monrepos_final_nocolor.png,84a_Gonn_AP_Monrepos_final_nocolor.png
3,243,484a,73a,70b,484a_Gonn_AP_Monrepos_final_nocolor.png,73a_Gonn_AP_Monrepos_final_nocolor.png,70b_Gonn_AP_Monrepos_final_nocolor.png
3,244,167b,307a,431a,167b_GG_MB_2021_MdAM_final_nocolor.png,307a_Gonn_AP_Monrepos_final_nocolor.png,431a_Gonn_AP_Monrepos_final_nocolor.png
3,245,151b,202a,144b,151b_PC_DSC00570_final_nocolor.png,202a_final_nocolor.png,144b_L-B_MdP_final_nocolor.png
3,246,226a,420a,241b,226a_Aguas_Sant_Final_nocolor.png,420a_Gonn_AP_Monrepos_final_nocolor.png,241b_Badegoule_MdP_Pr.A.png
3,247,226b,307a,93b,226b_Aguas_Santander_final_nocolor.png,307a_Gonn_AP_Monrepos_final_nocolor.png,93b_Gourdan_GG_MB_2021_MAN_Piette_final_nocolor.png
3,248,484a,93a,151b,484a_Gonn_AP_Monrepos_final_nocolor.png,93a_Gourdan_GG_MB_2021_MAN_Piette_final_nocolor.png,151b_PC_DSC00570_final_nocolor.png
3,249,167b,241b,353a,167b_GG_MB_2021_MdAM_final_nocolor.png,241b_Badegoule_MdP_Pr.A.png,353a_Gonn_AP_Monrepos_final_nocolor.png
3,250,144b,186a,307a,144b_L-B_MdP_final_nocolor.png,186a_GG_MB_2021_MdAM_final_nocolor.png,307a_Gonn_AP_Monrepos_final_nocolor.png
3,251,226a,555a,93a,226a_Aguas_Sant_Final_nocolor.png,555a_Gonn_AP_Monrepos_final_nocolor.png,93a_Gourdan_GG_MB_2021_MAN_Piette_final_nocolor.png
3,252,370a,418a,151a,370a_Gonn_AP_Monrepos_final_nocolor.png,418a_Gonn_AP_Monrepos_final_nocolor.png,151a MdA_final_nocolor.png
3,253,167a,307b,360a,167a_GG_MB_2021_MdAM_final_nocolor.png,307b_Gonn_AP_Monrepos_final_nocolor.png,360a_Gonn_AP_Monrepos_final_nocolor.png
3,254,241b,84a,226b,241b_Badegoule_MdP_Pr.A.png,84a_Gonn_AP_Monrepos_final_nocolor.png,226b_Aguas_Santander_final_nocolor.png
3,255,626a,631a,70a,626a_Gonn_AP_Monrepos_final_nocolor.png,631a_Gonn_AP_Monrepos_final_nocolor.png,70a_Gonn_AP_Monrepos_final_nocolor.png
3,256,420a,70b,307b,420a_Gonn_AP_Monrepos_final_nocolor.png,70b_Gonn_AP_Monrepos_final_nocolor.png,307b_Gonn_AP_Monrepos_final_nocolor.png
3,257,226a,555a,241b,226a_Aguas_Sant_Final_nocolor.png,555a_Gonn_AP_Monrepos_final_nocolor.png,241b_Badegoule_MdP_Pr.A.png
3,258,144a,70a,73b,144a_L-B_MdP_final_nocolor.png,70a_Gonn_AP_Monrepos_final_nocolor.png,73b_Gonn_AP_Monrepos_final_nocolor.png
3,259,226b,420a,93a,226b_Aguas_Santander_final_nocolor.png,420a_Gonn_AP_Monrepos_final_nocolor.png,93a_Gourdan_GG_MB_2021_MAN_Piette_final_nocolor.png
3,260,167b,626a,360a,167b_GG_MB_2021_MdAM_final_nocolor.png,626a_Gonn_AP_Monrepos_final_nocolor.png,360a_Gonn_AP_Monrepos_final_nocolor.png
3,261,144a,555a,631a,144a_L-B_MdP_final_nocolor.png,555a_Gonn_AP_Monrepos_final_nocolor.png,631a_Gonn_AP_Monrepos_final_nocolor.png
3,262,167a,73b,355a,167a_GG_MB_2021_MdAM_final_nocolor.png,73b_Gonn_AP_Monrepos_final_nocolor.png,355a_Gonn_AP_Monrepos_final_nocolor.png
3,263,226b,93b,626a,226b_Aguas_Santander_final_nocolor.png,93b_Gourdan_GG_MB_2021_MAN_Piette_final_nocolor.png,626a_Gonn_AP_Monrepos_final_nocolor.png
3,264,360a,70a,202a,360a_Gonn_AP_Monrepos_final_nocolor.png,70a_Gonn_AP_Monrepos_final_nocolor.png,202a_final_nocolor.png
3,265,307b,70b,186a,307b_Gonn_AP_Monrepos_final_nocolor.png,70b_Gonn_AP_Monrepos_final_nocolor.png,186a_GG_MB_2021_MdAM_final_nocolor.png
3,266,370a,552a,167b,370a_Gonn_AP_Monrepos_final_nocolor.png,552a_Gonn_AP_Monrepos_final_nocolor.png,167b_GG_MB_2021_MdAM_final_nocolor.png
3,267,353a,84a,360a,353a_Gonn_AP_Monrepos_final_nocolor.png,84a_Gonn_AP_Monrepos_final_nocolor.png,360a_Gonn_AP_Monrepos_final_nocolor.png
3,268,241b,355a,144b,241b_Badegoule_MdP_Pr.A.png,355a_Gonn_AP_Monrepos_final_nocolor.png,144b_L-B_MdP_final_nocolor.png
3,269,370a,420b,420a,370a_Gonn_AP_Monrepos_final_nocolor.png,420b_Gonn_AP_Monrepos_final_nocolor.png,420a_Gonn_AP_Monrepos_final_nocolor.png
3,270,360a,431a,167a,360a_Gonn_AP_Monrepos_final_nocolor.png,431a_Gonn_AP_Monrepos_final_nocolor.png,167a_GG_MB_2021_MdAM_final_nocolor.png
3,271,151a,353a,418a,151a MdA_final_nocolor.png,353a_Gonn_AP_Monrepos_final_nocolor.png,418a_Gonn_AP_Monrepos_final_nocolor.png
3,272,370a,70b,201a,370a_Gonn_AP_Monrepos_final_nocolor.png,70b_Gonn_AP_Monrepos_final_nocolor.png,201a_Peters_Graziosi 1960_final_nocolor.png
3,273,431a,70a,73b,431a_Gonn_AP_Monrepos_final_nocolor.png,70a_Gonn_AP_Monrepos_final_nocolor.png,73b_Gonn_AP_Monrepos_final_nocolor.png
3,274,151a,186a,226a,151a MdA_final_nocolor.png,186a_GG_MB_2021_MdAM_final_nocolor.png,226a_Aguas_Sant_Final_nocolor.png
3,275,167b,307a,241a,167b_GG_MB_2021_MdAM_final_nocolor.png,307a_Gonn_AP_Monrepos_final_nocolor.png,241a_Badegoule_MdP_Pr.A.png
3,276,307b,420a,431a,307b_Gonn_AP_Monrepos_final_nocolor.png,420a_Gonn_AP_Monrepos_final_nocolor.png,431a_Gonn_AP_Monrepos_final_nocolor.png
3,277,418a,626a,202a,418a_Gonn_AP_Monrepos_final_nocolor.png,626a_Gonn_AP_Monrepos_final_nocolor.png,202a_final_nocolor.png
3,278,307a,84a,73a,307a_Gonn_AP_Monrepos_final_nocolor.png,84a_Gonn_AP_Monrepos_final_nocolor.png,73a_Gonn_AP_Monrepos_final_nocolor.png
3,279,226b,93a,370a,226b_Aguas_Santander_final_nocolor.png,93a_Gourdan_GG_MB_2021_MAN_Piette_final_nocolor.png,370a_Gonn_AP_Monrepos_final_nocolor.png
3,280,202a,431a,201a,202a_final_nocolor.png,431a_Gonn_AP_Monrepos_final_nocolor.png,201a_Peters_Graziosi 1960_final_nocolor.png
3,281,167a,307a,420a,167a_GG_MB_2021_MdAM_final_nocolor.png,307a_Gonn_AP_Monrepos_final_nocolor.png,420a_Gonn_AP_Monrepos_final_nocolor.png
3,282,484a,93a,626a,484a_Gonn_AP_Monrepos_final_nocolor.png,93a_Gourdan_GG_MB_2021_MAN_Piette_final_nocolor.png,626a_Gonn_AP_Monrepos_final_nocolor.png
3,283,226a,370a,186b,226a_Aguas_Sant_Final_nocolor.png,370a_Gonn_AP_Monrepos_final_nocolor.png,186b_GG_MB_2021_MdAM_final_nocolor.png
3,284,555a,631a,167a,555a_Gonn_AP_Monrepos_final_nocolor.png,631a_Gonn_AP_Monrepos_final_nocolor.png,167a_GG_MB_2021_MdAM_final_nocolor.png
3,285,484a,626a,93b,484a_Gonn_AP_Monrepos_final_nocolor.png,626a_Gonn_AP_Monrepos_final_nocolor.png,93b_Gourdan_GG_MB_2021_MAN_Piette_final_nocolor.png
3,286,241a,70a,418a,241a_Badegoule_MdP_Pr.A.png,70a_Gonn_AP_Monrepos_final_nocolor.png,418a_Gonn_AP_Monrepos_final_nocolor.png
3,287,151b,370a,360a,151b_PC_DSC00570_final_nocolor.png,370a_Gonn_AP_Monrepos_final_nocolor.png,360a_Gonn_AP_Monrepos_final_nocolor.png
3,288,186a,93a,144b,186a_GG_MB_2021_MdAM_final_nocolor.png,93a_Gourdan_GG_MB_2021_MAN_Piette_final_nocolor.png,144b_L-B_MdP_final_nocolor.png
3,289,70a,73b,241a,70a_Gonn_AP_Monrepos_final_nocolor.png,73b_Gonn_AP_Monrepos_final_nocolor.png,241a_Badegoule_MdP_Pr.A.png
3,290,144a,167b,93b,144a_L-B_MdP_final_nocolor.png,167b_GG_MB_2021_MdAM_final_nocolor.png,93b_Gourdan_GG_MB_2021_MAN_Piette_final_nocolor.png
3,291,144b,167a,355a,144b_L-B_MdP_final_nocolor.png,167a_GG_MB_2021_MdAM_final_nocolor.png,355a_Gonn_AP_Monrepos_final_nocolor.png
3,292,151a,84a,360a,151a MdA_final_nocolor.png,84a_Gonn_AP_Monrepos_final_nocolor.png,360a_Gonn_AP_Monrepos_final_nocolor.png
3,293,418a,93b,70b,418a_Gonn_AP_Monrepos_final_nocolor.png,93b_Gourdan_GG_MB_2021_MAN_Piette_final_nocolor.png,70b_Gonn_AP_Monrepos_final_nocolor.png
3,294,353a,73a,355a,353a_Gonn_AP_Monrepos_final_nocolor.png,73a_Gonn_AP_Monrepos_final_nocolor.png,355a_Gonn_AP_Monrepos_final_nocolor.png
3,295,167a,84a,144a,167a_GG_MB_2021_MdAM_final_nocolor.png,84a_Gonn_AP_Monrepos_final_nocolor.png,144a_L-B_MdP_final_nocolor.png
3,296,226a,484a,226b,226a_Aguas_Sant_Final_nocolor.png,484a_Gonn_AP_Monrepos_final_nocolor.png,226b_Aguas_Santander_final_nocolor.png
3,297,186a,631a,355a,186a_GG_MB_2021_MdAM_final_nocolor.png,631a_Gonn_AP_Monrepos_final_nocolor.png,355a_Gonn_AP_Monrepos_final_nocolor.png
3,298,418a,420a,186b,418a_Gonn_AP_Monrepos_final_nocolor.png,420a_Gonn_AP_Monrepos_final_nocolor.png,186b_GG_MB_2021_MdAM_final_nocolor.png
3,299,307b,484a,552a,307b_Gonn_AP_Monrepos_final_nocolor.png,484a_Gonn_AP_Monrepos_final_nocolor.png,552a_Gonn_AP_Monrepos_final_nocolor.png
3,300,201a,226a,555a,201a_Peters_Graziosi 1960_final_nocolor.png,226a_Aguas_Sant_Final_nocolor.png,555a_Gonn_AP_Monrepos_final_nocolor.png
3,301,355a,84a,226b,355a_Gonn_AP_Monrepos_final_nocolor.png,84a_Gonn_AP_Monrepos_final_nocolor.png,226b_Aguas_Santander_final_nocolor.png
3,302,353a,70a,144a,353a_Gonn_AP_Monrepos_final_nocolor.png,70a_Gonn_AP_Monrepos_final_nocolor.png,144a_L-B_MdP_final_nocolor.png
3,303,226a,360a,418a,226a_Aguas_Sant_Final_nocolor.png,360a_Gonn_AP_Monrepos_final_nocolor.png,418a_Gonn_AP_Monrepos_final_nocolor.png
3,304,84a,93a,484a,84a_Gonn_AP_Monrepos_final_nocolor.png,93a_Gourdan_GG_MB_2021_MAN_Piette_final_nocolor.png,484a_Gonn_AP_Monrepos_final_nocolor.png
3,305,353a,370a,431a,353a_Gonn_AP_Monrepos_final_nocolor.png,370a_Gonn_AP_Monrepos_final_nocolor.png,431a_Gonn_AP_Monrepos_final_nocolor.png
3,306,241a,418a,201a,241a_Badegoule_MdP_Pr.A.png,418a_Gonn_AP_Monrepos_final_nocolor.png,201a_Peters_Graziosi 1960_final_nocolor.png
3,307,420b,70b,167b,420b_Gonn_AP_Monrepos_final_nocolor.png,70b_Gonn_AP_Monrepos_final_nocolor.png,167b_GG_MB_2021_MdAM_final_nocolor.png
3,308,226a,353a,144a,226a_Aguas_Sant_Final_nocolor.png,353a_Gonn_AP_Monrepos_final_nocolor.png,144a_L-B_MdP_final_nocolor.png
3,309,241a,360a,202a,241a_Badegoule_MdP_Pr.A.png,360a_Gonn_AP_Monrepos_final_nocolor.png,202a_final_nocolor.png
3,310,151a,73b,70a,151a MdA_final_nocolor.png,73b_Gonn_AP_Monrepos_final_nocolor.png,70a_Gonn_AP_Monrepos_final_nocolor.png
3,311,144a,418a,167a,144a_L-B_MdP_final_nocolor.png,418a_Gonn_AP_Monrepos_final_nocolor.png,167a_GG_MB_2021_MdAM_final_nocolor.png
3,312,226a,93a,226b,226a_Aguas_Sant_Final_nocolor.png,93a_Gourdan_GG_MB_2021_MAN_Piette_final_nocolor.png,226b_Aguas_Santander_final_nocolor.png
3,313,151a,73b,420a,151a MdA_final_nocolor.png,73b_Gonn_AP_Monrepos_final_nocolor.png,420a_Gonn_AP_Monrepos_final_nocolor.png
3,314,353a,420b,167a,353a_Gonn_AP_Monrepos_final_nocolor.png,420b_Gonn_AP_Monrepos_final_nocolor.png,167a_GG_MB_2021_MdAM_final_nocolor.png
3,315,552a,626a,370a,552a_Gonn_AP_Monrepos_final_nocolor.png,626a_Gonn_AP_Monrepos_final_nocolor.png,370a_Gonn_AP_Monrepos_final_nocolor.png
3,316,73a,73b,144a,73a_Gonn_AP_Monrepos_final_nocolor.png,73b_Gonn_AP_Monrepos_final_nocolor.png,144a_L-B_MdP_final_nocolor.png
3,317,241a,70b,307b,241a_Badegoule_MdP_Pr.A.png,70b_Gonn_AP_Monrepos_final_nocolor.png,307b_Gonn_AP_Monrepos_final_nocolor.png
3,318,626a,631a,202b,626a_Gonn_AP_Monrepos_final_nocolor.png,631a_Gonn_AP_Monrepos_final_nocolor.png,202b_final_nocolor.png
3,319,167a,70a,484a,167a_GG_MB_2021_MdAM_final_nocolor.png,70a_Gonn_AP_Monrepos_final_nocolor.png,484a_Gonn_AP_Monrepos_final_nocolor.png
3,320,241a,420a,93a,241a_Badegoule_MdP_Pr.A.png,420a_Gonn_AP_Monrepos_final_nocolor.png,93a_Gourdan_GG_MB_2021_MAN_Piette_final_nocolor.png
3,321,307b,552a,631a,307b_Gonn_AP_Monrepos_final_nocolor.png,552a_Gonn_AP_Monrepos_final_nocolor.png,631a_Gonn_AP_Monrepos_final_nocolor.png
3,322,167a,73b,418a,167a_GG_MB_2021_MdAM_final_nocolor.png,73b_Gonn_AP_Monrepos_final_nocolor.png,418a_Gonn_AP_Monrepos_final_nocolor.png
3,323,144b,226a,370a,144b_L-B_MdP_final_nocolor.png,226a_Aguas_Sant_Final_nocolor.png,370a_Gonn_AP_Monrepos_final_nocolor.png
3,324,151b,631a,70a,151b_PC_DSC00570_final_nocolor.png,631a_Gonn_AP_Monrepos_final_nocolor.png,70a_Gonn_AP_Monrepos_final_nocolor.png
3,325,307a,307b,186a,307a_Gonn_AP_Monrepos_final_nocolor.png,307b_Gonn_AP_Monrepos_final_nocolor.png,186a_GG_MB_2021_MdAM_final_nocolor.png
3,326,202b,360a,370a,202b_final_nocolor.png,360a_Gonn_AP_Monrepos_final_nocolor.png,370a_Gonn_AP_Monrepos_final_nocolor.png
3,327,226a,631a,484a,226a_Aguas_Sant_Final_nocolor.png,631a_Gonn_AP_Monrepos_final_nocolor.png,484a_Gonn_AP_Monrepos_final_nocolor.png
3,328,167a,186b,552a,167a_GG_MB_2021_MdAM_final_nocolor.png,186b_GG_MB_2021_MdAM_final_nocolor.png,552a_Gonn_AP_Monrepos_final_nocolor.png
3,329,360a,73a,144a,360a_Gonn_AP_Monrepos_final_nocolor.png,73a_Gonn_AP_Monrepos_final_nocolor.png,144a_L-B_MdP_final_nocolor.png
3,330,186a,418a,420b,186a_GG_MB_2021_MdAM_final_nocolor.png,418a_Gonn_AP_Monrepos_final_nocolor.png,420b_Gonn_AP_Monrepos_final_nocolor.png
3,331,167a,631a,151a,167a_GG_MB_2021_MdAM_final_nocolor.png,631a_Gonn_AP_Monrepos_final_nocolor.png,151a MdA_final_nocolor.png
3,332,226b,552a,151b,226b_Aguas_Santander_final_nocolor.png,552a_Gonn_AP_Monrepos_final_nocolor.png,151b_PC_DSC00570_final_nocolor.png
3,333,418a,70b,241a,418a_Gonn_AP_Monrepos_final_nocolor.png,70b_Gonn_AP_Monrepos_final_nocolor.png,241a_Badegoule_MdP_Pr.A.png
3,334,167a,420b,241b,167a_GG_MB_2021_MdAM_final_nocolor.png,420b_Gonn_AP_Monrepos_final_nocolor.png,241b_Badegoule_MdP_Pr.A.png
3,335,70a,84a,355a,70a_Gonn_AP_Monrepos_final_nocolor.png,84a_Gonn_AP_Monrepos_final_nocolor.png,355a_Gonn_AP_Monrepos_final_nocolor.png
3,336,186a,70b,353a,186a_GG_MB_2021_MdAM_final_nocolor.png,70b_Gonn_AP_Monrepos_final_nocolor.png,353a_Gonn_AP_Monrepos_final_nocolor.png
3,337,167a,226b,144a,167a_GG_MB_2021_MdAM_final_nocolor.png,226b_Aguas_Santander_final_nocolor.png,144a_L-B_MdP_final_nocolor.png
3,338,202b,420b,420a,202b_final_nocolor.png,420b_Gonn_AP_Monrepos_final_nocolor.png,420a_Gonn_AP_Monrepos_final_nocolor.png
3,339,186b,353a,307a,186b_GG_MB_2021_MdAM_final_nocolor.png,353a_Gonn_AP_Monrepos_final_nocolor.png,307a_Gonn_AP_Monrepos_final_nocolor.png
3,340,151b,241b,167a,151b_PC_DSC00570_final_nocolor.png,241b_Badegoule_MdP_Pr.A.png,167a_GG_MB_2021_MdAM_final_nocolor.png
3,341,201a,84a,360a,201a_Peters_Graziosi 1960_final_nocolor.png,84a_Gonn_AP_Monrepos_final_nocolor.png,360a_Gonn_AP_Monrepos_final_nocolor.png
3,342,167b,186a,353a,167b_GG_MB_2021_MdAM_final_nocolor.png,186a_GG_MB_2021_MdAM_final_nocolor.png,353a_Gonn_AP_Monrepos_final_nocolor.png
3,343,202b,420b,431a,202b_final_nocolor.png,420b_Gonn_AP_Monrepos_final_nocolor.png,431a_Gonn_AP_Monrepos_final_nocolor.png
3,344,226b,355a,226a,226b_Aguas_Santander_final_nocolor.png,355a_Gonn_AP_Monrepos_final_nocolor.png,226a_Aguas_Sant_Final_nocolor.png
3,345,353a,73a,84a,353a_Gonn_AP_Monrepos_final_nocolor.png,73a_Gonn_AP_Monrepos_final_nocolor.png,84a_Gonn_AP_Monrepos_final_nocolor.png
3,346,420b,626a,73b,420b_Gonn_AP_Monrepos_final_nocolor.png,626a_Gonn_AP_Monrepos_final_nocolor.png,73b_Gonn_AP_Monrepos_final_nocolor.png
3,347,484a,552a,355a,484a_Gonn_AP_Monrepos_final_nocolor.png,552a_Gonn_AP_Monrepos_final_nocolor.png,355a_Gonn_AP_Monrepos_final_nocolor.png
3,348,167a,420a,144b,167a_GG_MB_2021_MdAM_final_nocolor.png,420a_Gonn_AP_Monrepos_final_nocolor.png,144b_L-B_MdP_final_nocolor.png
3,349,202a,73b,84a,202a_final_nocolor.png,73b_Gonn_AP_Monrepos_final_nocolor.png,84a_Gonn_AP_Monrepos_final_nocolor.png
3,350,631a,70b,186b,631a_Gonn_AP_Monrepos_final_nocolor.png,70b_Gonn_AP_Monrepos_final_nocolor.png,186b_GG_MB_2021_MdAM_final_nocolor.png
3,351,226b,355a,360a,226b_Aguas_Santander_final_nocolor.png,355a_Gonn_AP_Monrepos_final_nocolor.png,360a_Gonn_AP_Monrepos_final_nocolor.png
3,352,484a,73b,167b,484a_Gonn_AP_Monrepos_final_nocolor.png,73b_Gonn_AP_Monrepos_final_nocolor.png,167b_GG_MB_2021_MdAM_final_nocolor.png
3,353,144b,93b,626a,144b_L-B_MdP_final_nocolor.png,93b_Gourdan_GG_MB_2021_MAN_Piette_final_nocolor.png,626a_Gonn_AP_Monrepos_final_nocolor.png
3,354,167a,73a,360a,167a_GG_MB_2021_MdAM_final_nocolor.png,73a_Gonn_AP_Monrepos_final_nocolor.png,360a_Gonn_AP_Monrepos_final_nocolor.png
3,355,144a,84a,70b,144a_L-B_MdP_final_nocolor.png,84a_Gonn_AP_Monrepos_final_nocolor.png,70b_Gonn_AP_Monrepos_final_nocolor.png
3,356,307a,552a,186a,307a_Gonn_AP_Monrepos_final_nocolor.png,552a_Gonn_AP_Monrepos_final_nocolor.png,186a_GG_MB_2021_MdAM_final_nocolor.png
3,357,555a,70a,631a,555a_Gonn_AP_Monrepos_final_nocolor.png,70a_Gonn_AP_Monrepos_final_nocolor.png,631a_Gonn_AP_Monrepos_final_nocolor.png
3,358,226a,84a,144b,226a_Aguas_Sant_Final_nocolor.png,84a_Gonn_AP_Monrepos_final_nocolor.png,144b_L-B_MdP_final_nocolor.png
3,359,202b,420b,626a,202b_final_nocolor.png,420b_Gonn_AP_Monrepos_final_nocolor.png,626a_Gonn_AP_Monrepos_final_nocolor.png
3,360,186b,307a,355a,186b_GG_MB_2021_MdAM_final_nocolor.png,307a_Gonn_AP_Monrepos_final_nocolor.png,355a_Gonn_AP_Monrepos_final_nocolor.png
3,361,241a,370a,186a,241a_Badegoule_MdP_Pr.A.png,370a_Gonn_AP_Monrepos_final_nocolor.png,186a_GG_MB_2021_MdAM_final_nocolor.png
3,362,418a,420b,484a,418a_Gonn_AP_Monrepos_final_nocolor.png,420b_Gonn_AP_Monrepos_final_nocolor.png,484a_Gonn_AP_Monrepos_final_nocolor.png
3,363,420a,555a,151a,420a_Gonn_AP_Monrepos_final_nocolor.png,555a_Gonn_AP_Monrepos_final_nocolor.png,151a MdA_final_nocolor.png
3,364,186a,93b,241b,186a_GG_MB_2021_MdAM_final_nocolor.png,93b_Gourdan_GG_MB_2021_MAN_Piette_final_nocolor.png,241b_Badegoule_MdP_Pr.A.png
3,365,307b,353a,418a,307b_Gonn_AP_Monrepos_final_nocolor.png,353a_Gonn_AP_Monrepos_final_nocolor.png,418a_Gonn_AP_Monrepos_final_nocolor.png
3,366,555a,73b,552a,555a_Gonn_AP_Monrepos_final_nocolor.png,73b_Gonn_AP_Monrepos_final_nocolor.png,552a_Gonn_AP_Monrepos_final_nocolor.png
3,367,151b,93b,93a,151b_PC_DSC00570_final_nocolor.png,93b_Gourdan_GG_MB_2021_MAN_Piette_final_nocolor.png,93a_Gourdan_GG_MB_2021_MAN_Piette_final_nocolor.png
3,368,241b,355a,353a,241b_Badegoule_MdP_Pr.A.png,355a_Gonn_AP_Monrepos_final_nocolor.png,353a_Gonn_AP_Monrepos_final_nocolor.png
3,369,484a,70a,201a,484a_Gonn_AP_Monrepos_final_nocolor.png,70a_Gonn_AP_Monrepos_final_nocolor.png,201a_Peters_Graziosi 1960_final_nocolor.png
3,370,360a,370a,226b,360a_Gonn_AP_Monrepos_final_nocolor.png,370a_Gonn_AP_Monrepos_final_nocolor.png,226b_Aguas_Santander_final_nocolor.png
3,371,167b,420a,355a,167b_GG_MB_2021_MdAM_final_nocolor.png,420a_Gonn_AP_Monrepos_final_nocolor.png,355a_Gonn_AP_Monrepos_final_nocolor.png
3,372,144b,484a,552a,144b_L-B_MdP_final_nocolor.png,484a_Gonn_AP_Monrepos_final_nocolor.png,552a_Gonn_AP_Monrepos_final_nocolor.png
3,373,420b,555a,70a,420b_Gonn_AP_Monrepos_final_nocolor.png,555a_Gonn_AP_Monrepos_final_nocolor.png,70a_Gonn_AP_Monrepos_final_nocolor.png
3,374,241b,420a,360a,241b_Badegoule_MdP_Pr.A.png,420a_Gonn_AP_Monrepos_final_nocolor.png,360a_Gonn_AP_Monrepos_final_nocolor.png
3,375,202a,93a,355a,202a_final_nocolor.png,93a_Gourdan_GG_MB_2021_MAN_Piette_final_nocolor.png,355a_Gonn_AP_Monrepos_final_nocolor.png
3,376,241a,353a,151b,241a_Badegoule_MdP_Pr.A.png,353a_Gonn_AP_Monrepos_final_nocolor.png,151b_PC_DSC00570_final_nocolor.png
3,377,144b,420b,484a,144b_L-B_MdP_final_nocolor.png,420b_Gonn_AP_Monrepos_final_nocolor.png,484a_Gonn_AP_Monrepos_final_nocolor.png
3,378,418a,420a,360a,418a_Gonn_AP_Monrepos_final_nocolor.png,420a_Gonn_AP_Monrepos_final_nocolor.png,360a_Gonn_AP_Monrepos_final_nocolor.png
3,379,226a,552a,167b,226a_Aguas_Sant_Final_nocolor.png,552a_Gonn_AP_Monrepos_final_nocolor.png,167b_GG_MB_2021_MdAM_final_nocolor.png
3,380,167a,226b,484a,167a_GG_MB_2021_MdAM_final_nocolor.png,226b_Aguas_Santander_final_nocolor.png,484a_Gonn_AP_Monrepos_final_nocolor.png
3,381,353a,555a,420a,353a_Gonn_AP_Monrepos_final_nocolor.png,555a_Gonn_AP_Monrepos_final_nocolor.png,420a_Gonn_AP_Monrepos_final_nocolor.png
3,382,370a,73b,431a,370a_Gonn_AP_Monrepos_final_nocolor.png,73b_Gonn_AP_Monrepos_final_nocolor.png,431a_Gonn_AP_Monrepos_final_nocolor.png
3,383,202a,418a,144b,202a_final_nocolor.png,418a_Gonn_AP_Monrepos_final_nocolor.png,144b_L-B_MdP_final_nocolor.png
3,384,484a,555a,360a,484a_Gonn_AP_Monrepos_final_nocolor.png,555a_Gonn_AP_Monrepos_final_nocolor.png,360a_Gonn_AP_Monrepos_final_nocolor.png
3,385,307a,431a,420a,307a_Gonn_AP_Monrepos_final_nocolor.png,431a_Gonn_AP_Monrepos_final_nocolor.png,420a_Gonn_AP_Monrepos_final_nocolor.png
3,386,186a,202b,226a,186a_GG_MB_2021_MdAM_final_nocolor.png,202b_final_nocolor.png,226a_Aguas_Sant_Final_nocolor.png
3,387,420b,626a,151b,420b_Gonn_AP_Monrepos_final_nocolor.png,626a_Gonn_AP_Monrepos_final_nocolor.png,151b_PC_DSC00570_final_nocolor.png
3,388,144a,420a,307b,144a_L-B_MdP_final_nocolor.png,420a_Gonn_AP_Monrepos_final_nocolor.png,307b_Gonn_AP_Monrepos_final_nocolor.png
3,389,167a,370a,186a,167a_GG_MB_2021_MdAM_final_nocolor.png,370a_Gonn_AP_Monrepos_final_nocolor.png,186a_GG_MB_2021_MdAM_final_nocolor.png
3,390,631a,84a,73a,631a_Gonn_AP_Monrepos_final_nocolor.png,84a_Gonn_AP_Monrepos_final_nocolor.png,73a_Gonn_AP_Monrepos_final_nocolor.png
3,391,144a,201a,241a,144a_L-B_MdP_final_nocolor.png,201a_Peters_Graziosi 1960_final_nocolor.png,241a_Badegoule_MdP_Pr.A.png
3,392,167b,552a,202b,167b_GG_MB_2021_MdAM_final_nocolor.png,552a_Gonn_AP_Monrepos_final_nocolor.png,202b_final_nocolor.png
3,393,370a,555a,355a,370a_Gonn_AP_Monrepos_final_nocolor.png,555a_Gonn_AP_Monrepos_final_nocolor.png,355a_Gonn_AP_Monrepos_final_nocolor.png
3,394,307a,353a,144b,307a_Gonn_AP_Monrepos_final_nocolor.png,353a_Gonn_AP_Monrepos_final_nocolor.png,144b_L-B_MdP_final_nocolor.png
3,395,144a,202b,186b,144a_L-B_MdP_final_nocolor.png,202b_final_nocolor.png,186b_GG_MB_2021_MdAM_final_nocolor.png
3,396,151b,226b,167b,151b_PC_DSC00570_final_nocolor.png,226b_Aguas_Santander_final_nocolor.png,167b_GG_MB_2021_MdAM_final_nocolor.png
3,397,370a,631a,307b,370a_Gonn_AP_Monrepos_final_nocolor.png,631a_Gonn_AP_Monrepos_final_nocolor.png,307b_Gonn_AP_Monrepos_final_nocolor.png
3,398,202b,241a,353a,202b_final_nocolor.png,241a_Badegoule_MdP_Pr.A.png,353a_Gonn_AP_Monrepos_final_nocolor.png
3,399,151b,626a,151a,151b_PC_DSC00570_final_nocolor.png,626a_Gonn_AP_Monrepos_final_nocolor.png,151a MdA_final_nocolor.png
3,400,70a,93b,144a,70a_Gonn_AP_Monrepos_final_nocolor.png,93b_Gourdan_GG_MB_2021_MAN_Piette_final_nocolor.png,144a_L-B_MdP_final_nocolor.png
3,401,202b,552a,226a,202b_final_nocolor.png,552a_Gonn_AP_Monrepos_final_nocolor.png,226a_Aguas_Sant_Final_nocolor.png
3,402,201a,353a,420a,201a_Peters_Graziosi 1960_final_nocolor.png,353a_Gonn_AP_Monrepos_final_nocolor.png,420a_Gonn_AP_Monrepos_final_nocolor.png
3,403,202a,631a,144b,202a_final_nocolor.png,631a_Gonn_AP_Monrepos_final_nocolor.png,144b_L-B_MdP_final_nocolor.png
3,404,73a,84a,307b,73a_Gonn_AP_Monrepos_final_nocolor.png,84a_Gonn_AP_Monrepos_final_nocolor.png,307b_Gonn_AP_Monrepos_final_nocolor.png
3,405,420a,420b,144a,420a_Gonn_AP_Monrepos_final_nocolor.png,420b_Gonn_AP_Monrepos_final_nocolor.png,144a_L-B_MdP_final_nocolor.png
3,406,202b,93b,631a,202b_final_nocolor.png,93b_Gourdan_GG_MB_2021_MAN_Piette_final_nocolor.png,631a_Gonn_AP_Monrepos_final_nocolor.png
3,407,552a,73b,167a,552a_Gonn_AP_Monrepos_final_nocolor.png,73b_Gonn_AP_Monrepos_final_nocolor.png,167a_GG_MB_2021_MdAM_final_nocolor.png
3,408,307a,307b,353a,307a_Gonn_AP_Monrepos_final_nocolor.png,307b_Gonn_AP_Monrepos_final_nocolor.png,353a_Gonn_AP_Monrepos_final_nocolor.png
3,409,431a,626a,73a,431a_Gonn_AP_Monrepos_final_nocolor.png,626a_Gonn_AP_Monrepos_final_nocolor.png,73a_Gonn_AP_Monrepos_final_nocolor.png
3,410,186b,241a,144b,186b_GG_MB_2021_MdAM_final_nocolor.png,241a_Badegoule_MdP_Pr.A.png,144b_L-B_MdP_final_nocolor.png
3,411,202a,73b,167a,202a_final_nocolor.png,73b_Gonn_AP_Monrepos_final_nocolor.png,167a_GG_MB_2021_MdAM_final_nocolor.png
3,412,151b,70b,420b,151b_PC_DSC00570_final_nocolor.png,70b_Gonn_AP_Monrepos_final_nocolor.png,420b_Gonn_AP_Monrepos_final_nocolor.png
3,413,202b,73a,626a,202b_final_nocolor.png,73a_Gonn_AP_Monrepos_final_nocolor.png,626a_Gonn_AP_Monrepos_final_nocolor.png
3,414,241a,360a,167a,241a_Badegoule_MdP_Pr.A.png,360a_Gonn_AP_Monrepos_final_nocolor.png,167a_GG_MB_2021_MdAM_final_nocolor.png
3,415,151b,70b,167b,151b_PC_DSC00570_final_nocolor.png,70b_Gonn_AP_Monrepos_final_nocolor.png,167b_GG_MB_2021_MdAM_final_nocolor.png
3,416,626a,73a,73b,626a_Gonn_AP_Monrepos_final_nocolor.png,73a_Gonn_AP_Monrepos_final_nocolor.png,73b_Gonn_AP_Monrepos_final_nocolor.png
3,417,307b,84a,167a,307b_Gonn_AP_Monrepos_final_nocolor.png,84a_Gonn_AP_Monrepos_final_nocolor.png,167a_GG_MB_2021_MdAM_final_nocolor.png
3,418,151b,431a,241a,151b_PC_DSC00570_final_nocolor.png,431a_Gonn_AP_Monrepos_final_nocolor.png,241a_Badegoule_MdP_Pr.A.png
3,419,420a,420b,70b,420a_Gonn_AP_Monrepos_final_nocolor.png,420b_Gonn_AP_Monrepos_final_nocolor.png,70b_Gonn_AP_Monrepos_final_nocolor.png
3,420,201a,84a,73b,201a_Peters_Graziosi 1960_final_nocolor.png,84a_Gonn_AP_Monrepos_final_nocolor.png,73b_Gonn_AP_Monrepos_final_nocolor.png
3,421,202b,431a,552a,202b_final_nocolor.png,431a_Gonn_AP_Monrepos_final_nocolor.png,552a_Gonn_AP_Monrepos_final_nocolor.png
3,422,420b,555a,307a,420b_Gonn_AP_Monrepos_final_nocolor.png,555a_Gonn_AP_Monrepos_final_nocolor.png,307a_Gonn_AP_Monrepos_final_nocolor.png
3,423,144a,241a,370a,144a_L-B_MdP_final_nocolor.png,241a_Badegoule_MdP_Pr.A.png,370a_Gonn_AP_Monrepos_final_nocolor.png
3,424,151b,552a,626a,151b_PC_DSC00570_final_nocolor.png,552a_Gonn_AP_Monrepos_final_nocolor.png,626a_Gonn_AP_Monrepos_final_nocolor.png
3,425,353a,431a,307a,353a_Gonn_AP_Monrepos_final_nocolor.png,431a_Gonn_AP_Monrepos_final_nocolor.png,307a_Gonn_AP_Monrepos_final_nocolor.png
3,426,241a,307b,226a,241a_Badegoule_MdP_Pr.A.png,307b_Gonn_AP_Monrepos_final_nocolor.png,226a_Aguas_Sant_Final_nocolor.png
3,427,151b,167a,370a,151b_PC_DSC00570_final_nocolor.png,167a_GG_MB_2021_MdAM_final_nocolor.png,370a_Gonn_AP_Monrepos_final_nocolor.png
3,428,307a,626a,418a,307a_Gonn_AP_Monrepos_final_nocolor.png,626a_Gonn_AP_Monrepos_final_nocolor.png,418a_Gonn_AP_Monrepos_final_nocolor.png
4,1,202b,70a,418a,202b_final_nocolor.png,70a_Gonn_AP_Monrepos_final_nocolor.png,418a_Gonn_AP_Monrepos_final_nocolor.png
4,2,555a,93a,84a,555a_Gonn_AP_Monrepos_final_nocolor.png,93a_Gourdan_GG_MB_2021_MAN_Piette_final_nocolor.png,84a_Gonn_AP_Monrepos_final_nocolor.png
4,3,241b,484a,151a,241b_Badegoule_MdP_Pr.A.png,484a_Gonn_AP_Monrepos_final_nocolor.png,151a MdA_final_nocolor.png
4,4,202a,626a,73b,202a_final_nocolor.png,626a_Gonn_AP_Monrepos_final_nocolor.png,73b_Gonn_AP_Monrepos_final_nocolor.png
4,5,353a,555a,84a,353a_Gonn_AP_Monrepos_final_nocolor.png,555a_Gonn_AP_Monrepos_final_nocolor.png,84a_Gonn_AP_Monrepos_final_nocolor.png
4,6,144b,241b,93b,144b_L-B_MdP_final_nocolor.png,241b_Badegoule_MdP_Pr.A.png,93b_Gourdan_GG_MB_2021_MAN_Piette_final_nocolor.png
4,7,418a,431a,73b,418a_Gonn_AP_Monrepos_final_nocolor.png,431a_Gonn_AP_Monrepos_final_nocolor.png,73b_Gonn_AP_Monrepos_final_nocolor.png
4,8,201a,70a,555a,201a_Peters_Graziosi 1960_final_nocolor.png,70a_Gonn_AP_Monrepos_final_nocolor.png,555a_Gonn_AP_Monrepos_final_nocolor.png
4,9,144b,420a,307a,144b_L-B_MdP_final_nocolor.png,420a_Gonn_AP_Monrepos_final_nocolor.png,307a_Gonn_AP_Monrepos_final_nocolor.png
4,10,202b,73a,631a,202b_final_nocolor.png,73a_Gonn_AP_Monrepos_final_nocolor.png,631a_Gonn_AP_Monrepos_final_nocolor.png
4,11,226b,360a,73b,226b_Aguas_Santander_final_nocolor.png,360a_Gonn_AP_Monrepos_final_nocolor.png,73b_Gonn_AP_Monrepos_final_nocolor.png
4,12,144b,555a,307b,144b_L-B_MdP_final_nocolor.png,555a_Gonn_AP_Monrepos_final_nocolor.png,307b_Gonn_AP_Monrepos_final_nocolor.png
4,13,552a,73a,186a,552a_Gonn_AP_Monrepos_final_nocolor.png,73a_Gonn_AP_Monrepos_final_nocolor.png,186a_GG_MB_2021_MdAM_final_nocolor.png
4,14,202a,420b,151a,202a_final_nocolor.png,420b_Gonn_AP_Monrepos_final_nocolor.png,151a MdA_final_nocolor.png
4,15,144b,307b,226b,144b_L-B_MdP_final_nocolor.png,307b_Gonn_AP_Monrepos_final_nocolor.png,226b_Aguas_Santander_final_nocolor.png
4,16,555a,93a,420a,555a_Gonn_AP_Monrepos_final_nocolor.png,93a_Gourdan_GG_MB_2021_MAN_Piette_final_nocolor.png,420a_Gonn_AP_Monrepos_final_nocolor.png
4,17,201a,202b,202a,201a_Peters_Graziosi 1960_final_nocolor.png,202b_final_nocolor.png,202a_final_nocolor.png
4,18,144a,151a,241a,144a_L-B_MdP_final_nocolor.png,151a MdA_final_nocolor.png,241a_Badegoule_MdP_Pr.A.png
4,19,555a,626a,484a,555a_Gonn_AP_Monrepos_final_nocolor.png,626a_Gonn_AP_Monrepos_final_nocolor.png,484a_Gonn_AP_Monrepos_final_nocolor.png
4,20,167a,552a,93a,167a_GG_MB_2021_MdAM_final_nocolor.png,552a_Gonn_AP_Monrepos_final_nocolor.png,93a_Gourdan_GG_MB_2021_MAN_Piette_final_nocolor.png
4,21,307b,420a,201a,307b_Gonn_AP_Monrepos_final_nocolor.png,420a_Gonn_AP_Monrepos_final_nocolor.png,201a_Peters_Graziosi 1960_final_nocolor.png
4,22,307a,555a,484a,307a_Gonn_AP_Monrepos_final_nocolor.png,555a_Gonn_AP_Monrepos_final_nocolor.png,484a_Gonn_AP_Monrepos_final_nocolor.png
4,23,70a,93a,552a,70a_Gonn_AP_Monrepos_final_nocolor.png,93a_Gourdan_GG_MB_2021_MAN_Piette_final_nocolor.png,552a_Gonn_AP_Monrepos_final_nocolor.png
4,24,144a,167a,360a,144a_L-B_MdP_final_nocolor.png,167a_GG_MB_2021_MdAM_final_nocolor.png,360a_Gonn_AP_Monrepos_final_nocolor.png
4,25,626a,93b,84a,626a_Gonn_AP_Monrepos_final_nocolor.png,93b_Gourdan_GG_MB_2021_MAN_Piette_final_nocolor.png,84a_Gonn_AP_Monrepos_final_nocolor.png
4,26,201a,73b,93a,201a_Peters_Graziosi 1960_final_nocolor.png,73b_Gonn_AP_Monrepos_final_nocolor.png,93a_Gourdan_GG_MB_2021_MAN_Piette_final_nocolor.png
4,27,307a,552a,355a,307a_Gonn_AP_Monrepos_final_nocolor.png,552a_Gonn_AP_Monrepos_final_nocolor.png,355a_Gonn_AP_Monrepos_final_nocolor.png
4,28,186b,241b,484a,186b_GG_MB_2021_MdAM_final_nocolor.png,241b_Badegoule_MdP_Pr.A.png,484a_Gonn_AP_Monrepos_final_nocolor.png
4,29,226a,307b,93a,226a_Aguas_Sant_Final_nocolor.png,307b_Gonn_AP_Monrepos_final_nocolor.png,93a_Gourdan_GG_MB_2021_MAN_Piette_final_nocolor.png
4,30,202a,626a,151a,202a_final_nocolor.png,626a_Gonn_AP_Monrepos_final_nocolor.png,151a MdA_final_nocolor.png
4,31,201a,431a,555a,201a_Peters_Graziosi 1960_final_nocolor.png,431a_Gonn_AP_Monrepos_final_nocolor.png,555a_Gonn_AP_Monrepos_final_nocolor.png
4,32,370a,631a,93a,370a_Gonn_AP_Monrepos_final_nocolor.png,631a_Gonn_AP_Monrepos_final_nocolor.png,93a_Gourdan_GG_MB_2021_MAN_Piette_final_nocolor.png
4,33,167b,420a,70b,167b_GG_MB_2021_MdAM_final_nocolor.png,420a_Gonn_AP_Monrepos_final_nocolor.png,70b_Gonn_AP_Monrepos_final_nocolor.png
4,34,151a,73a,93b,151a MdA_final_nocolor.png,73a_Gonn_AP_Monrepos_final_nocolor.png,93b_Gourdan_GG_MB_2021_MAN_Piette_final_nocolor.png
4,35,355a,93a,626a,355a_Gonn_AP_Monrepos_final_nocolor.png,93a_Gourdan_GG_MB_2021_MAN_Piette_final_nocolor.png,626a_Gonn_AP_Monrepos_final_nocolor.png
4,36,186a,431a,144b,186a_GG_MB_2021_MdAM_final_nocolor.png,431a_Gonn_AP_Monrepos_final_nocolor.png,144b_L-B_MdP_final_nocolor.png
4,37,151a,186b,484a,151a MdA_final_nocolor.png,186b_GG_MB_2021_MdAM_final_nocolor.png,484a_Gonn_AP_Monrepos_final_nocolor.png
4,38,355a,93a,370a,355a_Gonn_AP_Monrepos_final_nocolor.png,93a_Gourdan_GG_MB_2021_MAN_Piette_final_nocolor.png,370a_Gonn_AP_Monrepos_final_nocolor.png
4,39,420a,73b,186a,420a_Gonn_AP_Monrepos_final_nocolor.png,73b_Gonn_AP_Monrepos_final_nocolor.png,186a_GG_MB_2021_MdAM_final_nocolor.png
4,40,202b,431a,420b,202b_final_nocolor.png,431a_Gonn_AP_Monrepos_final_nocolor.png,420b_Gonn_AP_Monrepos_final_nocolor.png
4,41,555a,93a,93b,555a_Gonn_AP_Monrepos_final_nocolor.png,93a_Gourdan_GG_MB_2021_MAN_Piette_final_nocolor.png,93b_Gourdan_GG_MB_2021_MAN_Piette_final_nocolor.png
4,42,186a,186b,144a,186a_GG_MB_2021_MdAM_final_nocolor.png,186b_GG_MB_2021_MdAM_final_nocolor.png,144a_L-B_MdP_final_nocolor.png
4,43,307b,70b,241b,307b_Gonn_AP_Monrepos_final_nocolor.png,70b_Gonn_AP_Monrepos_final_nocolor.png,241b_Badegoule_MdP_Pr.A.png
4,44,151a,93a,73b,151a MdA_final_nocolor.png,93a_Gourdan_GG_MB_2021_MAN_Piette_final_nocolor.png,73b_Gonn_AP_Monrepos_final_nocolor.png
4,45,420b,555a,73a,420b_Gonn_AP_Monrepos_final_nocolor.png,555a_Gonn_AP_Monrepos_final_nocolor.png,73a_Gonn_AP_Monrepos_final_nocolor.png
4,46,418a,626a,431a,418a_Gonn_AP_Monrepos_final_nocolor.png,626a_Gonn_AP_Monrepos_final_nocolor.png,431a_Gonn_AP_Monrepos_final_nocolor.png
4,47,355a,370a,307b,355a_Gonn_AP_Monrepos_final_nocolor.png,370a_Gonn_AP_Monrepos_final_nocolor.png,307b_Gonn_AP_Monrepos_final_nocolor.png
4,48,186a,186b,226a,186a_GG_MB_2021_MdAM_final_nocolor.png,186b_GG_MB_2021_MdAM_final_nocolor.png,226a_Aguas_Sant_Final_nocolor.png
4,49,241b,626a,420b,241b_Badegoule_MdP_Pr.A.png,626a_Gonn_AP_Monrepos_final_nocolor.png,420b_Gonn_AP_Monrepos_final_nocolor.png
4,50,241a,73a,631a,241a_Badegoule_MdP_Pr.A.png,73a_Gonn_AP_Monrepos_final_nocolor.png,631a_Gonn_AP_Monrepos_final_nocolor.png
4,51,70b,73b,555a,70b_Gonn_AP_Monrepos_final_nocolor.png,73b_Gonn_AP_Monrepos_final_nocolor.png,555a_Gonn_AP_Monrepos_final_nocolor.png
4,52,144a,307a,202b,144a_L-B_MdP_final_nocolor.png,307a_Gonn_AP_Monrepos_final_nocolor.png,202b_final_nocolor.png
4,53,484a,626a,202a,484a_Gonn_AP_Monrepos_final_nocolor.png,626a_Gonn_AP_Monrepos_final_nocolor.png,202a_final_nocolor.png
4,54,186b,93b,186a,186b_GG_MB_2021_MdAM_final_nocolor.png,93b_Gourdan_GG_MB_2021_MAN_Piette_final_nocolor.png,186a_GG_MB_2021_MdAM_final_nocolor.png
4,55,202b,241a,151a,202b_final_nocolor.png,241a_Badegoule_MdP_Pr.A.png,151a MdA_final_nocolor.png
4,56,151b,418a,144a,151b_PC_DSC00570_final_nocolor.png,418a_Gonn_AP_Monrepos_final_nocolor.png,144a_L-B_MdP_final_nocolor.png
4,57,167b,631a,370a,167b_GG_MB_2021_MdAM_final_nocolor.png,631a_Gonn_AP_Monrepos_final_nocolor.png,370a_Gonn_AP_Monrepos_final_nocolor.png
4,58,151a,307a,241b,151a MdA_final_nocolor.png,307a_Gonn_AP_Monrepos_final_nocolor.png,241b_Badegoule_MdP_Pr.A.png
4,59,186b,202b,84a,186b_GG_MB_2021_MdAM_final_nocolor.png,202b_final_nocolor.png,84a_Gonn_AP_Monrepos_final_nocolor.png
4,60,370a,431a,418a,370a_Gonn_AP_Monrepos_final_nocolor.png,431a_Gonn_AP_Monrepos_final_nocolor.png,418a_Gonn_AP_Monrepos_final_nocolor.png
4,61,151a,186a,93a,151a MdA_final_nocolor.png,186a_GG_MB_2021_MdAM_final_nocolor.png,93a_Gourdan_GG_MB_2021_MAN_Piette_final_nocolor.png
4,62,151b,186b,355a,151b_PC_DSC00570_final_nocolor.png,186b_GG_MB_2021_MdAM_final_nocolor.png,355a_Gonn_AP_Monrepos_final_nocolor.png
4,63,418a,484a,241b,418a_Gonn_AP_Monrepos_final_nocolor.png,484a_Gonn_AP_Monrepos_final_nocolor.png,241b_Badegoule_MdP_Pr.A.png
4,64,226a,307b,93b,226a_Aguas_Sant_Final_nocolor.png,307b_Gonn_AP_Monrepos_final_nocolor.png,93b_Gourdan_GG_MB_2021_MAN_Piette_final_nocolor.png
4,65,151b,84a,631a,151b_PC_DSC00570_final_nocolor.png,84a_Gonn_AP_Monrepos_final_nocolor.png,631a_Gonn_AP_Monrepos_final_nocolor.png
4,66,431a,484a,418a,431a_Gonn_AP_Monrepos_final_nocolor.png,484a_Gonn_AP_Monrepos_final_nocolor.png,418a_Gonn_AP_Monrepos_final_nocolor.png
4,67,202b,370a,73b,202b_final_nocolor.png,370a_Gonn_AP_Monrepos_final_nocolor.png,73b_Gonn_AP_Monrepos_final_nocolor.png
4,68,73a,84a,144b,73a_Gonn_AP_Monrepos_final_nocolor.png,84a_Gonn_AP_Monrepos_final_nocolor.png,144b_L-B_MdP_final_nocolor.png
4,69,186b,418a,307b,186b_GG_MB_2021_MdAM_final_nocolor.png,418a_Gonn_AP_Monrepos_final_nocolor.png,307b_Gonn_AP_Monrepos_final_nocolor.png
4,70,626a,93b,431a,626a_Gonn_AP_Monrepos_final_nocolor.png,93b_Gourdan_GG_MB_2021_MAN_Piette_final_nocolor.png,431a_Gonn_AP_Monrepos_final_nocolor.png
4,71,370a,420a,241b,370a_Gonn_AP_Monrepos_final_nocolor.png,420a_Gonn_AP_Monrepos_final_nocolor.png,241b_Badegoule_MdP_Pr.A.png
4,72,202b,93a,73a,202b_final_nocolor.png,93a_Gourdan_GG_MB_2021_MAN_Piette_final_nocolor.png,73a_Gonn_AP_Monrepos_final_nocolor.png
4,73,360a,555a,167a,360a_Gonn_AP_Monrepos_final_nocolor.png,555a_Gonn_AP_Monrepos_final_nocolor.png,167a_GG_MB_2021_MdAM_final_nocolor.png
4,74,201a,552a,370a,201a_Peters_Graziosi 1960_final_nocolor.png,552a_Gonn_AP_Monrepos_final_nocolor.png,370a_Gonn_AP_Monrepos_final_nocolor.png
4,75,144b,151a,84a,144b_L-B_MdP_final_nocolor.png,151a MdA_final_nocolor.png,84a_Gonn_AP_Monrepos_final_nocolor.png
4,76,420a,555a,307a,420a_Gonn_AP_Monrepos_final_nocolor.png,555a_Gonn_AP_Monrepos_final_nocolor.png,307a_Gonn_AP_Monrepos_final_nocolor.png
4,77,241a,241b,360a,241a_Badegoule_MdP_Pr.A.png,241b_Badegoule_MdP_Pr.A.png,360a_Gonn_AP_Monrepos_final_nocolor.png
4,78,186a,420b,93b,186a_GG_MB_2021_MdAM_final_nocolor.png,420b_Gonn_AP_Monrepos_final_nocolor.png,93b_Gourdan_GG_MB_2021_MAN_Piette_final_nocolor.png
4,79,307a,84a,370a,307a_Gonn_AP_Monrepos_final_nocolor.png,84a_Gonn_AP_Monrepos_final_nocolor.png,370a_Gonn_AP_Monrepos_final_nocolor.png
4,80,151a,555a,360a,151a MdA_final_nocolor.png,555a_Gonn_AP_Monrepos_final_nocolor.png,360a_Gonn_AP_Monrepos_final_nocolor.png
4,81,167b,353a,420a,167b_GG_MB_2021_MdAM_final_nocolor.png,353a_Gonn_AP_Monrepos_final_nocolor.png,420a_Gonn_AP_Monrepos_final_nocolor.png
4,82,226a,418a,70a,226a_Aguas_Sant_Final_nocolor.png,418a_Gonn_AP_Monrepos_final_nocolor.png,70a_Gonn_AP_Monrepos_final_nocolor.png
4,83,555a,73a,370a,555a_Gonn_AP_Monrepos_final_nocolor.png,73a_Gonn_AP_Monrepos_final_nocolor.png,370a_Gonn_AP_Monrepos_final_nocolor.png
4,84,631a,84a,552a,631a_Gonn_AP_Monrepos_final_nocolor.png,84a_Gonn_AP_Monrepos_final_nocolor.png,552a_Gonn_AP_Monrepos_final_nocolor.png
4,85,355a,420a,186b,355a_Gonn_AP_Monrepos_final_nocolor.png,420a_Gonn_AP_Monrepos_final_nocolor.png,186b_GG_MB_2021_MdAM_final_nocolor.png
4,86,241a,241b,307b,241a_Badegoule_MdP_Pr.A.png,241b_Badegoule_MdP_Pr.A.png,307b_Gonn_AP_Monrepos_final_nocolor.png
4,87,226b,631a,73a,226b_Aguas_Santander_final_nocolor.png,631a_Gonn_AP_Monrepos_final_nocolor.png,73a_Gonn_AP_Monrepos_final_nocolor.png
4,88,144a,626a,93b,144a_L-B_MdP_final_nocolor.png,626a_Gonn_AP_Monrepos_final_nocolor.png,93b_Gourdan_GG_MB_2021_MAN_Piette_final_nocolor.png
4,89,186a,484a,307b,186a_GG_MB_2021_MdAM_final_nocolor.png,484a_Gonn_AP_Monrepos_final_nocolor.png,307b_Gonn_AP_Monrepos_final_nocolor.png
4,90,186b,73a,360a,186b_GG_MB_2021_MdAM_final_nocolor.png,73a_Gonn_AP_Monrepos_final_nocolor.png,360a_Gonn_AP_Monrepos_final_nocolor.png
4,91,226a,226b,151b,226a_Aguas_Sant_Final_nocolor.png,226b_Aguas_Santander_final_nocolor.png,151b_PC_DSC00570_final_nocolor.png
4,92,484a,631a,431a,484a_Gonn_AP_Monrepos_final_nocolor.png,631a_Gonn_AP_Monrepos_final_nocolor.png,431a_Gonn_AP_Monrepos_final_nocolor.png
4,93,73a,93b,355a,73a_Gonn_AP_Monrepos_final_nocolor.png,93b_Gourdan_GG_MB_2021_MAN_Piette_final_nocolor.png,355a_Gonn_AP_Monrepos_final_nocolor.png
4,94,186b,353a,144a,186b_GG_MB_2021_MdAM_final_nocolor.png,353a_Gonn_AP_Monrepos_final_nocolor.png,144a_L-B_MdP_final_nocolor.png
4,95,241b,70b,370a,241b_Badegoule_MdP_Pr.A.png,70b_Gonn_AP_Monrepos_final_nocolor.png,370a_Gonn_AP_Monrepos_final_nocolor.png
4,96,151b,484a,241a,151b_PC_DSC00570_final_nocolor.png,484a_Gonn_AP_Monrepos_final_nocolor.png,241a_Badegoule_MdP_Pr.A.png
4,97,144a,73b,73a,144a_L-B_MdP_final_nocolor.png,73b_Gonn_AP_Monrepos_final_nocolor.png,73a_Gonn_AP_Monrepos_final_nocolor.png
4,98,555a,70b,626a,555a_Gonn_AP_Monrepos_final_nocolor.png,70b_Gonn_AP_Monrepos_final_nocolor.png,626a_Gonn_AP_Monrepos_final_nocolor.png
4,99,186b,241a,226a,186b_GG_MB_2021_MdAM_final_nocolor.png,241a_Badegoule_MdP_Pr.A.png,226a_Aguas_Sant_Final_nocolor.png
4,100,151b,84a,307a,151b_PC_DSC00570_final_nocolor.png,84a_Gonn_AP_Monrepos_final_nocolor.png,307a_Gonn_AP_Monrepos_final_nocolor.png
4,101,144a,484a,70b,144a_L-B_MdP_final_nocolor.png,484a_Gonn_AP_Monrepos_final_nocolor.png,70b_Gonn_AP_Monrepos_final_nocolor.png
4,102,226a,307b,167a,226a_Aguas_Sant_Final_nocolor.png,307b_Gonn_AP_Monrepos_final_nocolor.png,167a_GG_MB_2021_MdAM_final_nocolor.png
4,103,307a,84a,202b,307a_Gonn_AP_Monrepos_final_nocolor.png,84a_Gonn_AP_Monrepos_final_nocolor.png,202b_final_nocolor.png
4,104,151a,70b,555a,151a MdA_final_nocolor.png,70b_Gonn_AP_Monrepos_final_nocolor.png,555a_Gonn_AP_Monrepos_final_nocolor.png
4,105,144a,241a,93a,144a_L-B_MdP_final_nocolor.png,241a_Badegoule_MdP_Pr.A.png,93a_Gourdan_GG_MB_2021_MAN_Piette_final_nocolor.png
4,106,420a,484a,70a,420a_Gonn_AP_Monrepos_final_nocolor.png,484a_Gonn_AP_Monrepos_final_nocolor.png,70a_Gonn_AP_Monrepos_final_nocolor.png
4,107,167b,307a,167a,167b_GG_MB_2021_MdAM_final_nocolor.png,307a_Gonn_AP_Monrepos_final_nocolor.png,167a_GG_MB_2021_MdAM_final_nocolor.png
4,108,241a,420b,202b,241a_Badegoule_MdP_Pr.A.png,420b_Gonn_AP_Monrepos_final_nocolor.png,202b_final_nocolor.png
4,109,151a,552a,70b,151a MdA_final_nocolor.png,552a_Gonn_AP_Monrepos_final_nocolor.png,70b_Gonn_AP_Monrepos_final_nocolor.png
4,110,360a,93b,186a,360a_Gonn_AP_Monrepos_final_nocolor.png,93b_Gourdan_GG_MB_2021_MAN_Piette_final_nocolor.png,186a_GG_MB_2021_MdAM_final_nocolor.png
4,111,144b,241a,420b,144b_L-B_MdP_final_nocolor.png,241a_Badegoule_MdP_Pr.A.png,420b_Gonn_AP_Monrepos_final_nocolor.png
4,112,202a,70b,167a,202a_final_nocolor.png,70b_Gonn_AP_Monrepos_final_nocolor.png,167a_GG_MB_2021_MdAM_final_nocolor.png
4,113,355a,93a,552a,355a_Gonn_AP_Monrepos_final_nocolor.png,93a_Gourdan_GG_MB_2021_MAN_Piette_final_nocolor.png,552a_Gonn_AP_Monrepos_final_nocolor.png
4,114,151a,73b,370a,151a MdA_final_nocolor.png,73b_Gonn_AP_Monrepos_final_nocolor.png,370a_Gonn_AP_Monrepos_final_nocolor.png
4,115,555a,70b,420b,555a_Gonn_AP_Monrepos_final_nocolor.png,70b_Gonn_AP_Monrepos_final_nocolor.png,420b_Gonn_AP_Monrepos_final_nocolor.png
4,116,144b,418a,241a,144b_L-B_MdP_final_nocolor.png,418a_Gonn_AP_Monrepos_final_nocolor.png,241a_Badegoule_MdP_Pr.A.png
4,117,151a,355a,626a,151a MdA_final_nocolor.png,355a_Gonn_AP_Monrepos_final_nocolor.png,626a_Gonn_AP_Monrepos_final_nocolor.png
4,118,360a,370a,70b,360a_Gonn_AP_Monrepos_final_nocolor.png,370a_Gonn_AP_Monrepos_final_nocolor.png,70b_Gonn_AP_Monrepos_final_nocolor.png
4,119,144a,201a,70a,144a_L-B_MdP_final_nocolor.png,201a_Peters_Graziosi 1960_final_nocolor.png,70a_Gonn_AP_Monrepos_final_nocolor.png
4,120,151b,226a,151a,151b_PC_DSC00570_final_nocolor.png,226a_Aguas_Sant_Final_nocolor.png,151a MdA_final_nocolor.png
4,121,626a,73a,355a,626a_Gonn_AP_Monrepos_final_nocolor.png,73a_Gonn_AP_Monrepos_final_nocolor.png,355a_Gonn_AP_Monrepos_final_nocolor.png
4,122,144a,370a,420b,144a_L-B_MdP_final_nocolor.png,370a_Gonn_AP_Monrepos_final_nocolor.png,420b_Gonn_AP_Monrepos_final_nocolor.png
4,123,484a,70b,202b,484a_Gonn_AP_Monrepos_final_nocolor.png,70b_Gonn_AP_Monrepos_final_nocolor.png,202b_final_nocolor.png
4,124,626a,73b,93a,626a_Gonn_AP_Monrepos_final_nocolor.png,73b_Gonn_AP_Monrepos_final_nocolor.png,93a_Gourdan_GG_MB_2021_MAN_Piette_final_nocolor.png
4,125,151a,355a,360a,151a MdA_final_nocolor.png,355a_Gonn_AP_Monrepos_final_nocolor.png,360a_Gonn_AP_Monrepos_final_nocolor.png
4,126,167b,353a,631a,167b_GG_MB_2021_MdAM_final_nocolor.png,353a_Gonn_AP_Monrepos_final_nocolor.png,631a_Gonn_AP_Monrepos_final_nocolor.png
4,127,552a,626a,186b,552a_Gonn_AP_Monrepos_final_nocolor.png,626a_Gonn_AP_Monrepos_final_nocolor.png,186b_GG_MB_2021_MdAM_final_nocolor.png
4,128,151b,226a,70b,151b_PC_DSC00570_final_nocolor.png,226a_Aguas_Sant_Final_nocolor.png,70b_Gonn_AP_Monrepos_final_nocolor.png
4,129,167a,241a,186a,167a_GG_MB_2021_MdAM_final_nocolor.png,241a_Badegoule_MdP_Pr.A.png,186a_GG_MB_2021_MdAM_final_nocolor.png
4,130,167b,552a,202a,167b_GG_MB_2021_MdAM_final_nocolor.png,552a_Gonn_AP_Monrepos_final_nocolor.png,202a_final_nocolor.png
4,131,484a,93b,144a,484a_Gonn_AP_Monrepos_final_nocolor.png,93b_Gourdan_GG_MB_2021_MAN_Piette_final_nocolor.png,144a_L-B_MdP_final_nocolor.png
4,132,151a,353a,355a,151a MdA_final_nocolor.png,353a_Gonn_AP_Monrepos_final_nocolor.png,355a_Gonn_AP_Monrepos_final_nocolor.png
4,133,202b,431a,167b,202b_final_nocolor.png,431a_Gonn_AP_Monrepos_final_nocolor.png,167b_GG_MB_2021_MdAM_final_nocolor.png
4,134,167a,241a,151b,167a_GG_MB_2021_MdAM_final_nocolor.png,241a_Badegoule_MdP_Pr.A.png,151b_PC_DSC00570_final_nocolor.png
4,135,370a,484a,70a,370a_Gonn_AP_Monrepos_final_nocolor.png,484a_Gonn_AP_Monrepos_final_nocolor.png,70a_Gonn_AP_Monrepos_final_nocolor.png
4,136,144a,360a,226a,144a_L-B_MdP_final_nocolor.png,360a_Gonn_AP_Monrepos_final_nocolor.png,226a_Aguas_Sant_Final_nocolor.png
4,137,552a,93b,202a,552a_Gonn_AP_Monrepos_final_nocolor.png,93b_Gourdan_GG_MB_2021_MAN_Piette_final_nocolor.png,202a_final_nocolor.png
4,138,431a,70a,241a,431a_Gonn_AP_Monrepos_final_nocolor.png,70a_Gonn_AP_Monrepos_final_nocolor.png,241a_Badegoule_MdP_Pr.A.png
4,139,151a,420a,167b,151a MdA_final_nocolor.png,420a_Gonn_AP_Monrepos_final_nocolor.png,167b_GG_MB_2021_MdAM_final_nocolor.png
4,140,202a,93a,151b,202a_final_nocolor.png,93a_Gourdan_GG_MB_2021_MAN_Piette_final_nocolor.png,151b_PC_DSC00570_final_nocolor.png
4,141,552a,555a,241a,552a_Gonn_AP_Monrepos_final_nocolor.png,555a_Gonn_AP_Monrepos_final_nocolor.png,241a_Badegoule_MdP_Pr.A.png
4,142,151a,431a,484a,151a MdA_final_nocolor.png,431a_Gonn_AP_Monrepos_final_nocolor.png,484a_Gonn_AP_Monrepos_final_nocolor.png
4,143,360a,70a,84a,360a_Gonn_AP_Monrepos_final_nocolor.png,70a_Gonn_AP_Monrepos_final_nocolor.png,84a_Gonn_AP_Monrepos_final_nocolor.png
4,144,420a,93b,370a,420a_Gonn_AP_Monrepos_final_nocolor.png,93b_Gourdan_GG_MB_2021_MAN_Piette_final_nocolor.png,370a_Gonn_AP_Monrepos_final_nocolor.png
4,145,151b,202a,484a,151b_PC_DSC00570_final_nocolor.png,202a_final_nocolor.png,484a_Gonn_AP_Monrepos_final_nocolor.png
4,146,241b,360a,84a,241b_Badegoule_MdP_Pr.A.png,360a_Gonn_AP_Monrepos_final_nocolor.png,84a_Gonn_AP_Monrepos_final_nocolor.png
4,147,552a,555a,307b,552a_Gonn_AP_Monrepos_final_nocolor.png,555a_Gonn_AP_Monrepos_final_nocolor.png,307b_Gonn_AP_Monrepos_final_nocolor.png
4,148,186b,226b,307a,186b_GG_MB_2021_MdAM_final_nocolor.png,226b_Aguas_Santander_final_nocolor.png,307a_Gonn_AP_Monrepos_final_nocolor.png
4,149,151a,201a,241a,151a MdA_final_nocolor.png,201a_Peters_Graziosi 1960_final_nocolor.png,241a_Badegoule_MdP_Pr.A.png
4,150,307b,355a,70a,307b_Gonn_AP_Monrepos_final_nocolor.png,355a_Gonn_AP_Monrepos_final_nocolor.png,70a_Gonn_AP_Monrepos_final_nocolor.png
4,151,144a,431a,73b,144a_L-B_MdP_final_nocolor.png,431a_Gonn_AP_Monrepos_final_nocolor.png,73b_Gonn_AP_Monrepos_final_nocolor.png
4,152,241a,73a,420a,241a_Badegoule_MdP_Pr.A.png,73a_Gonn_AP_Monrepos_final_nocolor.png,420a_Gonn_AP_Monrepos_final_nocolor.png
4,153,355a,555a,626a,355a_Gonn_AP_Monrepos_final_nocolor.png,555a_Gonn_AP_Monrepos_final_nocolor.png,626a_Gonn_AP_Monrepos_final_nocolor.png
4,154,201a,202b,370a,201a_Peters_Graziosi 1960_final_nocolor.png,202b_final_nocolor.png,370a_Gonn_AP_Monrepos_final_nocolor.png
4,155,202a,307a,353a,202a_final_nocolor.png,307a_Gonn_AP_Monrepos_final_nocolor.png,353a_Gonn_AP_Monrepos_final_nocolor.png
4,156,626a,70a,555a,626a_Gonn_AP_Monrepos_final_nocolor.png,70a_Gonn_AP_Monrepos_final_nocolor.png,555a_Gonn_AP_Monrepos_final_nocolor.png
4,157,241a,355a,484a,241a_Badegoule_MdP_Pr.A.png,355a_Gonn_AP_Monrepos_final_nocolor.png,484a_Gonn_AP_Monrepos_final_nocolor.png
4,158,144a,70b,370a,144a_L-B_MdP_final_nocolor.png,70b_Gonn_AP_Monrepos_final_nocolor.png,370a_Gonn_AP_Monrepos_final_nocolor.png
4,159,241b,307b,626a,241b_Badegoule_MdP_Pr.A.png,307b_Gonn_AP_Monrepos_final_nocolor.png,626a_Gonn_AP_Monrepos_final_nocolor.png
4,160,307a,555a,144b,307a_Gonn_AP_Monrepos_final_nocolor.png,555a_Gonn_AP_Monrepos_final_nocolor.png,144b_L-B_MdP_final_nocolor.png
4,161,241a,370a,93b,241a_Badegoule_MdP_Pr.A.png,370a_Gonn_AP_Monrepos_final_nocolor.png,93b_Gourdan_GG_MB_2021_MAN_Piette_final_nocolor.png
4,162,151a,167b,202b,151a MdA_final_nocolor.png,167b_GG_MB_2021_MdAM_final_nocolor.png,202b_final_nocolor.png
4,163,70a,73a,420a,70a_Gonn_AP_Monrepos_final_nocolor.png,73a_Gonn_AP_Monrepos_final_nocolor.png,420a_Gonn_AP_Monrepos_final_nocolor.png
4,164,355a,631a,202a,355a_Gonn_AP_Monrepos_final_nocolor.png,631a_Gonn_AP_Monrepos_final_nocolor.png,202a_final_nocolor.png
4,165,151a,241b,70b,151a MdA_final_nocolor.png,241b_Badegoule_MdP_Pr.A.png,70b_Gonn_AP_Monrepos_final_nocolor.png
4,166,186a,70a,307b,186a_GG_MB_2021_MdAM_final_nocolor.png,70a_Gonn_AP_Monrepos_final_nocolor.png,307b_Gonn_AP_Monrepos_final_nocolor.png
4,167,202a,420a,73a,202a_final_nocolor.png,420a_Gonn_AP_Monrepos_final_nocolor.png,73a_Gonn_AP_Monrepos_final_nocolor.png
4,168,353a,70b,93b,353a_Gonn_AP_Monrepos_final_nocolor.png,70b_Gonn_AP_Monrepos_final_nocolor.png,93b_Gourdan_GG_MB_2021_MAN_Piette_final_nocolor.png
4,169,307a,307b,73b,307a_Gonn_AP_Monrepos_final_nocolor.png,307b_Gonn_AP_Monrepos_final_nocolor.png,73b_Gonn_AP_Monrepos_final_nocolor.png
4,170,144b,420a,555a,144b_L-B_MdP_final_nocolor.png,420a_Gonn_AP_Monrepos_final_nocolor.png,555a_Gonn_AP_Monrepos_final_nocolor.png
4,171,186b,70b,552a,186b_GG_MB_2021_MdAM_final_nocolor.png,70b_Gonn_AP_Monrepos_final_nocolor.png,552a_Gonn_AP_Monrepos_final_nocolor.png
4,172,73a,84a,70a,73a_Gonn_AP_Monrepos_final_nocolor.png,84a_Gonn_AP_Monrepos_final_nocolor.png,70a_Gonn_AP_Monrepos_final_nocolor.png
4,173,167b,241a,202a,167b_GG_MB_2021_MdAM_final_nocolor.png,241a_Badegoule_MdP_Pr.A.png,202a_final_nocolor.png
4,174,226a,626a,70b,226a_Aguas_Sant_Final_nocolor.png,626a_Gonn_AP_Monrepos_final_nocolor.png,70b_Gonn_AP_Monrepos_final_nocolor.png
4,175,186b,70a,307b,186b_GG_MB_2021_MdAM_final_nocolor.png,70a_Gonn_AP_Monrepos_final_nocolor.png,307b_Gonn_AP_Monrepos_final_nocolor.png
4,176,420a,555a,226b,420a_Gonn_AP_Monrepos_final_nocolor.png,555a_Gonn_AP_Monrepos_final_nocolor.png,226b_Aguas_Santander_final_nocolor.png
4,177,431a,70b,84a,431a_Gonn_AP_Monrepos_final_nocolor.png,70b_Gonn_AP_Monrepos_final_nocolor.png,84a_Gonn_AP_Monrepos_final_nocolor.png
4,178,186b,93a,552a,186b_GG_MB_2021_MdAM_final_nocolor.png,93a_Gourdan_GG_MB_2021_MAN_Piette_final_nocolor.png,552a_Gonn_AP_Monrepos_final_nocolor.png
4,179,202a,93b,418a,202a_final_nocolor.png,93b_Gourdan_GG_MB_2021_MAN_Piette_final_nocolor.png,418a_Gonn_AP_Monrepos_final_nocolor.png
4,180,307b,73b,201a,307b_Gonn_AP_Monrepos_final_nocolor.png,73b_Gonn_AP_Monrepos_final_nocolor.png,201a_Peters_Graziosi 1960_final_nocolor.png
4,181,241b,631a,552a,241b_Badegoule_MdP_Pr.A.png,631a_Gonn_AP_Monrepos_final_nocolor.png,552a_Gonn_AP_Monrepos_final_nocolor.png
4,182,144a,355a,93b,144a_L-B_MdP_final_nocolor.png,355a_Gonn_AP_Monrepos_final_nocolor.png,93b_Gourdan_GG_MB_2021_MAN_Piette_final_nocolor.png
4,183,186b,226a,73b,186b_GG_MB_2021_MdAM_final_nocolor.png,226a_Aguas_Sant_Final_nocolor.png,73b_Gonn_AP_Monrepos_final_nocolor.png
4,184,241b,420b,555a,241b_Badegoule_MdP_Pr.A.png,420b_Gonn_AP_Monrepos_final_nocolor.png,555a_Gonn_AP_Monrepos_final_nocolor.png
4,185,73a,93a,226b,73a_Gonn_AP_Monrepos_final_nocolor.png,93a_Gourdan_GG_MB_2021_MAN_Piette_final_nocolor.png,226b_Aguas_Santander_final_nocolor.png
4,186,226a,420a,70b,226a_Aguas_Sant_Final_nocolor.png,420a_Gonn_AP_Monrepos_final_nocolor.png,70b_Gonn_AP_Monrepos_final_nocolor.png
4,187,355a,484a,370a,355a_Gonn_AP_Monrepos_final_nocolor.png,484a_Gonn_AP_Monrepos_final_nocolor.png,370a_Gonn_AP_Monrepos_final_nocolor.png
4,188,241b,631a,226b,241b_Badegoule_MdP_Pr.A.png,631a_Gonn_AP_Monrepos_final_nocolor.png,226b_Aguas_Santander_final_nocolor.png
4,189,151a,201a,202a,151a MdA_final_nocolor.png,201a_Peters_Graziosi 1960_final_nocolor.png,202a_final_nocolor.png
4,190,167a,420b,307a,167a_GG_MB_2021_MdAM_final_nocolor.png,420b_Gonn_AP_Monrepos_final_nocolor.png,307a_Gonn_AP_Monrepos_final_nocolor.png
4,191,420a,70a,70b,420a_Gonn_AP_Monrepos_final_nocolor.png,70a_Gonn_AP_Monrepos_final_nocolor.png,70b_Gonn_AP_Monrepos_final_nocolor.png
4,192,201a,93a,151b,201a_Peters_Graziosi 1960_final_nocolor.png,93a_Gourdan_GG_MB_2021_MAN_Piette_final_nocolor.png,151b_PC_DSC00570_final_nocolor.png
4,193,186a,431a,420b,186a_GG_MB_2021_MdAM_final_nocolor.png,431a_Gonn_AP_Monrepos_final_nocolor.png,420b_Gonn_AP_Monrepos_final_nocolor.png
4,194,70a,93b,418a,70a_Gonn_AP_Monrepos_final_nocolor.png,93b_Gourdan_GG_MB_2021_MAN_Piette_final_nocolor.png,418a_Gonn_AP_Monrepos_final_nocolor.png
4,195,202a,353a,484a,202a_final_nocolor.png,353a_Gonn_AP_Monrepos_final_nocolor.png,484a_Gonn_AP_Monrepos_final_nocolor.png
4,196,360a,631a,241b,360a_Gonn_AP_Monrepos_final_nocolor.png,631a_Gonn_AP_Monrepos_final_nocolor.png,241b_Badegoule_MdP_Pr.A.png
4,197,226a,307a,70a,226a_Aguas_Sant_Final_nocolor.png,307a_Gonn_AP_Monrepos_final_nocolor.png,70a_Gonn_AP_Monrepos_final_nocolor.png
4,198,353a,431a,484a,353a_Gonn_AP_Monrepos_final_nocolor.png,431a_Gonn_AP_Monrepos_final_nocolor.png,484a_Gonn_AP_Monrepos_final_nocolor.png
4,199,370a,420b,202a,370a_Gonn_AP_Monrepos_final_nocolor.png,420b_Gonn_AP_Monrepos_final_nocolor.png,202a_final_nocolor.png
4,200,555a,73b,167b,555a_Gonn_AP_Monrepos_final_nocolor.png,73b_Gonn_AP_Monrepos_final_nocolor.png,167b_GG_MB_2021_MdAM_final_nocolor.png
4,201,144a,151b,353a,144a_L-B_MdP_final_nocolor.png,151b_PC_DSC00570_final_nocolor.png,353a_Gonn_AP_Monrepos_final_nocolor.png
4,202,307a,73a,202b,307a_Gonn_AP_Monrepos_final_nocolor.png,73a_Gonn_AP_Monrepos_final_nocolor.png,202b_final_nocolor.png
4,203,202a,73b,186a,202a_final_nocolor.png,73b_Gonn_AP_Monrepos_final_nocolor.png,186a_GG_MB_2021_MdAM_final_nocolor.png
4,204,186b,370a,355a,186b_GG_MB_2021_MdAM_final_nocolor.png,370a_Gonn_AP_Monrepos_final_nocolor.png,355a_Gonn_AP_Monrepos_final_nocolor.png
4,205,555a,73a,70b,555a_Gonn_AP_Monrepos_final_nocolor.png,73a_Gonn_AP_Monrepos_final_nocolor.png,70b_Gonn_AP_Monrepos_final_nocolor.png
4,206,626a,70a,631a,626a_Gonn_AP_Monrepos_final_nocolor.png,70a_Gonn_AP_Monrepos_final_nocolor.png,631a_Gonn_AP_Monrepos_final_nocolor.png
4,207,151a,186b,353a,151a MdA_final_nocolor.png,186b_GG_MB_2021_MdAM_final_nocolor.png,353a_Gonn_AP_Monrepos_final_nocolor.png
4,208,552a,93a,555a,552a_Gonn_AP_Monrepos_final_nocolor.png,93a_Gourdan_GG_MB_2021_MAN_Piette_final_nocolor.png,555a_Gonn_AP_Monrepos_final_nocolor.png
4,209,186a,418a,484a,186a_GG_MB_2021_MdAM_final_nocolor.png,418a_Gonn_AP_Monrepos_final_nocolor.png,484a_Gonn_AP_Monrepos_final_nocolor.png
4,210,151b,167a,151a,151b_PC_DSC00570_final_nocolor.png,167a_GG_MB_2021_MdAM_final_nocolor.png,151a MdA_final_nocolor.png
4,211,420b,631a,355a,420b_Gonn_AP_Monrepos_final_nocolor.png,631a_Gonn_AP_Monrepos_final_nocolor.png,355a_Gonn_AP_Monrepos_final_nocolor.png
4,212,144b,70b,555a,144b_L-B_MdP_final_nocolor.png,70b_Gonn_AP_Monrepos_final_nocolor.png,555a_Gonn_AP_Monrepos_final_nocolor.png
4,213,151b,353a,167b,151b_PC_DSC00570_final_nocolor.png,353a_Gonn_AP_Monrepos_final_nocolor.png,167b_GG_MB_2021_MdAM_final_nocolor.png
4,214,355a,93a,73a,355a_Gonn_AP_Monrepos_final_nocolor.png,93a_Gourdan_GG_MB_2021_MAN_Piette_final_nocolor.png,73a_Gonn_AP_Monrepos_final_nocolor.png
4,215,144b,418a,555a,144b_L-B_MdP_final_nocolor.png,418a_Gonn_AP_Monrepos_final_nocolor.png,555a_Gonn_AP_Monrepos_final_nocolor.png
4,216,201a,307a,353a,201a_Peters_Graziosi 1960_final_nocolor.png,307a_Gonn_AP_Monrepos_final_nocolor.png,353a_Gonn_AP_Monrepos_final_nocolor.png
4,217,226b,355a,307b,226b_Aguas_Santander_final_nocolor.png,355a_Gonn_AP_Monrepos_final_nocolor.png,307b_Gonn_AP_Monrepos_final_nocolor.png
4,218,151b,360a,93b,151b_PC_DSC00570_final_nocolor.png,360a_Gonn_AP_Monrepos_final_nocolor.png,93b_Gourdan_GG_MB_2021_MAN_Piette_final_nocolor.png
4,219,144a,201a,555a,144a_L-B_MdP_final_nocolor.png,201a_Peters_Graziosi 1960_final_nocolor.png,555a_Gonn_AP_Monrepos_final_nocolor.png
4,220,186b,418a,73b,186b_GG_MB_2021_MdAM_final_nocolor.png,418a_Gonn_AP_Monrepos_final_nocolor.png,73b_Gonn_AP_Monrepos_final_nocolor.png
4,221,144b,151b,355a,144b_L-B_MdP_final_nocolor.png,151b_PC_DSC00570_final_nocolor.png,355a_Gonn_AP_Monrepos_final_nocolor.png
4,222,167a,84a,186a,167a_GG_MB_2021_MdAM_final_nocolor.png,84a_Gonn_AP_Monrepos_final_nocolor.png,186a_GG_MB_2021_MdAM_final_nocolor.png
4,223,370a,93b,307b,370a_Gonn_AP_Monrepos_final_nocolor.png,93b_Gourdan_GG_MB_2021_MAN_Piette_final_nocolor.png,307b_Gonn_AP_Monrepos_final_nocolor.png
4,224,241b,73a,186b,241b_Badegoule_MdP_Pr.A.png,73a_Gonn_AP_Monrepos_final_nocolor.png,186b_GG_MB_2021_MdAM_final_nocolor.png
4,225,626a,84a,552a,626a_Gonn_AP_Monrepos_final_nocolor.png,84a_Gonn_AP_Monrepos_final_nocolor.png,552a_Gonn_AP_Monrepos_final_nocolor.png
4,226,202a,70a,167b,202a_final_nocolor.png,70a_Gonn_AP_Monrepos_final_nocolor.png,167b_GG_MB_2021_MdAM_final_nocolor.png
4,227,226b,420a,186a,226b_Aguas_Santander_final_nocolor.png,420a_Gonn_AP_Monrepos_final_nocolor.png,186a_GG_MB_2021_MdAM_final_nocolor.png
4,228,555a,84a,186b,555a_Gonn_AP_Monrepos_final_nocolor.png,84a_Gonn_AP_Monrepos_final_nocolor.png,186b_GG_MB_2021_MdAM_final_nocolor.png
4,229,202a,241b,355a,202a_final_nocolor.png,241b_Badegoule_MdP_Pr.A.png,355a_Gonn_AP_Monrepos_final_nocolor.png
4,230,186a,420a,552a,186a_GG_MB_2021_MdAM_final_nocolor.png,420a_Gonn_AP_Monrepos_final_nocolor.png,552a_Gonn_AP_Monrepos_final_nocolor.png
4,231,201a,360a,84a,201a_Peters_Graziosi 1960_final_nocolor.png,360a_Gonn_AP_Monrepos_final_nocolor.png,84a_Gonn_AP_Monrepos_final_nocolor.png
4,232,167a,93b,555a,167a_GG_MB_2021_MdAM_final_nocolor.png,93b_Gourdan_GG_MB_2021_MAN_Piette_final_nocolor.png,555a_Gonn_AP_Monrepos_final_nocolor.png
4,233,355a,93a,186a,355a_Gonn_AP_Monrepos_final_nocolor.png,93a_Gourdan_GG_MB_2021_MAN_Piette_final_nocolor.png,186a_GG_MB_2021_MdAM_final_nocolor.png
4,234,226b,370a,307b,226b_Aguas_Santander_final_nocolor.png,370a_Gonn_AP_Monrepos_final_nocolor.png,307b_Gonn_AP_Monrepos_final_nocolor.png
4,235,201a,226a,84a,201a_Peters_Graziosi 1960_final_nocolor.png,226a_Aguas_Sant_Final_nocolor.png,84a_Gonn_AP_Monrepos_final_nocolor.png
4,236,307a,70a,70b,307a_Gonn_AP_Monrepos_final_nocolor.png,70a_Gonn_AP_Monrepos_final_nocolor.png,70b_Gonn_AP_Monrepos_final_nocolor.png
4,237,307b,420b,144b,307b_Gonn_AP_Monrepos_final_nocolor.png,420b_Gonn_AP_Monrepos_final_nocolor.png,144b_L-B_MdP_final_nocolor.png
4,238,151b,167b,353a,151b_PC_DSC00570_final_nocolor.png,167b_GG_MB_2021_MdAM_final_nocolor.png,353a_Gonn_AP_Monrepos_final_nocolor.png
4,239,70b,84a,93a,70b_Gonn_AP_Monrepos_final_nocolor.png,84a_Gonn_AP_Monrepos_final_nocolor.png,93a_Gourdan_GG_MB_2021_MAN_Piette_final_nocolor.png
4,240,186a,360a,202a,186a_GG_MB_2021_MdAM_final_nocolor.png,360a_Gonn_AP_Monrepos_final_nocolor.png,202a_final_nocolor.png
4,241,144a,631a,202b,144a_L-B_MdP_final_nocolor.png,631a_Gonn_AP_Monrepos_final_nocolor.png,202b_final_nocolor.png
4,242,226a,70b,370a,226a_Aguas_Sant_Final_nocolor.png,70b_Gonn_AP_Monrepos_final_nocolor.png,370a_Gonn_AP_Monrepos_final_nocolor.png
4,243,241a,555a,360a,241a_Badegoule_MdP_Pr.A.png,555a_Gonn_AP_Monrepos_final_nocolor.png,360a_Gonn_AP_Monrepos_final_nocolor.png
4,244,186a,73a,202b,186a_GG_MB_2021_MdAM_final_nocolor.png,73a_Gonn_AP_Monrepos_final_nocolor.png,202b_final_nocolor.png
4,245,420b,93b,226b,420b_Gonn_AP_Monrepos_final_nocolor.png,93b_Gourdan_GG_MB_2021_MAN_Piette_final_nocolor.png,226b_Aguas_Santander_final_nocolor.png
4,246,167a,353a,70a,167a_GG_MB_2021_MdAM_final_nocolor.png,353a_Gonn_AP_Monrepos_final_nocolor.png,70a_Gonn_AP_Monrepos_final_nocolor.png
4,247,186a,370a,307b,186a_GG_MB_2021_MdAM_final_nocolor.png,370a_Gonn_AP_Monrepos_final_nocolor.png,307b_Gonn_AP_Monrepos_final_nocolor.png
4,248,202b,360a,93b,202b_final_nocolor.png,360a_Gonn_AP_Monrepos_final_nocolor.png,93b_Gourdan_GG_MB_2021_MAN_Piette_final_nocolor.png
4,249,431a,552a,307a,431a_Gonn_AP_Monrepos_final_nocolor.png,552a_Gonn_AP_Monrepos_final_nocolor.png,307a_Gonn_AP_Monrepos_final_nocolor.png
4,250,201a,484a,420a,201a_Peters_Graziosi 1960_final_nocolor.png,484a_Gonn_AP_Monrepos_final_nocolor.png,420a_Gonn_AP_Monrepos_final_nocolor.png
4,251,226a,93b,151b,226a_Aguas_Sant_Final_nocolor.png,93b_Gourdan_GG_MB_2021_MAN_Piette_final_nocolor.png,151b_PC_DSC00570_final_nocolor.png
4,252,307b,355a,73a,307b_Gonn_AP_Monrepos_final_nocolor.png,355a_Gonn_AP_Monrepos_final_nocolor.png,73a_Gonn_AP_Monrepos_final_nocolor.png
4,253,201a,202a,186a,201a_Peters_Graziosi 1960_final_nocolor.png,202a_final_nocolor.png,186a_GG_MB_2021_MdAM_final_nocolor.png
4,254,241b,552a,420a,241b_Badegoule_MdP_Pr.A.png,552a_Gonn_AP_Monrepos_final_nocolor.png,420a_Gonn_AP_Monrepos_final_nocolor.png
4,255,151b,73a,353a,151b_PC_DSC00570_final_nocolor.png,73a_Gonn_AP_Monrepos_final_nocolor.png,353a_Gonn_AP_Monrepos_final_nocolor.png
4,256,226b,370a,226a,226b_Aguas_Santander_final_nocolor.png,370a_Gonn_AP_Monrepos_final_nocolor.png,226a_Aguas_Sant_Final_nocolor.png
4,257,144a,420b,626a,144a_L-B_MdP_final_nocolor.png,420b_Gonn_AP_Monrepos_final_nocolor.png,626a_Gonn_AP_Monrepos_final_nocolor.png
4,258,355a,420a,307a,355a_Gonn_AP_Monrepos_final_nocolor.png,420a_Gonn_AP_Monrepos_final_nocolor.png,307a_Gonn_AP_Monrepos_final_nocolor.png
4,259,201a,431a,370a,201a_Peters_Graziosi 1960_final_nocolor.png,431a_Gonn_AP_Monrepos_final_nocolor.png,370a_Gonn_AP_Monrepos_final_nocolor.png
4,260,226a,73a,202a,226a_Aguas_Sant_Final_nocolor.png,73a_Gonn_AP_Monrepos_final_nocolor.png,202a_final_nocolor.png
4,261,167b,186b,93a,167b_GG_MB_2021_MdAM_final_nocolor.png,186b_GG_MB_2021_MdAM_final_nocolor.png,93a_Gourdan_GG_MB_2021_MAN_Piette_final_nocolor.png
4,262,202b,355a,70a,202b_final_nocolor.png,355a_Gonn_AP_Monrepos_final_nocolor.png,70a_Gonn_AP_Monrepos_final_nocolor.png
4,263,370a,84a,73b,370a_Gonn_AP_Monrepos_final_nocolor.png,84a_Gonn_AP_Monrepos_final_nocolor.png,73b_Gonn_AP_Monrepos_final_nocolor.png
4,264,167b,631a,186a,167b_GG_MB_2021_MdAM_final_nocolor.png,631a_Gonn_AP_Monrepos_final_nocolor.png,186a_GG_MB_2021_MdAM_final_nocolor.png
4,265,144a,202b,201a,144a_L-B_MdP_final_nocolor.png,202b_final_nocolor.png,201a_Peters_Graziosi 1960_final_nocolor.png
4,266,241b,307a,186b,241b_Badegoule_MdP_Pr.A.png,307a_Gonn_AP_Monrepos_final_nocolor.png,186b_GG_MB_2021_MdAM_final_nocolor.png
4,267,167b,355a,631a,167b_GG_MB_2021_MdAM_final_nocolor.png,355a_Gonn_AP_Monrepos_final_nocolor.png,631a_Gonn_AP_Monrepos_final_nocolor.png
4,268,151b,420a,370a,151b_PC_DSC00570_final_nocolor.png,420a_Gonn_AP_Monrepos_final_nocolor.png,370a_Gonn_AP_Monrepos_final_nocolor.png
4,269,431a,552a,73a,431a_Gonn_AP_Monrepos_final_nocolor.png,552a_Gonn_AP_Monrepos_final_nocolor.png,73a_Gonn_AP_Monrepos_final_nocolor.png
4,270,167b,484a,144a,167b_GG_MB_2021_MdAM_final_nocolor.png,484a_Gonn_AP_Monrepos_final_nocolor.png,144a_L-B_MdP_final_nocolor.png
4,271,151a,93a,355a,151a MdA_final_nocolor.png,93a_Gourdan_GG_MB_2021_MAN_Piette_final_nocolor.png,355a_Gonn_AP_Monrepos_final_nocolor.png
4,272,201a,202b,186b,201a_Peters_Graziosi 1960_final_nocolor.png,202b_final_nocolor.png,186b_GG_MB_2021_MdAM_final_nocolor.png
4,273,431a,484a,555a,431a_Gonn_AP_Monrepos_final_nocolor.png,484a_Gonn_AP_Monrepos_final_nocolor.png,555a_Gonn_AP_Monrepos_final_nocolor.png
4,274,241b,307a,167a,241b_Badegoule_MdP_Pr.A.png,307a_Gonn_AP_Monrepos_final_nocolor.png,167a_GG_MB_2021_MdAM_final_nocolor.png
4,275,226a,93b,626a,226a_Aguas_Sant_Final_nocolor.png,93b_Gourdan_GG_MB_2021_MAN_Piette_final_nocolor.png,626a_Gonn_AP_Monrepos_final_nocolor.png
4,276,144a,555a,431a,144a_L-B_MdP_final_nocolor.png,555a_Gonn_AP_Monrepos_final_nocolor.png,431a_Gonn_AP_Monrepos_final_nocolor.png
4,277,144b,93a,201a,144b_L-B_MdP_final_nocolor.png,93a_Gourdan_GG_MB_2021_MAN_Piette_final_nocolor.png,201a_Peters_Graziosi 1960_final_nocolor.png
4,278,70a,73a,353a,70a_Gonn_AP_Monrepos_final_nocolor.png,73a_Gonn_AP_Monrepos_final_nocolor.png,353a_Gonn_AP_Monrepos_final_nocolor.png
4,279,167b,370a,144a,167b_GG_MB_2021_MdAM_final_nocolor.png,370a_Gonn_AP_Monrepos_final_nocolor.png,144a_L-B_MdP_final_nocolor.png
4,280,186b,93a,355a,186b_GG_MB_2021_MdAM_final_nocolor.png,93a_Gourdan_GG_MB_2021_MAN_Piette_final_nocolor.png,355a_Gonn_AP_Monrepos_final_nocolor.png
4,281,418a,420a,201a,418a_Gonn_AP_Monrepos_final_nocolor.png,420a_Gonn_AP_Monrepos_final_nocolor.png,201a_Peters_Graziosi 1960_final_nocolor.png
4,282,167a,202b,431a,167a_GG_MB_2021_MdAM_final_nocolor.png,202b_final_nocolor.png,431a_Gonn_AP_Monrepos_final_nocolor.png
4,283,202a,226b,84a,202a_final_nocolor.png,226b_Aguas_Santander_final_nocolor.png,84a_Gonn_AP_Monrepos_final_nocolor.png
4,284,201a,70b,151a,201a_Peters_Graziosi 1960_final_nocolor.png,70b_Gonn_AP_Monrepos_final_nocolor.png,151a MdA_final_nocolor.png
4,285,241a,360a,73b,241a_Badegoule_MdP_Pr.A.png,360a_Gonn_AP_Monrepos_final_nocolor.png,73b_Gonn_AP_Monrepos_final_nocolor.png
4,286,202b,84a,420a,202b_final_nocolor.png,84a_Gonn_AP_Monrepos_final_nocolor.png,420a_Gonn_AP_Monrepos_final_nocolor.png
4,287,144a,186a,202a,144a_L-B_MdP_final_nocolor.png,186a_GG_MB_2021_MdAM_final_nocolor.png,202a_final_nocolor.png
4,288,151a,73a,241b,151a MdA_final_nocolor.png,73a_Gonn_AP_Monrepos_final_nocolor.png,241b_Badegoule_MdP_Pr.A.png
4,289,202b,307b,167a,202b_final_nocolor.png,307b_Gonn_AP_Monrepos_final_nocolor.png,167a_GG_MB_2021_MdAM_final_nocolor.png
4,290,420a,93a,202a,420a_Gonn_AP_Monrepos_final_nocolor.png,93a_Gourdan_GG_MB_2021_MAN_Piette_final_nocolor.png,202a_final_nocolor.png
4,291,144a,431a,144b,144a_L-B_MdP_final_nocolor.png,431a_Gonn_AP_Monrepos_final_nocolor.png,144b_L-B_MdP_final_nocolor.png
4,292,186a,552a,226b,186a_GG_MB_2021_MdAM_final_nocolor.png,552a_Gonn_AP_Monrepos_final_nocolor.png,226b_Aguas_Santander_final_nocolor.png
4,293,420a,93b,241a,420a_Gonn_AP_Monrepos_final_nocolor.png,93b_Gourdan_GG_MB_2021_MAN_Piette_final_nocolor.png,241a_Badegoule_MdP_Pr.A.png
4,294,241b,418a,73b,241b_Badegoule_MdP_Pr.A.png,418a_Gonn_AP_Monrepos_final_nocolor.png,73b_Gonn_AP_Monrepos_final_nocolor.png
4,295,226b,73a,70b,226b_Aguas_Santander_final_nocolor.png,73a_Gonn_AP_Monrepos_final_nocolor.png,70b_Gonn_AP_Monrepos_final_nocolor.png
4,296,484a,552a,151b,484a_Gonn_AP_Monrepos_final_nocolor.png,552a_Gonn_AP_Monrepos_final_nocolor.png,151b_PC_DSC00570_final_nocolor.png
4,297,555a,73b,144a,555a_Gonn_AP_Monrepos_final_nocolor.png,73b_Gonn_AP_Monrepos_final_nocolor.png,144a_L-B_MdP_final_nocolor.png
4,298,241b,93b,73a,241b_Badegoule_MdP_Pr.A.png,93b_Gourdan_GG_MB_2021_MAN_Piette_final_nocolor.png,73a_Gonn_AP_Monrepos_final_nocolor.png
4,299,241a,431a,418a,241a_Badegoule_MdP_Pr.A.png,431a_Gonn_AP_Monrepos_final_nocolor.png,418a_Gonn_AP_Monrepos_final_nocolor.png
4,300,226b,70a,73b,226b_Aguas_Santander_final_nocolor.png,70a_Gonn_AP_Monrepos_final_nocolor.png,73b_Gonn_AP_Monrepos_final_nocolor.png
4,301,202b,93b,202a,202b_final_nocolor.png,93b_Gourdan_GG_MB_2021_MAN_Piette_final_nocolor.png,202a_final_nocolor.png
4,302,226a,420b,70b,226a_Aguas_Sant_Final_nocolor.png,420b_Gonn_AP_Monrepos_final_nocolor.png,70b_Gonn_AP_Monrepos_final_nocolor.png
4,303,186a,484a,186b,186a_GG_MB_2021_MdAM_final_nocolor.png,484a_Gonn_AP_Monrepos_final_nocolor.png,186b_GG_MB_2021_MdAM_final_nocolor.png
4,304,353a,73b,202a,353a_Gonn_AP_Monrepos_final_nocolor.png,73b_Gonn_AP_Monrepos_final_nocolor.png,202a_final_nocolor.png
4,305,420a,73a,631a,420a_Gonn_AP_Monrepos_final_nocolor.png,73a_Gonn_AP_Monrepos_final_nocolor.png,631a_Gonn_AP_Monrepos_final_nocolor.png
4,306,70a,93a,70b,70a_Gonn_AP_Monrepos_final_nocolor.png,93a_Gourdan_GG_MB_2021_MAN_Piette_final_nocolor.png,70b_Gonn_AP_Monrepos_final_nocolor.png
4,307,355a,73b,201a,355a_Gonn_AP_Monrepos_final_nocolor.png,73b_Gonn_AP_Monrepos_final_nocolor.png,201a_Peters_Graziosi 1960_final_nocolor.png
4,308,360a,73a,353a,360a_Gonn_AP_Monrepos_final_nocolor.png,73a_Gonn_AP_Monrepos_final_nocolor.png,353a_Gonn_AP_Monrepos_final_nocolor.png
4,309,202a,241a,631a,202a_final_nocolor.png,241a_Badegoule_MdP_Pr.A.png,631a_Gonn_AP_Monrepos_final_nocolor.png
4,310,70b,93b,202b,70b_Gonn_AP_Monrepos_final_nocolor.png,93b_Gourdan_GG_MB_2021_MAN_Piette_final_nocolor.png,202b_final_nocolor.png
4,311,418a,420b,167b,418a_Gonn_AP_Monrepos_final_nocolor.png,420b_Gonn_AP_Monrepos_final_nocolor.png,167b_GG_MB_2021_MdAM_final_nocolor.png
4,312,241a,431a,144b,241a_Badegoule_MdP_Pr.A.png,431a_Gonn_AP_Monrepos_final_nocolor.png,144b_L-B_MdP_final_nocolor.png
4,313,202b,360a,307b,202b_final_nocolor.png,360a_Gonn_AP_Monrepos_final_nocolor.png,307b_Gonn_AP_Monrepos_final_nocolor.png
4,314,70b,73b,370a,70b_Gonn_AP_Monrepos_final_nocolor.png,73b_Gonn_AP_Monrepos_final_nocolor.png,370a_Gonn_AP_Monrepos_final_nocolor.png
4,315,552a,93b,418a,552a_Gonn_AP_Monrepos_final_nocolor.png,93b_Gourdan_GG_MB_2021_MAN_Piette_final_nocolor.png,418a_Gonn_AP_Monrepos_final_nocolor.png
4,316,353a,631a,307b,353a_Gonn_AP_Monrepos_final_nocolor.png,631a_Gonn_AP_Monrepos_final_nocolor.png,307b_Gonn_AP_Monrepos_final_nocolor.png
4,317,186b,70b,151b,186b_GG_MB_2021_MdAM_final_nocolor.png,70b_Gonn_AP_Monrepos_final_nocolor.png,151b_PC_DSC00570_final_nocolor.png
4,318,626a,73b,420b,626a_Gonn_AP_Monrepos_final_nocolor.png,73b_Gonn_AP_Monrepos_final_nocolor.png,420b_Gonn_AP_Monrepos_final_nocolor.png
4,319,151a,418a,70a,151a MdA_final_nocolor.png,418a_Gonn_AP_Monrepos_final_nocolor.png,70a_Gonn_AP_Monrepos_final_nocolor.png
4,320,167b,226a,241b,167b_GG_MB_2021_MdAM_final_nocolor.png,226a_Aguas_Sant_Final_nocolor.png,241b_Badegoule_MdP_Pr.A.png
4,321,307b,70b,73b,307b_Gonn_AP_Monrepos_final_nocolor.png,70b_Gonn_AP_Monrepos_final_nocolor.png,73b_Gonn_AP_Monrepos_final_nocolor.png
4,322,201a,555a,93a,201a_Peters_Graziosi 1960_final_nocolor.png,555a_Gonn_AP_Monrepos_final_nocolor.png,93a_Gourdan_GG_MB_2021_MAN_Piette_final_nocolor.png
4,323,84a,93b,241a,84a_Gonn_AP_Monrepos_final_nocolor.png,93b_Gourdan_GG_MB_2021_MAN_Piette_final_nocolor.png,241a_Badegoule_MdP_Pr.A.png
4,324,202a,307b,307a,202a_final_nocolor.png,307b_Gonn_AP_Monrepos_final_nocolor.png,307a_Gonn_AP_Monrepos_final_nocolor.png
4,325,241b,370a,418a,241b_Badegoule_MdP_Pr.A.png,370a_Gonn_AP_Monrepos_final_nocolor.png,418a_Gonn_AP_Monrepos_final_nocolor.png
4,326,631a,70b,241a,631a_Gonn_AP_Monrepos_final_nocolor.png,70b_Gonn_AP_Monrepos_final_nocolor.png,241a_Badegoule_MdP_Pr.A.png
4,327,202a,484a,84a,202a_final_nocolor.png,484a_Gonn_AP_Monrepos_final_nocolor.png,84a_Gonn_AP_Monrepos_final_nocolor.png
4,328,144b,73b,355a,144b_L-B_MdP_final_nocolor.png,73b_Gonn_AP_Monrepos_final_nocolor.png,355a_Gonn_AP_Monrepos_final_nocolor.png
4,329,241b,93a,631a,241b_Badegoule_MdP_Pr.A.png,93a_Gourdan_GG_MB_2021_MAN_Piette_final_nocolor.png,631a_Gonn_AP_Monrepos_final_nocolor.png
4,330,167a,420b,202a,167a_GG_MB_2021_MdAM_final_nocolor.png,420b_Gonn_AP_Monrepos_final_nocolor.png,202a_final_nocolor.png
4,331,186b,355a,484a,186b_GG_MB_2021_MdAM_final_nocolor.png,355a_Gonn_AP_Monrepos_final_nocolor.png,484a_Gonn_AP_Monrepos_final_nocolor.png
4,332,555a,93a,626a,555a_Gonn_AP_Monrepos_final_nocolor.png,93a_Gourdan_GG_MB_2021_MAN_Piette_final_nocolor.png,626a_Gonn_AP_Monrepos_final_nocolor.png
4,333,241b,73b,353a,241b_Badegoule_MdP_Pr.A.png,73b_Gonn_AP_Monrepos_final_nocolor.png,353a_Gonn_AP_Monrepos_final_nocolor.png
4,334,167b,201a,226a,167b_GG_MB_2021_MdAM_final_nocolor.png,201a_Peters_Graziosi 1960_final_nocolor.png,226a_Aguas_Sant_Final_nocolor.png
4,335,144b,370a,626a,144b_L-B_MdP_final_nocolor.png,370a_Gonn_AP_Monrepos_final_nocolor.png,626a_Gonn_AP_Monrepos_final_nocolor.png
4,336,552a,555a,631a,552a_Gonn_AP_Monrepos_final_nocolor.png,555a_Gonn_AP_Monrepos_final_nocolor.png,631a_Gonn_AP_Monrepos_final_nocolor.png
4,337,226b,93a,484a,226b_Aguas_Santander_final_nocolor.png,93a_Gourdan_GG_MB_2021_MAN_Piette_final_nocolor.png,484a_Gonn_AP_Monrepos_final_nocolor.png
4,338,353a,93b,84a,353a_Gonn_AP_Monrepos_final_nocolor.png,93b_Gourdan_GG_MB_2021_MAN_Piette_final_nocolor.png,84a_Gonn_AP_Monrepos_final_nocolor.png
4,339,167b,70a,307b,167b_GG_MB_2021_MdAM_final_nocolor.png,70a_Gonn_AP_Monrepos_final_nocolor.png,307b_Gonn_AP_Monrepos_final_nocolor.png
4,340,241a,484a,226b,241a_Badegoule_MdP_Pr.A.png,484a_Gonn_AP_Monrepos_final_nocolor.png,226b_Aguas_Santander_final_nocolor.png
4,341,241b,420a,186a,241b_Badegoule_MdP_Pr.A.png,420a_Gonn_AP_Monrepos_final_nocolor.png,186a_GG_MB_2021_MdAM_final_nocolor.png
4,342,151a,360a,307a,151a MdA_final_nocolor.png,360a_Gonn_AP_Monrepos_final_nocolor.png,307a_Gonn_AP_Monrepos_final_nocolor.png
4,343,151b,73a,201a,151b_PC_DSC00570_final_nocolor.png,73a_Gonn_AP_Monrepos_final_nocolor.png,201a_Peters_Graziosi 1960_final_nocolor.png
4,344,226b,370a,241a,226b_Aguas_Santander_final_nocolor.png,370a_Gonn_AP_Monrepos_final_nocolor.png,241a_Badegoule_MdP_Pr.A.png
4,345,167a,552a,431a,167a_GG_MB_2021_MdAM_final_nocolor.png,552a_Gonn_AP_Monrepos_final_nocolor.png,431a_Gonn_AP_Monrepos_final_nocolor.png
4,346,144a,226a,84a,144a_L-B_MdP_final_nocolor.png,226a_Aguas_Sant_Final_nocolor.png,84a_Gonn_AP_Monrepos_final_nocolor.png
4,347,226b,631a,307a,226b_Aguas_Santander_final_nocolor.png,631a_Gonn_AP_Monrepos_final_nocolor.png,307a_Gonn_AP_Monrepos_final_nocolor.png
4,348,201a,202a,167b,201a_Peters_Graziosi 1960_final_nocolor.png,202a_final_nocolor.png,167b_GG_MB_2021_MdAM_final_nocolor.png
4,349,70a,93b,555a,70a_Gonn_AP_Monrepos_final_nocolor.png,93b_Gourdan_GG_MB_2021_MAN_Piette_final_nocolor.png,555a_Gonn_AP_Monrepos_final_nocolor.png
4,350,241a,307a,370a,241a_Badegoule_MdP_Pr.A.png,307a_Gonn_AP_Monrepos_final_nocolor.png,370a_Gonn_AP_Monrepos_final_nocolor.png
4,351,151a,420b,631a,151a MdA_final_nocolor.png,420b_Gonn_AP_Monrepos_final_nocolor.png,631a_Gonn_AP_Monrepos_final_nocolor.png
4,352,202a,202b,93b,202a_final_nocolor.png,202b_final_nocolor.png,93b_Gourdan_GG_MB_2021_MAN_Piette_final_nocolor.png
4,353,355a,418a,84a,355a_Gonn_AP_Monrepos_final_nocolor.png,418a_Gonn_AP_Monrepos_final_nocolor.png,84a_Gonn_AP_Monrepos_final_nocolor.png
4,354,241b,73a,307b,241b_Badegoule_MdP_Pr.A.png,73a_Gonn_AP_Monrepos_final_nocolor.png,307b_Gonn_AP_Monrepos_final_nocolor.png
4,355,202a,631a,93a,202a_final_nocolor.png,631a_Gonn_AP_Monrepos_final_nocolor.png,93a_Gourdan_GG_MB_2021_MAN_Piette_final_nocolor.png
4,356,186a,201a,202b,186a_GG_MB_2021_MdAM_final_nocolor.png,201a_Peters_Graziosi 1960_final_nocolor.png,202b_final_nocolor.png
4,357,167b,186b,420b,167b_GG_MB_2021_MdAM_final_nocolor.png,186b_GG_MB_2021_MdAM_final_nocolor.png,420b_Gonn_AP_Monrepos_final_nocolor.png
4,358,167a,355a,70b,167a_GG_MB_2021_MdAM_final_nocolor.png,355a_Gonn_AP_Monrepos_final_nocolor.png,70b_Gonn_AP_Monrepos_final_nocolor.png
4,359,186a,552a,241b,186a_GG_MB_2021_MdAM_final_nocolor.png,552a_Gonn_AP_Monrepos_final_nocolor.png,241b_Badegoule_MdP_Pr.A.png
4,360,241a,420b,307b,241a_Badegoule_MdP_Pr.A.png,420b_Gonn_AP_Monrepos_final_nocolor.png,307b_Gonn_AP_Monrepos_final_nocolor.png
4,361,167b,93b,226a,167b_GG_MB_2021_MdAM_final_nocolor.png,93b_Gourdan_GG_MB_2021_MAN_Piette_final_nocolor.png,226a_Aguas_Sant_Final_nocolor.png
4,362,186a,73a,186b,186a_GG_MB_2021_MdAM_final_nocolor.png,73a_Gonn_AP_Monrepos_final_nocolor.png,186b_GG_MB_2021_MdAM_final_nocolor.png
4,363,431a,555a,552a,431a_Gonn_AP_Monrepos_final_nocolor.png,555a_Gonn_AP_Monrepos_final_nocolor.png,552a_Gonn_AP_Monrepos_final_nocolor.png
4,364,167a,307a,201a,167a_GG_MB_2021_MdAM_final_nocolor.png,307a_Gonn_AP_Monrepos_final_nocolor.png,201a_Peters_Graziosi 1960_final_nocolor.png
4,365,186a,631a,144a,186a_GG_MB_2021_MdAM_final_nocolor.png,631a_Gonn_AP_Monrepos_final_nocolor.png,144a_L-B_MdP_final_nocolor.png
4,366,241a,370a,307b,241a_Badegoule_MdP_Pr.A.png,370a_Gonn_AP_Monrepos_final_nocolor.png,307b_Gonn_AP_Monrepos_final_nocolor.png
4,367,201a,84a,226a,201a_Peters_Graziosi 1960_final_nocolor.png,84a_Gonn_AP_Monrepos_final_nocolor.png,226a_Aguas_Sant_Final_nocolor.png
4,368,226b,418a,167a,226b_Aguas_Santander_final_nocolor.png,418a_Gonn_AP_Monrepos_final_nocolor.png,167a_GG_MB_2021_MdAM_final_nocolor.png
4,369,241a,93a,420a,241a_Badegoule_MdP_Pr.A.png,93a_Gourdan_GG_MB_2021_MAN_Piette_final_nocolor.png,420a_Gonn_AP_Monrepos_final_nocolor.png
4,370,360a,70a,186b,360a_Gonn_AP_Monrepos_final_nocolor.png,70a_Gonn_AP_Monrepos_final_nocolor.png,186b_GG_MB_2021_MdAM_final_nocolor.png
4,371,167b,186a,418a,167b_GG_MB_2021_MdAM_final_nocolor.png,186a_GG_MB_2021_MdAM_final_nocolor.png,418a_Gonn_AP_Monrepos_final_nocolor.png
4,372,631a,93a,353a,631a_Gonn_AP_Monrepos_final_nocolor.png,93a_Gourdan_GG_MB_2021_MAN_Piette_final_nocolor.png,353a_Gonn_AP_Monrepos_final_nocolor.png
4,373,431a,84a,144b,431a_Gonn_AP_Monrepos_final_nocolor.png,84a_Gonn_AP_Monrepos_final_nocolor.png,144b_L-B_MdP_final_nocolor.png
4,374,151a,70b,241b,151a MdA_final_nocolor.png,70b_Gonn_AP_Monrepos_final_nocolor.png,241b_Badegoule_MdP_Pr.A.png
4,375,241a,307b,631a,241a_Badegoule_MdP_Pr.A.png,307b_Gonn_AP_Monrepos_final_nocolor.png,631a_Gonn_AP_Monrepos_final_nocolor.png
4,376,144b,307a,355a,144b_L-B_MdP_final_nocolor.png,307a_Gonn_AP_Monrepos_final_nocolor.png,355a_Gonn_AP_Monrepos_final_nocolor.png
4,377,226a,70a,360a,226a_Aguas_Sant_Final_nocolor.png,70a_Gonn_AP_Monrepos_final_nocolor.png,360a_Gonn_AP_Monrepos_final_nocolor.png
4,378,241b,631a,93a,241b_Badegoule_MdP_Pr.A.png,631a_Gonn_AP_Monrepos_final_nocolor.png,93a_Gourdan_GG_MB_2021_MAN_Piette_final_nocolor.png
4,379,186a,70b,355a,186a_GG_MB_2021_MdAM_final_nocolor.png,70b_Gonn_AP_Monrepos_final_nocolor.png,355a_Gonn_AP_Monrepos_final_nocolor.png
4,380,555a,70a,226a,555a_Gonn_AP_Monrepos_final_nocolor.png,70a_Gonn_AP_Monrepos_final_nocolor.png,226a_Aguas_Sant_Final_nocolor.png
4,381,202b,307b,241b,202b_final_nocolor.png,307b_Gonn_AP_Monrepos_final_nocolor.png,241b_Badegoule_MdP_Pr.A.png
4,382,144b,73b,420a,144b_L-B_MdP_final_nocolor.png,73b_Gonn_AP_Monrepos_final_nocolor.png,420a_Gonn_AP_Monrepos_final_nocolor.png
4,383,420b,84a,70a,420b_Gonn_AP_Monrepos_final_nocolor.png,84a_Gonn_AP_Monrepos_final_nocolor.png,70a_Gonn_AP_Monrepos_final_nocolor.png
4,384,202b,631a,144a,202b_final_nocolor.png,631a_Gonn_AP_Monrepos_final_nocolor.png,144a_L-B_MdP_final_nocolor.png
4,385,167a,626a,484a,167a_GG_MB_2021_MdAM_final_nocolor.png,626a_Gonn_AP_Monrepos_final_nocolor.png,484a_Gonn_AP_Monrepos_final_nocolor.png
4,386,226b,93a,70a,226b_Aguas_Santander_final_nocolor.png,93a_Gourdan_GG_MB_2021_MAN_Piette_final_nocolor.png,70a_Gonn_AP_Monrepos_final_nocolor.png
4,387,360a,552a,84a,360a_Gonn_AP_Monrepos_final_nocolor.png,552a_Gonn_AP_Monrepos_final_nocolor.png,84a_Gonn_AP_Monrepos_final_nocolor.png
4,388,151a,631a,418a,151a MdA_final_nocolor.png,631a_Gonn_AP_Monrepos_final_nocolor.png,418a_Gonn_AP_Monrepos_final_nocolor.png
4,389,186a,370a,226a,186a_GG_MB_2021_MdAM_final_nocolor.png,370a_Gonn_AP_Monrepos_final_nocolor.png,226a_Aguas_Sant_Final_nocolor.png
4,390,241b,93b,84a,241b_Badegoule_MdP_Pr.A.png,93b_Gourdan_GG_MB_2021_MAN_Piette_final_nocolor.png,84a_Gonn_AP_Monrepos_final_nocolor.png
4,391,418a,626a,144b,418a_Gonn_AP_Monrepos_final_nocolor.png,626a_Gonn_AP_Monrepos_final_nocolor.png,144b_L-B_MdP_final_nocolor.png
4,392,420a,552a,151b,420a_Gonn_AP_Monrepos_final_nocolor.png,552a_Gonn_AP_Monrepos_final_nocolor.png,151b_PC_DSC00570_final_nocolor.png
4,393,353a,370a,144a,353a_Gonn_AP_Monrepos_final_nocolor.png,370a_Gonn_AP_Monrepos_final_nocolor.png,144a_L-B_MdP_final_nocolor.png
4,394,201a,241a,73b,201a_Peters_Graziosi 1960_final_nocolor.png,241a_Badegoule_MdP_Pr.A.png,73b_Gonn_AP_Monrepos_final_nocolor.png
4,395,151b,202a,355a,151b_PC_DSC00570_final_nocolor.png,202a_final_nocolor.png,355a_Gonn_AP_Monrepos_final_nocolor.png
4,396,186a,307b,431a,186a_GG_MB_2021_MdAM_final_nocolor.png,307b_Gonn_AP_Monrepos_final_nocolor.png,431a_Gonn_AP_Monrepos_final_nocolor.png
4,397,144a,226a,307a,144a_L-B_MdP_final_nocolor.png,226a_Aguas_Sant_Final_nocolor.png,307a_Gonn_AP_Monrepos_final_nocolor.png
4,398,631a,73a,226b,631a_Gonn_AP_Monrepos_final_nocolor.png,73a_Gonn_AP_Monrepos_final_nocolor.png,226b_Aguas_Santander_final_nocolor.png
4,399,167a,307b,353a,167a_GG_MB_2021_MdAM_final_nocolor.png,307b_Gonn_AP_Monrepos_final_nocolor.png,353a_Gonn_AP_Monrepos_final_nocolor.png
4,400,144b,307a,418a,144b_L-B_MdP_final_nocolor.png,307a_Gonn_AP_Monrepos_final_nocolor.png,418a_Gonn_AP_Monrepos_final_nocolor.png
4,401,186a,73a,555a,186a_GG_MB_2021_MdAM_final_nocolor.png,73a_Gonn_AP_Monrepos_final_nocolor.png,555a_Gonn_AP_Monrepos_final_nocolor.png
4,402,241a,360a,370a,241a_Badegoule_MdP_Pr.A.png,360a_Gonn_AP_Monrepos_final_nocolor.png,370a_Gonn_AP_Monrepos_final_nocolor.png
4,403,241b,70a,631a,241b_Badegoule_MdP_Pr.A.png,70a_Gonn_AP_Monrepos_final_nocolor.png,631a_Gonn_AP_Monrepos_final_nocolor.png
4,404,151b,201a,73a,151b_PC_DSC00570_final_nocolor.png,201a_Peters_Graziosi 1960_final_nocolor.png,73a_Gonn_AP_Monrepos_final_nocolor.png
4,405,418a,93b,307a,418a_Gonn_AP_Monrepos_final_nocolor.png,93b_Gourdan_GG_MB_2021_MAN_Piette_final_nocolor.png,307a_Gonn_AP_Monrepos_final_nocolor.png
4,406,353a,73b,307b,353a_Gonn_AP_Monrepos_final_nocolor.png,73b_Gonn_AP_Monrepos_final_nocolor.png,307b_Gonn_AP_Monrepos_final_nocolor.png
4,407,144b,226b,73a,144b_L-B_MdP_final_nocolor.png,226b_Aguas_Santander_final_nocolor.png,73a_Gonn_AP_Monrepos_final_nocolor.png
4,408,151b,431a,370a,151b_PC_DSC00570_final_nocolor.png,431a_Gonn_AP_Monrepos_final_nocolor.png,370a_Gonn_AP_Monrepos_final_nocolor.png
4,409,202b,84a,307b,202b_final_nocolor.png,84a_Gonn_AP_Monrepos_final_nocolor.png,307b_Gonn_AP_Monrepos_final_nocolor.png
4,410,355a,70a,226b,355a_Gonn_AP_Monrepos_final_nocolor.png,70a_Gonn_AP_Monrepos_final_nocolor.png,226b_Aguas_Santander_final_nocolor.png
4,411,431a,631a,420b,431a_Gonn_AP_Monrepos_final_nocolor.png,631a_Gonn_AP_Monrepos_final_nocolor.png,420b_Gonn_AP_Monrepos_final_nocolor.png
4,412,93a,93b,226a,93a_Gourdan_GG_MB_2021_MAN_Piette_final_nocolor.png,93b_Gourdan_GG_MB_2021_MAN_Piette_final_nocolor.png,226a_Aguas_Sant_Final_nocolor.png
4,413,420a,70b,226b,420a_Gonn_AP_Monrepos_final_nocolor.png,70b_Gonn_AP_Monrepos_final_nocolor.png,226b_Aguas_Santander_final_nocolor.png
4,414,151a,70a,431a,151a MdA_final_nocolor.png,70a_Gonn_AP_Monrepos_final_nocolor.png,431a_Gonn_AP_Monrepos_final_nocolor.png
4,415,151b,370a,484a,151b_PC_DSC00570_final_nocolor.png,370a_Gonn_AP_Monrepos_final_nocolor.png,484a_Gonn_AP_Monrepos_final_nocolor.png
4,416,167b,186a,186b,167b_GG_MB_2021_MdAM_final_nocolor.png,186a_GG_MB_2021_MdAM_final_nocolor.png,186b_GG_MB_2021_MdAM_final_nocolor.png
4,417,631a,84a,307a,631a_Gonn_AP_Monrepos_final_nocolor.png,84a_Gonn_AP_Monrepos_final_nocolor.png,307a_Gonn_AP_Monrepos_final_nocolor.png
4,418,144a,484a,226b,144a_L-B_MdP_final_nocolor.png,484a_Gonn_AP_Monrepos_final_nocolor.png,226b_Aguas_Santander_final_nocolor.png
4,419,167b,202a,420a,167b_GG_MB_2021_MdAM_final_nocolor.png,202a_final_nocolor.png,420a_Gonn_AP_Monrepos_final_nocolor.png
4,420,241a,73a,151b,241a_Badegoule_MdP_Pr.A.png,73a_Gonn_AP_Monrepos_final_nocolor.png,151b_PC_DSC00570_final_nocolor.png
4,421,307b,355a,144a,307b_Gonn_AP_Monrepos_final_nocolor.png,355a_Gonn_AP_Monrepos_final_nocolor.png,144a_L-B_MdP_final_nocolor.png
4,422,144b,431a,151a,144b_L-B_MdP_final_nocolor.png,431a_Gonn_AP_Monrepos_final_nocolor.png,151a MdA_final_nocolor.png
4,423,186a,241a,93b,186a_GG_MB_2021_MdAM_final_nocolor.png,241a_Badegoule_MdP_Pr.A.png,93b_Gourdan_GG_MB_2021_MAN_Piette_final_nocolor.png
4,424,552a,70b,420b,552a_Gonn_AP_Monrepos_final_nocolor.png,70b_Gonn_AP_Monrepos_final_nocolor.png,420b_Gonn_AP_Monrepos_final_nocolor.png
4,425,226a,626a,167b,226a_Aguas_Sant_Final_nocolor.png,626a_Gonn_AP_Monrepos_final_nocolor.png,167b_GG_MB_2021_MdAM_final_nocolor.png
4,426,84a,93a,241a,84a_Gonn_AP_Monrepos_final_nocolor.png,93a_Gourdan_GG_MB_2021_MAN_Piette_final_nocolor.png,241a_Badegoule_MdP_Pr.A.png
4,427,418a,73a,144b,418a_Gonn_AP_Monrepos_final_nocolor.png,73a_Gonn_AP_Monrepos_final_nocolor.png,144b_L-B_MdP_final_nocolor.png
4,428,307b,73b,167a,307b_Gonn_AP_Monrepos_final_nocolor.png,73b_Gonn_AP_Monrepos_final_nocolor.png,167a_GG_MB_2021_MdAM_final_nocolor.png
5,1,144b,201a,73a,144b_L-B_MdP_final_nocolor.png,201a_Peters_Graziosi 1960_final_nocolor.png,73a_Gonn_AP_Monrepos_final_nocolor.png
5,2,151a,202b,431a,151a MdA_final_nocolor.png,202b_final_nocolor.png,431a_Gonn_AP_Monrepos_final_nocolor.png
5,3,226a,84a,355a,226a_Aguas_Sant_Final_nocolor.png,84a_Gonn_AP_Monrepos_final_nocolor.png,355a_Gonn_AP_Monrepos_final_nocolor.png
5,4,626a,93a,420b,626a_Gonn_AP_Monrepos_final_nocolor.png,93a_Gourdan_GG_MB_2021_MAN_Piette_final_nocolor.png,420b_Gonn_AP_Monrepos_final_nocolor.png
5,5,555a,70b,151a,555a_Gonn_AP_Monrepos_final_nocolor.png,70b_Gonn_AP_Monrepos_final_nocolor.png,151a MdA_final_nocolor.png
5,6,186a,201a,226a,186a_GG_MB_2021_MdAM_final_nocolor.png,201a_Peters_Graziosi 1960_final_nocolor.png,226a_Aguas_Sant_Final_nocolor.png
5,7,167b,93a,431a,167b_GG_MB_2021_MdAM_final_nocolor.png,93a_Gourdan_GG_MB_2021_MAN_Piette_final_nocolor.png,431a_Gonn_AP_Monrepos_final_nocolor.png
5,8,151b,631a,144b,151b_PC_DSC00570_final_nocolor.png,631a_Gonn_AP_Monrepos_final_nocolor.png,144b_L-B_MdP_final_nocolor.png
5,9,201a,353a,73b,201a_Peters_Graziosi 1960_final_nocolor.png,353a_Gonn_AP_Monrepos_final_nocolor.png,73b_Gonn_AP_Monrepos_final_nocolor.png
5,10,186a,186b,226a,186a_GG_MB_2021_MdAM_final_nocolor.png,186b_GG_MB_2021_MdAM_final_nocolor.png,226a_Aguas_Sant_Final_nocolor.png
5,11,420b,484a,226b,420b_Gonn_AP_Monrepos_final_nocolor.png,484a_Gonn_AP_Monrepos_final_nocolor.png,226b_Aguas_Santander_final_nocolor.png
5,12,202b,431a,167a,202b_final_nocolor.png,431a_Gonn_AP_Monrepos_final_nocolor.png,167a_GG_MB_2021_MdAM_final_nocolor.png
5,13,226a,93a,151b,226a_Aguas_Sant_Final_nocolor.png,93a_Gourdan_GG_MB_2021_MAN_Piette_final_nocolor.png,151b_PC_DSC00570_final_nocolor.png
5,14,418a,555a,186a,418a_Gonn_AP_Monrepos_final_nocolor.png,555a_Gonn_AP_Monrepos_final_nocolor.png,186a_GG_MB_2021_MdAM_final_nocolor.png
5,15,360a,484a,355a,360a_Gonn_AP_Monrepos_final_nocolor.png,484a_Gonn_AP_Monrepos_final_nocolor.png,355a_Gonn_AP_Monrepos_final_nocolor.png
5,16,201a,241b,226a,201a_Peters_Graziosi 1960_final_nocolor.png,241b_Badegoule_MdP_Pr.A.png,226a_Aguas_Sant_Final_nocolor.png
5,17,151b,93b,431a,151b_PC_DSC00570_final_nocolor.png,93b_Gourdan_GG_MB_2021_MAN_Piette_final_nocolor.png,431a_Gonn_AP_Monrepos_final_nocolor.png
5,18,355a,70b,307a,355a_Gonn_AP_Monrepos_final_nocolor.png,70b_Gonn_AP_Monrepos_final_nocolor.png,307a_Gonn_AP_Monrepos_final_nocolor.png
5,19,555a,70a,353a,555a_Gonn_AP_Monrepos_final_nocolor.png,70a_Gonn_AP_Monrepos_final_nocolor.png,353a_Gonn_AP_Monrepos_final_nocolor.png
5,20,370a,73b,202b,370a_Gonn_AP_Monrepos_final_nocolor.png,73b_Gonn_AP_Monrepos_final_nocolor.png,202b_final_nocolor.png
5,21,355a,84a,201a,355a_Gonn_AP_Monrepos_final_nocolor.png,84a_Gonn_AP_Monrepos_final_nocolor.png,201a_Peters_Graziosi 1960_final_nocolor.png
5,22,144a,70b,93b,144a_L-B_MdP_final_nocolor.png,70b_Gonn_AP_Monrepos_final_nocolor.png,93b_Gourdan_GG_MB_2021_MAN_Piette_final_nocolor.png
5,23,307a,418a,186a,307a_Gonn_AP_Monrepos_final_nocolor.png,418a_Gonn_AP_Monrepos_final_nocolor.png,186a_GG_MB_2021_MdAM_final_nocolor.png
5,24,151a,201a,73b,151a MdA_final_nocolor.png,201a_Peters_Graziosi 1960_final_nocolor.png,73b_Gonn_AP_Monrepos_final_nocolor.png
5,25,144a,355a,241b,144a_L-B_MdP_final_nocolor.png,355a_Gonn_AP_Monrepos_final_nocolor.png,241b_Badegoule_MdP_Pr.A.png
5,26,307a,431a,226b,307a_Gonn_AP_Monrepos_final_nocolor.png,431a_Gonn_AP_Monrepos_final_nocolor.png,226b_Aguas_Santander_final_nocolor.png
5,27,186a,73a,93a,186a_GG_MB_2021_MdAM_final_nocolor.png,73a_Gonn_AP_Monrepos_final_nocolor.png,93a_Gourdan_GG_MB_2021_MAN_Piette_final_nocolor.png
5,28,241a,73b,84a,241a_Badegoule_MdP_Pr.A.png,73b_Gonn_AP_Monrepos_final_nocolor.png,84a_Gonn_AP_Monrepos_final_nocolor.png
5,29,144b,555a,307a,144b_L-B_MdP_final_nocolor.png,555a_Gonn_AP_Monrepos_final_nocolor.png,307a_Gonn_AP_Monrepos_final_nocolor.png
5,30,151b,420a,93b,151b_PC_DSC00570_final_nocolor.png,420a_Gonn_AP_Monrepos_final_nocolor.png,93b_Gourdan_GG_MB_2021_MAN_Piette_final_nocolor.png
5,31,226a,420b,226b,226a_Aguas_Sant_Final_nocolor.png,420b_Gonn_AP_Monrepos_final_nocolor.png,226b_Aguas_Santander_final_nocolor.png
5,32,307a,370a,73b,307a_Gonn_AP_Monrepos_final_nocolor.png,370a_Gonn_AP_Monrepos_final_nocolor.png,73b_Gonn_AP_Monrepos_final_nocolor.png
5,33,151b,73a,431a,151b_PC_DSC00570_final_nocolor.png,73a_Gonn_AP_Monrepos_final_nocolor.png,431a_Gonn_AP_Monrepos_final_nocolor.png
5,34,167b,202b,626a,167b_GG_MB_2021_MdAM_final_nocolor.png,202b_final_nocolor.png,626a_Gonn_AP_Monrepos_final_nocolor.png
5,35,226a,93b,353a,226a_Aguas_Sant_Final_nocolor.png,93b_Gourdan_GG_MB_2021_MAN_Piette_final_nocolor.png,353a_Gonn_AP_Monrepos_final_nocolor.png
5,36,201a,241a,418a,201a_Peters_Graziosi 1960_final_nocolor.png,241a_Badegoule_MdP_Pr.A.png,418a_Gonn_AP_Monrepos_final_nocolor.png
5,37,307a,360a,420a,307a_Gonn_AP_Monrepos_final_nocolor.png,360a_Gonn_AP_Monrepos_final_nocolor.png,420a_Gonn_AP_Monrepos_final_nocolor.png
5,38,202a,73b,186a,202a_final_nocolor.png,73b_Gonn_AP_Monrepos_final_nocolor.png,186a_GG_MB_2021_MdAM_final_nocolor.png
5,39,144a,144b,307b,144a_L-B_MdP_final_nocolor.png,144b_L-B_MdP_final_nocolor.png,307b_Gonn_AP_Monrepos_final_nocolor.png
5,40,555a,70a,226a,555a_Gonn_AP_Monrepos_final_nocolor.png,70a_Gonn_AP_Monrepos_final_nocolor.png,226a_Aguas_Sant_Final_nocolor.png
5,41,202b,353a,360a,202b_final_nocolor.png,353a_Gonn_AP_Monrepos_final_nocolor.png,360a_Gonn_AP_Monrepos_final_nocolor.png
5,42,186a,84a,370a,186a_GG_MB_2021_MdAM_final_nocolor.png,84a_Gonn_AP_Monrepos_final_nocolor.png,370a_Gonn_AP_Monrepos_final_nocolor.png
5,43,144b,555a,73b,144b_L-B_MdP_final_nocolor.png,555a_Gonn_AP_Monrepos_final_nocolor.png,73b_Gonn_AP_Monrepos_final_nocolor.png
5,44,307b,360a,420a,307b_Gonn_AP_Monrepos_final_nocolor.png,360a_Gonn_AP_Monrepos_final_nocolor.png,420a_Gonn_AP_Monrepos_final_nocolor.png
5,45,151a,552a,70b,151a MdA_final_nocolor.png,552a_Gonn_AP_Monrepos_final_nocolor.png,70b_Gonn_AP_Monrepos_final_nocolor.png
5,46,93a,93b,201a,93a_Gourdan_GG_MB_2021_MAN_Piette_final_nocolor.png,93b_Gourdan_GG_MB_2021_MAN_Piette_final_nocolor.png,201a_Peters_Graziosi 1960_final_nocolor.png
5,47,186a,70a,307b,186a_GG_MB_2021_MdAM_final_nocolor.png,70a_Gonn_AP_Monrepos_final_nocolor.png,307b_Gonn_AP_Monrepos_final_nocolor.png
5,48,186b,307a,202a,186b_GG_MB_2021_MdAM_final_nocolor.png,307a_Gonn_AP_Monrepos_final_nocolor.png,202a_final_nocolor.png
5,49,202b,355a,201a,202b_final_nocolor.png,355a_Gonn_AP_Monrepos_final_nocolor.png,201a_Peters_Graziosi 1960_final_nocolor.png
5,50,151a,631a,186a,151a MdA_final_nocolor.png,631a_Gonn_AP_Monrepos_final_nocolor.png,186a_GG_MB_2021_MdAM_final_nocolor.png
5,51,418a,420b,202a,418a_Gonn_AP_Monrepos_final_nocolor.png,420b_Gonn_AP_Monrepos_final_nocolor.png,202a_final_nocolor.png
5,52,186b,93a,555a,186b_GG_MB_2021_MdAM_final_nocolor.png,93a_Gourdan_GG_MB_2021_MAN_Piette_final_nocolor.png,555a_Gonn_AP_Monrepos_final_nocolor.png
5,53,355a,420a,186a,355a_Gonn_AP_Monrepos_final_nocolor.png,420a_Gonn_AP_Monrepos_final_nocolor.png,186a_GG_MB_2021_MdAM_final_nocolor.png
5,54,144a,73a,201a,144a_L-B_MdP_final_nocolor.png,73a_Gonn_AP_Monrepos_final_nocolor.png,201a_Peters_Graziosi 1960_final_nocolor.png
5,55,431a,93a,167a,431a_Gonn_AP_Monrepos_final_nocolor.png,93a_Gourdan_GG_MB_2021_MAN_Piette_final_nocolor.png,167a_GG_MB_2021_MdAM_final_nocolor.png
5,56,144b,420b,360a,144b_L-B_MdP_final_nocolor.png,420b_Gonn_AP_Monrepos_final_nocolor.png,360a_Gonn_AP_Monrepos_final_nocolor.png
5,57,307a,552a,151b,307a_Gonn_AP_Monrepos_final_nocolor.png,552a_Gonn_AP_Monrepos_final_nocolor.png,151b_PC_DSC00570_final_nocolor.png
5,58,370a,431a,151a,370a_Gonn_AP_Monrepos_final_nocolor.png,431a_Gonn_AP_Monrepos_final_nocolor.png,151a MdA_final_nocolor.png
5,59,144b,420a,70b,144b_L-B_MdP_final_nocolor.png,420a_Gonn_AP_Monrepos_final_nocolor.png,70b_Gonn_AP_Monrepos_final_nocolor.png
5,60,201a,355a,353a,201a_Peters_Graziosi 1960_final_nocolor.png,355a_Gonn_AP_Monrepos_final_nocolor.png,353a_Gonn_AP_Monrepos_final_nocolor.png
5,61,151b,370a,418a,151b_PC_DSC00570_final_nocolor.png,370a_Gonn_AP_Monrepos_final_nocolor.png,418a_Gonn_AP_Monrepos_final_nocolor.png
5,62,151a,93b,431a,151a MdA_final_nocolor.png,93b_Gourdan_GG_MB_2021_MAN_Piette_final_nocolor.png,431a_Gonn_AP_Monrepos_final_nocolor.png
5,63,144b,631a,355a,144b_L-B_MdP_final_nocolor.png,631a_Gonn_AP_Monrepos_final_nocolor.png,355a_Gonn_AP_Monrepos_final_nocolor.png
5,64,552a,70a,226b,552a_Gonn_AP_Monrepos_final_nocolor.png,70a_Gonn_AP_Monrepos_final_nocolor.png,226b_Aguas_Santander_final_nocolor.png
5,65,307b,370a,93b,307b_Gonn_AP_Monrepos_final_nocolor.png,370a_Gonn_AP_Monrepos_final_nocolor.png,93b_Gourdan_GG_MB_2021_MAN_Piette_final_nocolor.png
5,66,202b,355a,431a,202b_final_nocolor.png,355a_Gonn_AP_Monrepos_final_nocolor.png,431a_Gonn_AP_Monrepos_final_nocolor.png
5,67,144a,93a,555a,144a_L-B_MdP_final_nocolor.png,93a_Gourdan_GG_MB_2021_MAN_Piette_final_nocolor.png,555a_Gonn_AP_Monrepos_final_nocolor.png
5,68,151b,353a,144b,151b_PC_DSC00570_final_nocolor.png,353a_Gonn_AP_Monrepos_final_nocolor.png,144b_L-B_MdP_final_nocolor.png
5,69,431a,70b,186a,431a_Gonn_AP_Monrepos_final_nocolor.png,70b_Gonn_AP_Monrepos_final_nocolor.png,186a_GG_MB_2021_MdAM_final_nocolor.png
5,70,186b,202b,201a,186b_GG_MB_2021_MdAM_final_nocolor.png,202b_final_nocolor.png,201a_Peters_Graziosi 1960_final_nocolor.png
5,71,73b,93a,353a,73b_Gonn_AP_Monrepos_final_nocolor.png,93a_Gourdan_GG_MB_2021_MAN_Piette_final_nocolor.png,353a_Gonn_AP_Monrepos_final_nocolor.png
5,72,151b,360a,226a,151b_PC_DSC00570_final_nocolor.png,360a_Gonn_AP_Monrepos_final_nocolor.png,226a_Aguas_Sant_Final_nocolor.png
5,73,144b,167b,202b,144b_L-B_MdP_final_nocolor.png,167b_GG_MB_2021_MdAM_final_nocolor.png,202b_final_nocolor.png
5,74,484a,73b,431a,484a_Gonn_AP_Monrepos_final_nocolor.png,73b_Gonn_AP_Monrepos_final_nocolor.png,431a_Gonn_AP_Monrepos_final_nocolor.png
5,75,151a,202a,201a,151a MdA_final_nocolor.png,202a_final_nocolor.png,201a_Peters_Graziosi 1960_final_nocolor.png
5,76,73a,84a,353a,73a_Gonn_AP_Monrepos_final_nocolor.png,84a_Gonn_AP_Monrepos_final_nocolor.png,353a_Gonn_AP_Monrepos_final_nocolor.png
5,77,431a,555a,370a,431a_Gonn_AP_Monrepos_final_nocolor.png,555a_Gonn_AP_Monrepos_final_nocolor.png,370a_Gonn_AP_Monrepos_final_nocolor.png
5,78,144b,202a,73b,144b_L-B_MdP_final_nocolor.png,202a_final_nocolor.png,73b_Gonn_AP_Monrepos_final_nocolor.png
5,79,151b,70b,84a,151b_PC_DSC00570_final_nocolor.png,70b_Gonn_AP_Monrepos_final_nocolor.png,84a_Gonn_AP_Monrepos_final_nocolor.png
5,80,151a,167a,241a,151a MdA_final_nocolor.png,167a_GG_MB_2021_MdAM_final_nocolor.png,241a_Badegoule_MdP_Pr.A.png
5,81,186a,73b,201a,186a_GG_MB_2021_MdAM_final_nocolor.png,73b_Gonn_AP_Monrepos_final_nocolor.png,201a_Peters_Graziosi 1960_final_nocolor.png
5,82,202b,418a,226a,202b_final_nocolor.png,418a_Gonn_AP_Monrepos_final_nocolor.png,226a_Aguas_Sant_Final_nocolor.png
5,83,420a,93b,631a,420a_Gonn_AP_Monrepos_final_nocolor.png,93b_Gourdan_GG_MB_2021_MAN_Piette_final_nocolor.png,631a_Gonn_AP_Monrepos_final_nocolor.png
5,84,201a,70a,151b,201a_Peters_Graziosi 1960_final_nocolor.png,70a_Gonn_AP_Monrepos_final_nocolor.png,151b_PC_DSC00570_final_nocolor.png
5,85,167a,241b,307a,167a_GG_MB_2021_MdAM_final_nocolor.png,241b_Badegoule_MdP_Pr.A.png,307a_Gonn_AP_Monrepos_final_nocolor.png
5,86,355a,73b,418a,355a_Gonn_AP_Monrepos_final_nocolor.png,73b_Gonn_AP_Monrepos_final_nocolor.png,418a_Gonn_AP_Monrepos_final_nocolor.png
5,87,151b,201a,70a,151b_PC_DSC00570_final_nocolor.png,201a_Peters_Graziosi 1960_final_nocolor.png,70a_Gonn_AP_Monrepos_final_nocolor.png
5,88,144b,93a,420b,144b_L-B_MdP_final_nocolor.png,93a_Gourdan_GG_MB_2021_MAN_Piette_final_nocolor.png,420b_Gonn_AP_Monrepos_final_nocolor.png
5,89,226a,84a,552a,226a_Aguas_Sant_Final_nocolor.png,84a_Gonn_AP_Monrepos_final_nocolor.png,552a_Gonn_AP_Monrepos_final_nocolor.png
5,90,186b,70b,241b,186b_GG_MB_2021_MdAM_final_nocolor.png,70b_Gonn_AP_Monrepos_final_nocolor.png,241b_Badegoule_MdP_Pr.A.png
5,91,144a,420a,370a,144a_L-B_MdP_final_nocolor.png,420a_Gonn_AP_Monrepos_final_nocolor.png,370a_Gonn_AP_Monrepos_final_nocolor.png
5,92,626a,84a,420b,626a_Gonn_AP_Monrepos_final_nocolor.png,84a_Gonn_AP_Monrepos_final_nocolor.png,420b_Gonn_AP_Monrepos_final_nocolor.png
5,93,144b,70a,167b,144b_L-B_MdP_final_nocolor.png,70a_Gonn_AP_Monrepos_final_nocolor.png,167b_GG_MB_2021_MdAM_final_nocolor.png
5,94,370a,70b,93b,370a_Gonn_AP_Monrepos_final_nocolor.png,70b_Gonn_AP_Monrepos_final_nocolor.png,93b_Gourdan_GG_MB_2021_MAN_Piette_final_nocolor.png
5,95,307a,73a,241a,307a_Gonn_AP_Monrepos_final_nocolor.png,73a_Gonn_AP_Monrepos_final_nocolor.png,241a_Badegoule_MdP_Pr.A.png
5,96,202b,93a,167b,202b_final_nocolor.png,93a_Gourdan_GG_MB_2021_MAN_Piette_final_nocolor.png,167b_GG_MB_2021_MdAM_final_nocolor.png
5,97,241b,93b,307b,241b_Badegoule_MdP_Pr.A.png,93b_Gourdan_GG_MB_2021_MAN_Piette_final_nocolor.png,307b_Gonn_AP_Monrepos_final_nocolor.png
5,98,431a,70b,420a,431a_Gonn_AP_Monrepos_final_nocolor.png,70b_Gonn_AP_Monrepos_final_nocolor.png,420a_Gonn_AP_Monrepos_final_nocolor.png
5,99,151a,202b,73a,151a MdA_final_nocolor.png,202b_final_nocolor.png,73a_Gonn_AP_Monrepos_final_nocolor.png
5,100,144a,418a,167a,144a_L-B_MdP_final_nocolor.png,418a_Gonn_AP_Monrepos_final_nocolor.png,167a_GG_MB_2021_MdAM_final_nocolor.png
5,101,420a,431a,626a,420a_Gonn_AP_Monrepos_final_nocolor.png,431a_Gonn_AP_Monrepos_final_nocolor.png,626a_Gonn_AP_Monrepos_final_nocolor.png
5,102,226b,355a,186a,226b_Aguas_Santander_final_nocolor.png,355a_Gonn_AP_Monrepos_final_nocolor.png,186a_GG_MB_2021_MdAM_final_nocolor.png
5,103,201a,370a,167a,201a_Peters_Graziosi 1960_final_nocolor.png,370a_Gonn_AP_Monrepos_final_nocolor.png,167a_GG_MB_2021_MdAM_final_nocolor.png
5,104,144b,151a,626a,144b_L-B_MdP_final_nocolor.png,151a MdA_final_nocolor.png,626a_Gonn_AP_Monrepos_final_nocolor.png
5,105,226b,70b,418a,226b_Aguas_Santander_final_nocolor.png,70b_Gonn_AP_Monrepos_final_nocolor.png,418a_Gonn_AP_Monrepos_final_nocolor.png
5,106,202a,241a,360a,202a_final_nocolor.png,241a_Badegoule_MdP_Pr.A.png,360a_Gonn_AP_Monrepos_final_nocolor.png
5,107,370a,431a,70a,370a_Gonn_AP_Monrepos_final_nocolor.png,431a_Gonn_AP_Monrepos_final_nocolor.png,70a_Gonn_AP_Monrepos_final_nocolor.png
5,108,144a,226b,93a,144a_L-B_MdP_final_nocolor.png,226b_Aguas_Santander_final_nocolor.png,93a_Gourdan_GG_MB_2021_MAN_Piette_final_nocolor.png
5,109,626a,84a,418a,626a_Gonn_AP_Monrepos_final_nocolor.png,84a_Gonn_AP_Monrepos_final_nocolor.png,418a_Gonn_AP_Monrepos_final_nocolor.png
5,110,370a,73a,360a,370a_Gonn_AP_Monrepos_final_nocolor.png,73a_Gonn_AP_Monrepos_final_nocolor.png,360a_Gonn_AP_Monrepos_final_nocolor.png
5,111,552a,93a,70b,552a_Gonn_AP_Monrepos_final_nocolor.png,93a_Gourdan_GG_MB_2021_MAN_Piette_final_nocolor.png,70b_Gonn_AP_Monrepos_final_nocolor.png
5,112,144a,555a,353a,144a_L-B_MdP_final_nocolor.png,555a_Gonn_AP_Monrepos_final_nocolor.png,353a_Gonn_AP_Monrepos_final_nocolor.png
5,113,151a,360a,226b,151a MdA_final_nocolor.png,360a_Gonn_AP_Monrepos_final_nocolor.png,226b_Aguas_Santander_final_nocolor.png
5,114,144b,73b,201a,144b_L-B_MdP_final_nocolor.png,73b_Gonn_AP_Monrepos_final_nocolor.png,201a_Peters_Graziosi 1960_final_nocolor.png
5,115,420b,626a,73a,420b_Gonn_AP_Monrepos_final_nocolor.png,626a_Gonn_AP_Monrepos_final_nocolor.png,73a_Gonn_AP_Monrepos_final_nocolor.png
5,116,151a,226b,360a,151a MdA_final_nocolor.png,226b_Aguas_Santander_final_nocolor.png,360a_Gonn_AP_Monrepos_final_nocolor.png
5,117,186b,84a,241a,186b_GG_MB_2021_MdAM_final_nocolor.png,84a_Gonn_AP_Monrepos_final_nocolor.png,241a_Badegoule_MdP_Pr.A.png
5,118,202b,307b,626a,202b_final_nocolor.png,307b_Gonn_AP_Monrepos_final_nocolor.png,626a_Gonn_AP_Monrepos_final_nocolor.png
5,119,226b,420a,484a,226b_Aguas_Santander_final_nocolor.png,420a_Gonn_AP_Monrepos_final_nocolor.png,484a_Gonn_AP_Monrepos_final_nocolor.png
5,120,144a,555a,186b,144a_L-B_MdP_final_nocolor.png,555a_Gonn_AP_Monrepos_final_nocolor.png,186b_GG_MB_2021_MdAM_final_nocolor.png
5,121,307b,360a,167b,307b_Gonn_AP_Monrepos_final_nocolor.png,360a_Gonn_AP_Monrepos_final_nocolor.png,167b_GG_MB_2021_MdAM_final_nocolor.png
5,122,144b,73a,552a,144b_L-B_MdP_final_nocolor.png,73a_Gonn_AP_Monrepos_final_nocolor.png,552a_Gonn_AP_Monrepos_final_nocolor.png
5,123,226a,420b,555a,226a_Aguas_Sant_Final_nocolor.png,420b_Gonn_AP_Monrepos_final_nocolor.png,555a_Gonn_AP_Monrepos_final_nocolor.png
5,124,151b,70b,73b,151b_PC_DSC00570_final_nocolor.png,70b_Gonn_AP_Monrepos_final_nocolor.png,73b_Gonn_AP_Monrepos_final_nocolor.png
5,125,167b,186b,73a,167b_GG_MB_2021_MdAM_final_nocolor.png,186b_GG_MB_2021_MdAM_final_nocolor.png,73a_Gonn_AP_Monrepos_final_nocolor.png
5,126,370a,420b,202a,370a_Gonn_AP_Monrepos_final_nocolor.png,420b_Gonn_AP_Monrepos_final_nocolor.png,202a_final_nocolor.png
5,127,353a,73b,151b,353a_Gonn_AP_Monrepos_final_nocolor.png,73b_Gonn_AP_Monrepos_final_nocolor.png,151b_PC_DSC00570_final_nocolor.png
5,128,555a,84a,144a,555a_Gonn_AP_Monrepos_final_nocolor.png,84a_Gonn_AP_Monrepos_final_nocolor.png,144a_L-B_MdP_final_nocolor.png
5,129,307b,93b,70b,307b_Gonn_AP_Monrepos_final_nocolor.png,93b_Gourdan_GG_MB_2021_MAN_Piette_final_nocolor.png,70b_Gonn_AP_Monrepos_final_nocolor.png
5,130,151b,241a,202b,151b_PC_DSC00570_final_nocolor.png,241a_Badegoule_MdP_Pr.A.png,202b_final_nocolor.png
5,131,186b,73a,420b,186b_GG_MB_2021_MdAM_final_nocolor.png,73a_Gonn_AP_Monrepos_final_nocolor.png,420b_Gonn_AP_Monrepos_final_nocolor.png
5,132,167b,420a,93b,167b_GG_MB_2021_MdAM_final_nocolor.png,420a_Gonn_AP_Monrepos_final_nocolor.png,93b_Gourdan_GG_MB_2021_MAN_Piette_final_nocolor.png
5,133,151b,631a,186a,151b_PC_DSC00570_final_nocolor.png,631a_Gonn_AP_Monrepos_final_nocolor.png,186a_GG_MB_2021_MdAM_final_nocolor.png
5,134,186b,73a,202b,186b_GG_MB_2021_MdAM_final_nocolor.png,73a_Gonn_AP_Monrepos_final_nocolor.png,202b_final_nocolor.png
5,135,70a,93b,167b,70a_Gonn_AP_Monrepos_final_nocolor.png,93b_Gourdan_GG_MB_2021_MAN_Piette_final_nocolor.png,167b_GG_MB_2021_MdAM_final_nocolor.png
5,136,151a,307b,186a,151a MdA_final_nocolor.png,307b_Gonn_AP_Monrepos_final_nocolor.png,186a_GG_MB_2021_MdAM_final_nocolor.png
5,137,431a,84a,626a,431a_Gonn_AP_Monrepos_final_nocolor.png,84a_Gonn_AP_Monrepos_final_nocolor.png,626a_Gonn_AP_Monrepos_final_nocolor.png
5,138,167a,73a,70a,167a_GG_MB_2021_MdAM_final_nocolor.png,73a_Gonn_AP_Monrepos_final_nocolor.png,70a_Gonn_AP_Monrepos_final_nocolor.png
5,139,186a,418a,93b,186a_GG_MB_2021_MdAM_final_nocolor.png,418a_Gonn_AP_Monrepos_final_nocolor.png,93b_Gourdan_GG_MB_2021_MAN_Piette_final_nocolor.png
5,140,186b,431a,151a,186b_GG_MB_2021_MdAM_final_nocolor.png,431a_Gonn_AP_Monrepos_final_nocolor.png,151a MdA_final_nocolor.png
5,141,167b,202b,93a,167b_GG_MB_2021_MdAM_final_nocolor.png,202b_final_nocolor.png,93a_Gourdan_GG_MB_2021_MAN_Piette_final_nocolor.png
5,142,241b,70b,418a,241b_Badegoule_MdP_Pr.A.png,70b_Gonn_AP_Monrepos_final_nocolor.png,418a_Gonn_AP_Monrepos_final_nocolor.png
5,143,151a,226b,484a,151a MdA_final_nocolor.png,226b_Aguas_Santander_final_nocolor.png,484a_Gonn_AP_Monrepos_final_nocolor.png
5,144,186b,420b,186a,186b_GG_MB_2021_MdAM_final_nocolor.png,420b_Gonn_AP_Monrepos_final_nocolor.png,186a_GG_MB_2021_MdAM_final_nocolor.png
5,145,84a,93a,370a,84a_Gonn_AP_Monrepos_final_nocolor.png,93a_Gourdan_GG_MB_2021_MAN_Piette_final_nocolor.png,370a_Gonn_AP_Monrepos_final_nocolor.png
5,146,151a,360a,202a,151a MdA_final_nocolor.png,360a_Gonn_AP_Monrepos_final_nocolor.png,202a_final_nocolor.png
5,147,202b,418a,186a,202b_final_nocolor.png,418a_Gonn_AP_Monrepos_final_nocolor.png,186a_GG_MB_2021_MdAM_final_nocolor.png
5,148,70b,93a,631a,70b_Gonn_AP_Monrepos_final_nocolor.png,93a_Gourdan_GG_MB_2021_MAN_Piette_final_nocolor.png,631a_Gonn_AP_Monrepos_final_nocolor.png
5,149,151b,484a,167b,151b_PC_DSC00570_final_nocolor.png,484a_Gonn_AP_Monrepos_final_nocolor.png,167b_GG_MB_2021_MdAM_final_nocolor.png
5,150,186b,84a,186a,186b_GG_MB_2021_MdAM_final_nocolor.png,84a_Gonn_AP_Monrepos_final_nocolor.png,186a_GG_MB_2021_MdAM_final_nocolor.png
5,151,418a,631a,307a,418a_Gonn_AP_Monrepos_final_nocolor.png,631a_Gonn_AP_Monrepos_final_nocolor.png,307a_Gonn_AP_Monrepos_final_nocolor.png
5,152,355a,484a,201a,355a_Gonn_AP_Monrepos_final_nocolor.png,484a_Gonn_AP_Monrepos_final_nocolor.png,201a_Peters_Graziosi 1960_final_nocolor.png
5,153,241a,84a,241b,241a_Badegoule_MdP_Pr.A.png,84a_Gonn_AP_Monrepos_final_nocolor.png,241b_Badegoule_MdP_Pr.A.png
5,154,151b,186a,353a,151b_PC_DSC00570_final_nocolor.png,186a_GG_MB_2021_MdAM_final_nocolor.png,353a_Gonn_AP_Monrepos_final_nocolor.png
5,155,144a,307b,307a,144a_L-B_MdP_final_nocolor.png,307b_Gonn_AP_Monrepos_final_nocolor.png,307a_Gonn_AP_Monrepos_final_nocolor.png
5,156,418a,84a,73b,418a_Gonn_AP_Monrepos_final_nocolor.png,84a_Gonn_AP_Monrepos_final_nocolor.png,73b_Gonn_AP_Monrepos_final_nocolor.png
5,157,202b,420a,241a,202b_final_nocolor.png,420a_Gonn_AP_Monrepos_final_nocolor.png,241a_Badegoule_MdP_Pr.A.png
5,158,241b,552a,70b,241b_Badegoule_MdP_Pr.A.png,552a_Gonn_AP_Monrepos_final_nocolor.png,70b_Gonn_AP_Monrepos_final_nocolor.png
5,159,226a,93a,431a,226a_Aguas_Sant_Final_nocolor.png,93a_Gourdan_GG_MB_2021_MAN_Piette_final_nocolor.png,431a_Gonn_AP_Monrepos_final_nocolor.png
5,160,355a,73a,370a,355a_Gonn_AP_Monrepos_final_nocolor.png,73a_Gonn_AP_Monrepos_final_nocolor.png,370a_Gonn_AP_Monrepos_final_nocolor.png
5,161,555a,84a,552a,555a_Gonn_AP_Monrepos_final_nocolor.png,84a_Gonn_AP_Monrepos_final_nocolor.png,552a_Gonn_AP_Monrepos_final_nocolor.png
5,162,70a,93a,202b,70a_Gonn_AP_Monrepos_final_nocolor.png,93a_Gourdan_GG_MB_2021_MAN_Piette_final_nocolor.png,202b_final_nocolor.png
5,163,201a,431a,420b,201a_Peters_Graziosi 1960_final_nocolor.png,431a_Gonn_AP_Monrepos_final_nocolor.png,420b_Gonn_AP_Monrepos_final_nocolor.png
5,164,226a,484a,151b,226a_Aguas_Sant_Final_nocolor.png,484a_Gonn_AP_Monrepos_final_nocolor.png,151b_PC_DSC00570_final_nocolor.png
5,165,144b,552a,93a,144b_L-B_MdP_final_nocolor.png,552a_Gonn_AP_Monrepos_final_nocolor.png,93a_Gourdan_GG_MB_2021_MAN_Piette_final_nocolor.png
5,166,307b,355a,420a,307b_Gonn_AP_Monrepos_final_nocolor.png,355a_Gonn_AP_Monrepos_final_nocolor.png,420a_Gonn_AP_Monrepos_final_nocolor.png
5,167,226a,307a,484a,226a_Aguas_Sant_Final_nocolor.png,307a_Gonn_AP_Monrepos_final_nocolor.png,484a_Gonn_AP_Monrepos_final_nocolor.png
5,168,431a,93a,370a,431a_Gonn_AP_Monrepos_final_nocolor.png,93a_Gourdan_GG_MB_2021_MAN_Piette_final_nocolor.png,370a_Gonn_AP_Monrepos_final_nocolor.png
5,169,151a,186a,552a,151a MdA_final_nocolor.png,186a_GG_MB_2021_MdAM_final_nocolor.png,552a_Gonn_AP_Monrepos_final_nocolor.png
5,170,144a,484a,353a,144a_L-B_MdP_final_nocolor.png,484a_Gonn_AP_Monrepos_final_nocolor.png,353a_Gonn_AP_Monrepos_final_nocolor.png
5,171,420a,555a,307a,420a_Gonn_AP_Monrepos_final_nocolor.png,555a_Gonn_AP_Monrepos_final_nocolor.png,307a_Gonn_AP_Monrepos_final_nocolor.png
5,172,186a,84a,552a,186a_GG_MB_2021_MdAM_final_nocolor.png,84a_Gonn_AP_Monrepos_final_nocolor.png,552a_Gonn_AP_Monrepos_final_nocolor.png
5,173,151b,353a,202b,151b_PC_DSC00570_final_nocolor.png,353a_Gonn_AP_Monrepos_final_nocolor.png,202b_final_nocolor.png
5,174,226a,307a,431a,226a_Aguas_Sant_Final_nocolor.png,307a_Gonn_AP_Monrepos_final_nocolor.png,431a_Gonn_AP_Monrepos_final_nocolor.png
5,175,370a,84a,93a,370a_Gonn_AP_Monrepos_final_nocolor.png,84a_Gonn_AP_Monrepos_final_nocolor.png,93a_Gourdan_GG_MB_2021_MAN_Piette_final_nocolor.png
5,176,202b,70a,552a,202b_final_nocolor.png,70a_Gonn_AP_Monrepos_final_nocolor.png,552a_Gonn_AP_Monrepos_final_nocolor.png
5,177,307a,93b,484a,307a_Gonn_AP_Monrepos_final_nocolor.png,93b_Gourdan_GG_MB_2021_MAN_Piette_final_nocolor.png,484a_Gonn_AP_Monrepos_final_nocolor.png
5,178,353a,431a,167b,353a_Gonn_AP_Monrepos_final_nocolor.png,431a_Gonn_AP_Monrepos_final_nocolor.png,167b_GG_MB_2021_MdAM_final_nocolor.png
5,179,70a,84a,241b,70a_Gonn_AP_Monrepos_final_nocolor.png,84a_Gonn_AP_Monrepos_final_nocolor.png,241b_Badegoule_MdP_Pr.A.png
5,180,420a,420b,73b,420a_Gonn_AP_Monrepos_final_nocolor.png,420b_Gonn_AP_Monrepos_final_nocolor.png,73b_Gonn_AP_Monrepos_final_nocolor.png
5,181,151b,431a,201a,151b_PC_DSC00570_final_nocolor.png,431a_Gonn_AP_Monrepos_final_nocolor.png,201a_Peters_Graziosi 1960_final_nocolor.png
5,182,552a,70a,151a,552a_Gonn_AP_Monrepos_final_nocolor.png,70a_Gonn_AP_Monrepos_final_nocolor.png,151a MdA_final_nocolor.png
5,183,202a,70b,73a,202a_final_nocolor.png,70b_Gonn_AP_Monrepos_final_nocolor.png,73a_Gonn_AP_Monrepos_final_nocolor.png
5,184,420a,431a,186b,420a_Gonn_AP_Monrepos_final_nocolor.png,431a_Gonn_AP_Monrepos_final_nocolor.png,186b_GG_MB_2021_MdAM_final_nocolor.png
5,185,226a,70a,151b,226a_Aguas_Sant_Final_nocolor.png,70a_Gonn_AP_Monrepos_final_nocolor.png,151b_PC_DSC00570_final_nocolor.png
5,186,353a,552a,484a,353a_Gonn_AP_Monrepos_final_nocolor.png,552a_Gonn_AP_Monrepos_final_nocolor.png,484a_Gonn_AP_Monrepos_final_nocolor.png
5,187,418a,626a,84a,418a_Gonn_AP_Monrepos_final_nocolor.png,626a_Gonn_AP_Monrepos_final_nocolor.png,84a_Gonn_AP_Monrepos_final_nocolor.png
5,188,420b,70a,360a,420b_Gonn_AP_Monrepos_final_nocolor.png,70a_Gonn_AP_Monrepos_final_nocolor.png,360a_Gonn_AP_Monrepos_final_nocolor.png
5,189,167a,307a,144a,167a_GG_MB_2021_MdAM_final_nocolor.png,307a_Gonn_AP_Monrepos_final_nocolor.png,144a_L-B_MdP_final_nocolor.png
5,190,84a,93b,307b,84a_Gonn_AP_Monrepos_final_nocolor.png,93b_Gourdan_GG_MB_2021_MAN_Piette_final_nocolor.png,307b_Gonn_AP_Monrepos_final_nocolor.png
5,191,484a,552a,167b,484a_Gonn_AP_Monrepos_final_nocolor.png,552a_Gonn_AP_Monrepos_final_nocolor.png,167b_GG_MB_2021_MdAM_final_nocolor.png
5,192,626a,70b,167a,626a_Gonn_AP_Monrepos_final_nocolor.png,70b_Gonn_AP_Monrepos_final_nocolor.png,167a_GG_MB_2021_MdAM_final_nocolor.png
5,193,226a,418a,93b,226a_Aguas_Sant_Final_nocolor.png,418a_Gonn_AP_Monrepos_final_nocolor.png,93b_Gourdan_GG_MB_2021_MAN_Piette_final_nocolor.png
5,194,226b,307a,186b,226b_Aguas_Santander_final_nocolor.png,307a_Gonn_AP_Monrepos_final_nocolor.png,186b_GG_MB_2021_MdAM_final_nocolor.png
5,195,167a,73a,552a,167a_GG_MB_2021_MdAM_final_nocolor.png,73a_Gonn_AP_Monrepos_final_nocolor.png,552a_Gonn_AP_Monrepos_final_nocolor.png
5,196,186a,355a,420a,186a_GG_MB_2021_MdAM_final_nocolor.png,355a_Gonn_AP_Monrepos_final_nocolor.png,420a_Gonn_AP_Monrepos_final_nocolor.png
5,197,202b,307b,370a,202b_final_nocolor.png,307b_Gonn_AP_Monrepos_final_nocolor.png,370a_Gonn_AP_Monrepos_final_nocolor.png
5,198,201a,307a,626a,201a_Peters_Graziosi 1960_final_nocolor.png,307a_Gonn_AP_Monrepos_final_nocolor.png,626a_Gonn_AP_Monrepos_final_nocolor.png
5,199,167b,202a,70b,167b_GG_MB_2021_MdAM_final_nocolor.png,202a_final_nocolor.png,70b_Gonn_AP_Monrepos_final_nocolor.png
5,200,226a,555a,93b,226a_Aguas_Sant_Final_nocolor.png,555a_Gonn_AP_Monrepos_final_nocolor.png,93b_Gourdan_GG_MB_2021_MAN_Piette_final_nocolor.png
5,201,202b,241a,484a,202b_final_nocolor.png,241a_Badegoule_MdP_Pr.A.png,484a_Gonn_AP_Monrepos_final_nocolor.png
5,202,186a,73b,73a,186a_GG_MB_2021_MdAM_final_nocolor.png,73b_Gonn_AP_Monrepos_final_nocolor.png,73a_Gonn_AP_Monrepos_final_nocolor.png
5,203,226b,93b,151a,226b_Aguas_Santander_final_nocolor.png,93b_Gourdan_GG_MB_2021_MAN_Piette_final_nocolor.png,151a MdA_final_nocolor.png
5,204,555a,93a,167b,555a_Gonn_AP_Monrepos_final_nocolor.png,93a_Gourdan_GG_MB_2021_MAN_Piette_final_nocolor.png,167b_GG_MB_2021_MdAM_final_nocolor.png
5,205,186a,360a,626a,186a_GG_MB_2021_MdAM_final_nocolor.png,360a_Gonn_AP_Monrepos_final_nocolor.png,626a_Gonn_AP_Monrepos_final_nocolor.png
5,206,353a,420a,73b,353a_Gonn_AP_Monrepos_final_nocolor.png,420a_Gonn_AP_Monrepos_final_nocolor.png,73b_Gonn_AP_Monrepos_final_nocolor.png
5,207,151b,226b,555a,151b_PC_DSC00570_final_nocolor.png,226b_Aguas_Santander_final_nocolor.png,555a_Gonn_AP_Monrepos_final_nocolor.png
5,208,307b,93b,144a,307b_Gonn_AP_Monrepos_final_nocolor.png,93b_Gourdan_GG_MB_2021_MAN_Piette_final_nocolor.png,144a_L-B_MdP_final_nocolor.png
5,209,420b,84a,552a,420b_Gonn_AP_Monrepos_final_nocolor.png,84a_Gonn_AP_Monrepos_final_nocolor.png,552a_Gonn_AP_Monrepos_final_nocolor.png
5,210,307a,360a,93a,307a_Gonn_AP_Monrepos_final_nocolor.png,360a_Gonn_AP_Monrepos_final_nocolor.png,93a_Gourdan_GG_MB_2021_MAN_Piette_final_nocolor.png
5,211,144a,70a,431a,144a_L-B_MdP_final_nocolor.png,70a_Gonn_AP_Monrepos_final_nocolor.png,431a_Gonn_AP_Monrepos_final_nocolor.png
5,212,167b,420b,355a,167b_GG_MB_2021_MdAM_final_nocolor.png,420b_Gonn_AP_Monrepos_final_nocolor.png,355a_Gonn_AP_Monrepos_final_nocolor.png
5,213,420a,73b,418a,420a_Gonn_AP_Monrepos_final_nocolor.png,73b_Gonn_AP_Monrepos_final_nocolor.png,418a_Gonn_AP_Monrepos_final_nocolor.png
5,214,151a,151b,144a,151a MdA_final_nocolor.png,151b_PC_DSC00570_final_nocolor.png,144a_L-B_MdP_final_nocolor.png
5,215,241b,307a,202a,241b_Badegoule_MdP_Pr.A.png,307a_Gonn_AP_Monrepos_final_nocolor.png,202a_final_nocolor.png
5,216,201a,431a,420a,201a_Peters_Graziosi 1960_final_nocolor.png,431a_Gonn_AP_Monrepos_final_nocolor.png,420a_Gonn_AP_Monrepos_final_nocolor.png
5,217,144a,167a,420b,144a_L-B_MdP_final_nocolor.png,167a_GG_MB_2021_MdAM_final_nocolor.png,420b_Gonn_AP_Monrepos_final_nocolor.png
5,218,202a,70b,418a,202a_final_nocolor.png,70b_Gonn_AP_Monrepos_final_nocolor.png,418a_Gonn_AP_Monrepos_final_nocolor.png
5,219,307a,70a,355a,307a_Gonn_AP_Monrepos_final_nocolor.png,70a_Gonn_AP_Monrepos_final_nocolor.png,355a_Gonn_AP_Monrepos_final_nocolor.png
5,220,202b,555a,151a,202b_final_nocolor.png,555a_Gonn_AP_Monrepos_final_nocolor.png,151a MdA_final_nocolor.png
5,221,418a,70b,226b,418a_Gonn_AP_Monrepos_final_nocolor.png,70b_Gonn_AP_Monrepos_final_nocolor.png,226b_Aguas_Santander_final_nocolor.png
5,222,355a,431a,73a,355a_Gonn_AP_Monrepos_final_nocolor.png,431a_Gonn_AP_Monrepos_final_nocolor.png,73a_Gonn_AP_Monrepos_final_nocolor.png
5,223,144b,70a,167a,144b_L-B_MdP_final_nocolor.png,70a_Gonn_AP_Monrepos_final_nocolor.png,167a_GG_MB_2021_MdAM_final_nocolor.png
5,224,307b,70b,241a,307b_Gonn_AP_Monrepos_final_nocolor.png,70b_Gonn_AP_Monrepos_final_nocolor.png,241a_Badegoule_MdP_Pr.A.png
5,225,420b,73b,355a,420b_Gonn_AP_Monrepos_final_nocolor.png,73b_Gonn_AP_Monrepos_final_nocolor.png,355a_Gonn_AP_Monrepos_final_nocolor.png
5,226,201a,202a,186b,201a_Peters_Graziosi 1960_final_nocolor.png,202a_final_nocolor.png,186b_GG_MB_2021_MdAM_final_nocolor.png
5,227,353a,484a,307b,353a_Gonn_AP_Monrepos_final_nocolor.png,484a_Gonn_AP_Monrepos_final_nocolor.png,307b_Gonn_AP_Monrepos_final_nocolor.png
5,228,167b,202b,307a,167b_GG_MB_2021_MdAM_final_nocolor.png,202b_final_nocolor.png,307a_Gonn_AP_Monrepos_final_nocolor.png
5,229,151a,626a,73a,151a MdA_final_nocolor.png,626a_Gonn_AP_Monrepos_final_nocolor.png,73a_Gonn_AP_Monrepos_final_nocolor.png
5,230,307b,70a,93b,307b_Gonn_AP_Monrepos_final_nocolor.png,70a_Gonn_AP_Monrepos_final_nocolor.png,93b_Gourdan_GG_MB_2021_MAN_Piette_final_nocolor.png
5,231,201a,73b,84a,201a_Peters_Graziosi 1960_final_nocolor.png,73b_Gonn_AP_Monrepos_final_nocolor.png,84a_Gonn_AP_Monrepos_final_nocolor.png
5,232,431a,626a,186b,431a_Gonn_AP_Monrepos_final_nocolor.png,626a_Gonn_AP_Monrepos_final_nocolor.png,186b_GG_MB_2021_MdAM_final_nocolor.png
5,233,202b,307b,202a,202b_final_nocolor.png,307b_Gonn_AP_Monrepos_final_nocolor.png,202a_final_nocolor.png
5,234,226a,93b,70b,226a_Aguas_Sant_Final_nocolor.png,93b_Gourdan_GG_MB_2021_MAN_Piette_final_nocolor.png,70b_Gonn_AP_Monrepos_final_nocolor.png
5,235,418a,420b,201a,418a_Gonn_AP_Monrepos_final_nocolor.png,420b_Gonn_AP_Monrepos_final_nocolor.png,201a_Peters_Graziosi 1960_final_nocolor.png
5,236,307a,70a,226b,307a_Gonn_AP_Monrepos_final_nocolor.png,70a_Gonn_AP_Monrepos_final_nocolor.png,226b_Aguas_Santander_final_nocolor.png
5,237,420a,93b,202b,420a_Gonn_AP_Monrepos_final_nocolor.png,93b_Gourdan_GG_MB_2021_MAN_Piette_final_nocolor.png,202b_final_nocolor.png
5,238,186b,484a,552a,186b_GG_MB_2021_MdAM_final_nocolor.png,484a_Gonn_AP_Monrepos_final_nocolor.png,552a_Gonn_AP_Monrepos_final_nocolor.png
5,239,631a,73a,370a,631a_Gonn_AP_Monrepos_final_nocolor.png,73a_Gonn_AP_Monrepos_final_nocolor.png,370a_Gonn_AP_Monrepos_final_nocolor.png
5,240,307a,307b,420a,307a_Gonn_AP_Monrepos_final_nocolor.png,307b_Gonn_AP_Monrepos_final_nocolor.png,420a_Gonn_AP_Monrepos_final_nocolor.png
5,241,201a,353a,93a,201a_Peters_Graziosi 1960_final_nocolor.png,353a_Gonn_AP_Monrepos_final_nocolor.png,93a_Gourdan_GG_MB_2021_MAN_Piette_final_nocolor.png
5,242,626a,631a,484a,626a_Gonn_AP_Monrepos_final_nocolor.png,631a_Gonn_AP_Monrepos_final_nocolor.png,484a_Gonn_AP_Monrepos_final_nocolor.png
5,243,186a,307b,144b,186a_GG_MB_2021_MdAM_final_nocolor.png,307b_Gonn_AP_Monrepos_final_nocolor.png,144b_L-B_MdP_final_nocolor.png
5,244,151b,73a,73b,151b_PC_DSC00570_final_nocolor.png,73a_Gonn_AP_Monrepos_final_nocolor.png,73b_Gonn_AP_Monrepos_final_nocolor.png
5,245,226a,70a,84a,226a_Aguas_Sant_Final_nocolor.png,70a_Gonn_AP_Monrepos_final_nocolor.png,84a_Gonn_AP_Monrepos_final_nocolor.png
5,246,241b,353a,420a,241b_Badegoule_MdP_Pr.A.png,353a_Gonn_AP_Monrepos_final_nocolor.png,420a_Gonn_AP_Monrepos_final_nocolor.png
5,247,70b,93b,73b,70b_Gonn_AP_Monrepos_final_nocolor.png,93b_Gourdan_GG_MB_2021_MAN_Piette_final_nocolor.png,73b_Gonn_AP_Monrepos_final_nocolor.png
5,248,307a,70a,307b,307a_Gonn_AP_Monrepos_final_nocolor.png,70a_Gonn_AP_Monrepos_final_nocolor.png,307b_Gonn_AP_Monrepos_final_nocolor.png
5,249,241b,73a,167a,241b_Badegoule_MdP_Pr.A.png,73a_Gonn_AP_Monrepos_final_nocolor.png,167a_GG_MB_2021_MdAM_final_nocolor.png
5,250,202b,360a,93a,202b_final_nocolor.png,360a_Gonn_AP_Monrepos_final_nocolor.png,93a_Gourdan_GG_MB_2021_MAN_Piette_final_nocolor.png
5,251,151b,70b,431a,151b_PC_DSC00570_final_nocolor.png,70b_Gonn_AP_Monrepos_final_nocolor.png,431a_Gonn_AP_Monrepos_final_nocolor.png
5,252,307b,370a,186a,307b_Gonn_AP_Monrepos_final_nocolor.png,370a_Gonn_AP_Monrepos_final_nocolor.png,186a_GG_MB_2021_MdAM_final_nocolor.png
5,253,626a,93a,355a,626a_Gonn_AP_Monrepos_final_nocolor.png,93a_Gourdan_GG_MB_2021_MAN_Piette_final_nocolor.png,355a_Gonn_AP_Monrepos_final_nocolor.png
5,254,202b,73b,73a,202b_final_nocolor.png,73b_Gonn_AP_Monrepos_final_nocolor.png,73a_Gonn_AP_Monrepos_final_nocolor.png
5,255,431a,84a,360a,431a_Gonn_AP_Monrepos_final_nocolor.png,84a_Gonn_AP_Monrepos_final_nocolor.png,360a_Gonn_AP_Monrepos_final_nocolor.png
5,256,241b,93a,151b,241b_Badegoule_MdP_Pr.A.png,93a_Gourdan_GG_MB_2021_MAN_Piette_final_nocolor.png,151b_PC_DSC00570_final_nocolor.png
5,257,226a,307a,555a,226a_Aguas_Sant_Final_nocolor.png,307a_Gonn_AP_Monrepos_final_nocolor.png,555a_Gonn_AP_Monrepos_final_nocolor.png
5,258,202b,73a,360a,202b_final_nocolor.png,73a_Gonn_AP_Monrepos_final_nocolor.png,360a_Gonn_AP_Monrepos_final_nocolor.png
5,259,226b,307b,70a,226b_Aguas_Santander_final_nocolor.png,307b_Gonn_AP_Monrepos_final_nocolor.png,70a_Gonn_AP_Monrepos_final_nocolor.png
5,260,307a,93a,70b,307a_Gonn_AP_Monrepos_final_nocolor.png,93a_Gourdan_GG_MB_2021_MAN_Piette_final_nocolor.png,70b_Gonn_AP_Monrepos_final_nocolor.png
5,261,167a,418a,355a,167a_GG_MB_2021_MdAM_final_nocolor.png,418a_Gonn_AP_Monrepos_final_nocolor.png,355a_Gonn_AP_Monrepos_final_nocolor.png
5,262,307b,370a,631a,307b_Gonn_AP_Monrepos_final_nocolor.png,370a_Gonn_AP_Monrepos_final_nocolor.png,631a_Gonn_AP_Monrepos_final_nocolor.png
5,263,202b,93a,241a,202b_final_nocolor.png,93a_Gourdan_GG_MB_2021_MAN_Piette_final_nocolor.png,241a_Badegoule_MdP_Pr.A.png
5,264,144a,70a,360a,144a_L-B_MdP_final_nocolor.png,70a_Gonn_AP_Monrepos_final_nocolor.png,360a_Gonn_AP_Monrepos_final_nocolor.png
5,265,420b,84a,144b,420b_Gonn_AP_Monrepos_final_nocolor.png,84a_Gonn_AP_Monrepos_final_nocolor.png,144b_L-B_MdP_final_nocolor.png
5,266,431a,73a,241a,431a_Gonn_AP_Monrepos_final_nocolor.png,73a_Gonn_AP_Monrepos_final_nocolor.png,241a_Badegoule_MdP_Pr.A.png
5,267,186b,241b,167b,186b_GG_MB_2021_MdAM_final_nocolor.png,241b_Badegoule_MdP_Pr.A.png,167b_GG_MB_2021_MdAM_final_nocolor.png
5,268,144b,151a,70a,144b_L-B_MdP_final_nocolor.png,151a MdA_final_nocolor.png,70a_Gonn_AP_Monrepos_final_nocolor.png
5,269,144a,202a,431a,144a_L-B_MdP_final_nocolor.png,202a_final_nocolor.png,431a_Gonn_AP_Monrepos_final_nocolor.png
5,270,151b,93b,186b,151b_PC_DSC00570_final_nocolor.png,93b_Gourdan_GG_MB_2021_MAN_Piette_final_nocolor.png,186b_GG_MB_2021_MdAM_final_nocolor.png
5,271,360a,73b,552a,360a_Gonn_AP_Monrepos_final_nocolor.png,73b_Gonn_AP_Monrepos_final_nocolor.png,552a_Gonn_AP_Monrepos_final_nocolor.png
5,272,307b,420a,73a,307b_Gonn_AP_Monrepos_final_nocolor.png,420a_Gonn_AP_Monrepos_final_nocolor.png,73a_Gonn_AP_Monrepos_final_nocolor.png
5,273,186b,555a,70b,186b_GG_MB_2021_MdAM_final_nocolor.png,555a_Gonn_AP_Monrepos_final_nocolor.png,70b_Gonn_AP_Monrepos_final_nocolor.png
5,274,202b,93b,420b,202b_final_nocolor.png,93b_Gourdan_GG_MB_2021_MAN_Piette_final_nocolor.png,420b_Gonn_AP_Monrepos_final_nocolor.png
5,275,360a,84a,144a,360a_Gonn_AP_Monrepos_final_nocolor.png,84a_Gonn_AP_Monrepos_final_nocolor.png,144a_L-B_MdP_final_nocolor.png
5,276,370a,555a,151b,370a_Gonn_AP_Monrepos_final_nocolor.png,555a_Gonn_AP_Monrepos_final_nocolor.png,151b_PC_DSC00570_final_nocolor.png
5,277,241a,420a,93b,241a_Badegoule_MdP_Pr.A.png,420a_Gonn_AP_Monrepos_final_nocolor.png,93b_Gourdan_GG_MB_2021_MAN_Piette_final_nocolor.png
5,278,73b,84a,431a,73b_Gonn_AP_Monrepos_final_nocolor.png,84a_Gonn_AP_Monrepos_final_nocolor.png,431a_Gonn_AP_Monrepos_final_nocolor.png
5,279,186a,626a,202a,186a_GG_MB_2021_MdAM_final_nocolor.png,626a_Gonn_AP_Monrepos_final_nocolor.png,202a_final_nocolor.png
5,280,144b,93b,307a,144b_L-B_MdP_final_nocolor.png,93b_Gourdan_GG_MB_2021_MAN_Piette_final_nocolor.png,307a_Gonn_AP_Monrepos_final_nocolor.png
5,281,307b,353a,552a,307b_Gonn_AP_Monrepos_final_nocolor.png,353a_Gonn_AP_Monrepos_final_nocolor.png,552a_Gonn_AP_Monrepos_final_nocolor.png
5,282,226a,420a,626a,226a_Aguas_Sant_Final_nocolor.png,420a_Gonn_AP_Monrepos_final_nocolor.png,626a_Gonn_AP_Monrepos_final_nocolor.png
5,283,70b,93b,186b,70b_Gonn_AP_Monrepos_final_nocolor.png,93b_Gourdan_GG_MB_2021_MAN_Piette_final_nocolor.png,186b_GG_MB_2021_MdAM_final_nocolor.png
5,284,241a,552a,144a,241a_Badegoule_MdP_Pr.A.png,552a_Gonn_AP_Monrepos_final_nocolor.png,144a_L-B_MdP_final_nocolor.png
5,285,186a,201a,484a,186a_GG_MB_2021_MdAM_final_nocolor.png,201a_Peters_Graziosi 1960_final_nocolor.png,484a_Gonn_AP_Monrepos_final_nocolor.png
5,286,151b,226b,307a,151b_PC_DSC00570_final_nocolor.png,226b_Aguas_Santander_final_nocolor.png,307a_Gonn_AP_Monrepos_final_nocolor.png
5,287,151a,418a,431a,151a MdA_final_nocolor.png,418a_Gonn_AP_Monrepos_final_nocolor.png,431a_Gonn_AP_Monrepos_final_nocolor.png
5,288,307b,484a,555a,307b_Gonn_AP_Monrepos_final_nocolor.png,484a_Gonn_AP_Monrepos_final_nocolor.png,555a_Gonn_AP_Monrepos_final_nocolor.png
5,289,307a,360a,241b,307a_Gonn_AP_Monrepos_final_nocolor.png,360a_Gonn_AP_Monrepos_final_nocolor.png,241b_Badegoule_MdP_Pr.A.png
5,290,186a,93a,73b,186a_GG_MB_2021_MdAM_final_nocolor.png,93a_Gourdan_GG_MB_2021_MAN_Piette_final_nocolor.png,73b_Gonn_AP_Monrepos_final_nocolor.png
5,291,151b,73a,420b,151b_PC_DSC00570_final_nocolor.png,73a_Gonn_AP_Monrepos_final_nocolor.png,420b_Gonn_AP_Monrepos_final_nocolor.png
5,292,144a,186b,360a,144a_L-B_MdP_final_nocolor.png,186b_GG_MB_2021_MdAM_final_nocolor.png,360a_Gonn_AP_Monrepos_final_nocolor.png
5,293,431a,70a,202a,431a_Gonn_AP_Monrepos_final_nocolor.png,70a_Gonn_AP_Monrepos_final_nocolor.png,202a_final_nocolor.png
5,294,144b,70b,226b,144b_L-B_MdP_final_nocolor.png,70b_Gonn_AP_Monrepos_final_nocolor.png,226b_Aguas_Santander_final_nocolor.png
5,295,307a,420a,555a,307a_Gonn_AP_Monrepos_final_nocolor.png,420a_Gonn_AP_Monrepos_final_nocolor.png,555a_Gonn_AP_Monrepos_final_nocolor.png
5,296,360a,93a,420b,360a_Gonn_AP_Monrepos_final_nocolor.png,93a_Gourdan_GG_MB_2021_MAN_Piette_final_nocolor.png,420b_Gonn_AP_Monrepos_final_nocolor.png
5,297,151a,202b,226a,151a MdA_final_nocolor.png,202b_final_nocolor.png,226a_Aguas_Sant_Final_nocolor.png
5,298,420a,93b,626a,420a_Gonn_AP_Monrepos_final_nocolor.png,93b_Gourdan_GG_MB_2021_MAN_Piette_final_nocolor.png,626a_Gonn_AP_Monrepos_final_nocolor.png
5,299,201a,552a,73a,201a_Peters_Graziosi 1960_final_nocolor.png,552a_Gonn_AP_Monrepos_final_nocolor.png,73a_Gonn_AP_Monrepos_final_nocolor.png
5,300,202b,73b,151b,202b_final_nocolor.png,73b_Gonn_AP_Monrepos_final_nocolor.png,151b_PC_DSC00570_final_nocolor.png
5,301,167a,186b,307a,167a_GG_MB_2021_MdAM_final_nocolor.png,186b_GG_MB_2021_MdAM_final_nocolor.png,307a_Gonn_AP_Monrepos_final_nocolor.png
5,302,355a,552a,151a,355a_Gonn_AP_Monrepos_final_nocolor.png,552a_Gonn_AP_Monrepos_final_nocolor.png,151a MdA_final_nocolor.png
5,303,226b,241b,202b,226b_Aguas_Santander_final_nocolor.png,241b_Badegoule_MdP_Pr.A.png,202b_final_nocolor.png
5,304,144b,431a,167b,144b_L-B_MdP_final_nocolor.png,431a_Gonn_AP_Monrepos_final_nocolor.png,167b_GG_MB_2021_MdAM_final_nocolor.png
5,305,355a,484a,144a,355a_Gonn_AP_Monrepos_final_nocolor.png,484a_Gonn_AP_Monrepos_final_nocolor.png,144a_L-B_MdP_final_nocolor.png
5,306,151a,241b,70b,151a MdA_final_nocolor.png,241b_Badegoule_MdP_Pr.A.png,70b_Gonn_AP_Monrepos_final_nocolor.png
5,307,73b,93b,202b,73b_Gonn_AP_Monrepos_final_nocolor.png,93b_Gourdan_GG_MB_2021_MAN_Piette_final_nocolor.png,202b_final_nocolor.png
5,308,186b,241a,360a,186b_GG_MB_2021_MdAM_final_nocolor.png,241a_Badegoule_MdP_Pr.A.png,360a_Gonn_AP_Monrepos_final_nocolor.png
5,309,370a,70a,144b,370a_Gonn_AP_Monrepos_final_nocolor.png,70a_Gonn_AP_Monrepos_final_nocolor.png,144b_L-B_MdP_final_nocolor.png
5,310,555a,73b,151b,555a_Gonn_AP_Monrepos_final_nocolor.png,73b_Gonn_AP_Monrepos_final_nocolor.png,151b_PC_DSC00570_final_nocolor.png
5,311,186b,241a,226a,186b_GG_MB_2021_MdAM_final_nocolor.png,241a_Badegoule_MdP_Pr.A.png,226a_Aguas_Sant_Final_nocolor.png
5,312,431a,93b,70a,431a_Gonn_AP_Monrepos_final_nocolor.png,93b_Gourdan_GG_MB_2021_MAN_Piette_final_nocolor.png,70a_Gonn_AP_Monrepos_final_nocolor.png
5,313,144b,201a,151a,144b_L-B_MdP_final_nocolor.png,201a_Peters_Graziosi 1960_final_nocolor.png,151a MdA_final_nocolor.png
5,314,167b,73a,70b,167b_GG_MB_2021_MdAM_final_nocolor.png,73a_Gonn_AP_Monrepos_final_nocolor.png,70b_Gonn_AP_Monrepos_final_nocolor.png
5,315,84a,93a,626a,84a_Gonn_AP_Monrepos_final_nocolor.png,93a_Gourdan_GG_MB_2021_MAN_Piette_final_nocolor.png,626a_Gonn_AP_Monrepos_final_nocolor.png
5,316,201a,241b,93b,201a_Peters_Graziosi 1960_final_nocolor.png,241b_Badegoule_MdP_Pr.A.png,93b_Gourdan_GG_MB_2021_MAN_Piette_final_nocolor.png
5,317,355a,420b,151a,355a_Gonn_AP_Monrepos_final_nocolor.png,420b_Gonn_AP_Monrepos_final_nocolor.png,151a MdA_final_nocolor.png
5,318,626a,73a,360a,626a_Gonn_AP_Monrepos_final_nocolor.png,73a_Gonn_AP_Monrepos_final_nocolor.png,360a_Gonn_AP_Monrepos_final_nocolor.png
5,319,144a,418a,151b,144a_L-B_MdP_final_nocolor.png,418a_Gonn_AP_Monrepos_final_nocolor.png,151b_PC_DSC00570_final_nocolor.png
5,320,420b,93a,226a,420b_Gonn_AP_Monrepos_final_nocolor.png,93a_Gourdan_GG_MB_2021_MAN_Piette_final_nocolor.png,226a_Aguas_Sant_Final_nocolor.png
5,321,167a,73b,151a,167a_GG_MB_2021_MdAM_final_nocolor.png,73b_Gonn_AP_Monrepos_final_nocolor.png,151a MdA_final_nocolor.png
5,322,202a,370a,167b,202a_final_nocolor.png,370a_Gonn_AP_Monrepos_final_nocolor.png,167b_GG_MB_2021_MdAM_final_nocolor.png
5,323,420a,70a,420b,420a_Gonn_AP_Monrepos_final_nocolor.png,70a_Gonn_AP_Monrepos_final_nocolor.png,420b_Gonn_AP_Monrepos_final_nocolor.png
5,324,167a,202b,151a,167a_GG_MB_2021_MdAM_final_nocolor.png,202b_final_nocolor.png,151a MdA_final_nocolor.png
5,325,226b,631a,418a,226b_Aguas_Santander_final_nocolor.png,631a_Gonn_AP_Monrepos_final_nocolor.png,418a_Gonn_AP_Monrepos_final_nocolor.png
5,326,307a,484a,167b,307a_Gonn_AP_Monrepos_final_nocolor.png,484a_Gonn_AP_Monrepos_final_nocolor.png,167b_GG_MB_2021_MdAM_final_nocolor.png
5,327,167a,370a,151b,167a_GG_MB_2021_MdAM_final_nocolor.png,370a_Gonn_AP_Monrepos_final_nocolor.png,151b_PC_DSC00570_final_nocolor.png
5,328,226a,73b,186b,226a_Aguas_Sant_Final_nocolor.png,73b_Gonn_AP_Monrepos_final_nocolor.png,186b_GG_MB_2021_MdAM_final_nocolor.png
5,329,201a,431a,307b,201a_Peters_Graziosi 1960_final_nocolor.png,431a_Gonn_AP_Monrepos_final_nocolor.png,307b_Gonn_AP_Monrepos_final_nocolor.png
5,330,167a,241b,144b,167a_GG_MB_2021_MdAM_final_nocolor.png,241b_Badegoule_MdP_Pr.A.png,144b_L-B_MdP_final_nocolor.png
5,331,370a,552a,202a,370a_Gonn_AP_Monrepos_final_nocolor.png,552a_Gonn_AP_Monrepos_final_nocolor.png,202a_final_nocolor.png
5,332,307b,431a,186b,307b_Gonn_AP_Monrepos_final_nocolor.png,431a_Gonn_AP_Monrepos_final_nocolor.png,186b_GG_MB_2021_MdAM_final_nocolor.png
5,333,151b,420b,144b,151b_PC_DSC00570_final_nocolor.png,420b_Gonn_AP_Monrepos_final_nocolor.png,144b_L-B_MdP_final_nocolor.png
5,334,226a,73a,552a,226a_Aguas_Sant_Final_nocolor.png,73a_Gonn_AP_Monrepos_final_nocolor.png,552a_Gonn_AP_Monrepos_final_nocolor.png
5,335,167a,73b,201a,167a_GG_MB_2021_MdAM_final_nocolor.png,73b_Gonn_AP_Monrepos_final_nocolor.png,201a_Peters_Graziosi 1960_final_nocolor.png
5,336,355a,631a,144b,355a_Gonn_AP_Monrepos_final_nocolor.png,631a_Gonn_AP_Monrepos_final_nocolor.png,144b_L-B_MdP_final_nocolor.png
5,337,202b,370a,151b,202b_final_nocolor.png,370a_Gonn_AP_Monrepos_final_nocolor.png,151b_PC_DSC00570_final_nocolor.png
5,338,226a,555a,73b,226a_Aguas_Sant_Final_nocolor.png,555a_Gonn_AP_Monrepos_final_nocolor.png,73b_Gonn_AP_Monrepos_final_nocolor.png
5,339,241b,73a,144b,241b_Badegoule_MdP_Pr.A.png,73a_Gonn_AP_Monrepos_final_nocolor.png,144b_L-B_MdP_final_nocolor.png
5,340,353a,355a,360a,353a_Gonn_AP_Monrepos_final_nocolor.png,355a_Gonn_AP_Monrepos_final_nocolor.png,360a_Gonn_AP_Monrepos_final_nocolor.png
5,341,186a,201a,202b,186a_GG_MB_2021_MdAM_final_nocolor.png,201a_Peters_Graziosi 1960_final_nocolor.png,202b_final_nocolor.png
5,342,167a,73b,73a,167a_GG_MB_2021_MdAM_final_nocolor.png,73b_Gonn_AP_Monrepos_final_nocolor.png,73a_Gonn_AP_Monrepos_final_nocolor.png
5,343,202a,631a,241b,202a_final_nocolor.png,631a_Gonn_AP_Monrepos_final_nocolor.png,241b_Badegoule_MdP_Pr.A.png
5,344,144b,226b,241a,144b_L-B_MdP_final_nocolor.png,226b_Aguas_Santander_final_nocolor.png,241a_Badegoule_MdP_Pr.A.png
5,345,484a,73a,93a,484a_Gonn_AP_Monrepos_final_nocolor.png,73a_Gonn_AP_Monrepos_final_nocolor.png,93a_Gourdan_GG_MB_2021_MAN_Piette_final_nocolor.png
5,346,418a,84a,420b,418a_Gonn_AP_Monrepos_final_nocolor.png,84a_Gonn_AP_Monrepos_final_nocolor.png,420b_Gonn_AP_Monrepos_final_nocolor.png
5,347,151b,202a,144b,151b_PC_DSC00570_final_nocolor.png,202a_final_nocolor.png,144b_L-B_MdP_final_nocolor.png
5,348,167b,431a,555a,167b_GG_MB_2021_MdAM_final_nocolor.png,431a_Gonn_AP_Monrepos_final_nocolor.png,555a_Gonn_AP_Monrepos_final_nocolor.png
5,349,151a,186a,418a,151a MdA_final_nocolor.png,186a_GG_MB_2021_MdAM_final_nocolor.png,418a_Gonn_AP_Monrepos_final_nocolor.png
5,350,186b,420a,360a,186b_GG_MB_2021_MdAM_final_nocolor.png,420a_Gonn_AP_Monrepos_final_nocolor.png,360a_Gonn_AP_Monrepos_final_nocolor.png
5,351,144b,167b,202a,144b_L-B_MdP_final_nocolor.png,167b_GG_MB_2021_MdAM_final_nocolor.png,202a_final_nocolor.png
5,352,144a,555a,355a,144a_L-B_MdP_final_nocolor.png,555a_Gonn_AP_Monrepos_final_nocolor.png,355a_Gonn_AP_Monrepos_final_nocolor.png
5,353,241a,353a,431a,241a_Badegoule_MdP_Pr.A.png,353a_Gonn_AP_Monrepos_final_nocolor.png,431a_Gonn_AP_Monrepos_final_nocolor.png
5,354,186b,202b,186a,186b_GG_MB_2021_MdAM_final_nocolor.png,202b_final_nocolor.png,186a_GG_MB_2021_MdAM_final_nocolor.png
5,355,73a,93b,555a,73a_Gonn_AP_Monrepos_final_nocolor.png,93b_Gourdan_GG_MB_2021_MAN_Piette_final_nocolor.png,555a_Gonn_AP_Monrepos_final_nocolor.png
5,356,370a,70a,355a,370a_Gonn_AP_Monrepos_final_nocolor.png,70a_Gonn_AP_Monrepos_final_nocolor.png,355a_Gonn_AP_Monrepos_final_nocolor.png
5,357,186a,353a,202b,186a_GG_MB_2021_MdAM_final_nocolor.png,353a_Gonn_AP_Monrepos_final_nocolor.png,202b_final_nocolor.png
5,358,307b,93b,73b,307b_Gonn_AP_Monrepos_final_nocolor.png,93b_Gourdan_GG_MB_2021_MAN_Piette_final_nocolor.png,73b_Gonn_AP_Monrepos_final_nocolor.png
5,359,186b,418a,555a,186b_GG_MB_2021_MdAM_final_nocolor.png,418a_Gonn_AP_Monrepos_final_nocolor.png,555a_Gonn_AP_Monrepos_final_nocolor.png
5,360,484a,84a,226a,484a_Gonn_AP_Monrepos_final_nocolor.png,84a_Gonn_AP_Monrepos_final_nocolor.png,226a_Aguas_Sant_Final_nocolor.png
5,361,151b,307b,201a,151b_PC_DSC00570_final_nocolor.png,307b_Gonn_AP_Monrepos_final_nocolor.png,201a_Peters_Graziosi 1960_final_nocolor.png
5,362,186a,555a,70b,186a_GG_MB_2021_MdAM_final_nocolor.png,555a_Gonn_AP_Monrepos_final_nocolor.png,70b_Gonn_AP_Monrepos_final_nocolor.png
5,363,186b,84a,226b,186b_GG_MB_2021_MdAM_final_nocolor.png,84a_Gonn_AP_Monrepos_final_nocolor.png,226b_Aguas_Santander_final_nocolor.png
5,364,144a,241a,552a,144a_L-B_MdP_final_nocolor.png,241a_Badegoule_MdP_Pr.A.png,552a_Gonn_AP_Monrepos_final_nocolor.png
5,365,151b,226a,418a,151b_PC_DSC00570_final_nocolor.png,226a_Aguas_Sant_Final_nocolor.png,418a_Gonn_AP_Monrepos_final_nocolor.png
5,366,151a,631a,355a,151a MdA_final_nocolor.png,631a_Gonn_AP_Monrepos_final_nocolor.png,355a_Gonn_AP_Monrepos_final_nocolor.png
5,367,144b,186b,552a,144b_L-B_MdP_final_nocolor.png,186b_GG_MB_2021_MdAM_final_nocolor.png,552a_Gonn_AP_Monrepos_final_nocolor.png
5,368,360a,93a,241a,360a_Gonn_AP_Monrepos_final_nocolor.png,93a_Gourdan_GG_MB_2021_MAN_Piette_final_nocolor.png,241a_Badegoule_MdP_Pr.A.png
5,369,144a,631a,307b,144a_L-B_MdP_final_nocolor.png,631a_Gonn_AP_Monrepos_final_nocolor.png,307b_Gonn_AP_Monrepos_final_nocolor.png
5,370,167b,552a,186b,167b_GG_MB_2021_MdAM_final_nocolor.png,552a_Gonn_AP_Monrepos_final_nocolor.png,186b_GG_MB_2021_MdAM_final_nocolor.png
5,371,226a,484a,151a,226a_Aguas_Sant_Final_nocolor.png,484a_Gonn_AP_Monrepos_final_nocolor.png,151a MdA_final_nocolor.png
5,372,353a,418a,201a,353a_Gonn_AP_Monrepos_final_nocolor.png,418a_Gonn_AP_Monrepos_final_nocolor.png,201a_Peters_Graziosi 1960_final_nocolor.png
5,373,226b,552a,307b,226b_Aguas_Santander_final_nocolor.png,552a_Gonn_AP_Monrepos_final_nocolor.png,307b_Gonn_AP_Monrepos_final_nocolor.png
5,374,370a,93a,167b,370a_Gonn_AP_Monrepos_final_nocolor.png,93a_Gourdan_GG_MB_2021_MAN_Piette_final_nocolor.png,167b_GG_MB_2021_MdAM_final_nocolor.png
5,375,226a,241b,241a,226a_Aguas_Sant_Final_nocolor.png,241b_Badegoule_MdP_Pr.A.png,241a_Badegoule_MdP_Pr.A.png
5,376,201a,552a,307a,201a_Peters_Graziosi 1960_final_nocolor.png,552a_Gonn_AP_Monrepos_final_nocolor.png,307a_Gonn_AP_Monrepos_final_nocolor.png
5,377,144b,420a,151a,144b_L-B_MdP_final_nocolor.png,420a_Gonn_AP_Monrepos_final_nocolor.png,151a MdA_final_nocolor.png
5,378,151b,186a,370a,151b_PC_DSC00570_final_nocolor.png,186a_GG_MB_2021_MdAM_final_nocolor.png,370a_Gonn_AP_Monrepos_final_nocolor.png
5,379,201a,552a,84a,201a_Peters_Graziosi 1960_final_nocolor.png,552a_Gonn_AP_Monrepos_final_nocolor.png,84a_Gonn_AP_Monrepos_final_nocolor.png
5,380,151a,167a,418a,151a MdA_final_nocolor.png,167a_GG_MB_2021_MdAM_final_nocolor.png,418a_Gonn_AP_Monrepos_final_nocolor.png
5,381,186a,355a,186b,186a_GG_MB_2021_MdAM_final_nocolor.png,355a_Gonn_AP_Monrepos_final_nocolor.png,186b_GG_MB_2021_MdAM_final_nocolor.png
5,382,420a,552a,84a,420a_Gonn_AP_Monrepos_final_nocolor.png,552a_Gonn_AP_Monrepos_final_nocolor.png,84a_Gonn_AP_Monrepos_final_nocolor.png
5,383,144b,226a,167a,144b_L-B_MdP_final_nocolor.png,226a_Aguas_Sant_Final_nocolor.png,167a_GG_MB_2021_MdAM_final_nocolor.png
5,384,226b,555a,167b,226b_Aguas_Santander_final_nocolor.png,555a_Gonn_AP_Monrepos_final_nocolor.png,167b_GG_MB_2021_MdAM_final_nocolor.png
5,385,370a,73a,241b,370a_Gonn_AP_Monrepos_final_nocolor.png,73a_Gonn_AP_Monrepos_final_nocolor.png,241b_Badegoule_MdP_Pr.A.png
5,386,167a,552a,93a,167a_GG_MB_2021_MdAM_final_nocolor.png,552a_Gonn_AP_Monrepos_final_nocolor.png,93a_Gourdan_GG_MB_2021_MAN_Piette_final_nocolor.png
5,387,202a,420a,144a,202a_final_nocolor.png,420a_Gonn_AP_Monrepos_final_nocolor.png,144a_L-B_MdP_final_nocolor.png
5,388,186a,84a,73b,186a_GG_MB_2021_MdAM_final_nocolor.png,84a_Gonn_AP_Monrepos_final_nocolor.png,73b_Gonn_AP_Monrepos_final_nocolor.png
5,389,418a,93b,151a,418a_Gonn_AP_Monrepos_final_nocolor.png,93b_Gourdan_GG_MB_2021_MAN_Piette_final_nocolor.png,151a MdA_final_nocolor.png
5,390,360a,370a,151b,360a_Gonn_AP_Monrepos_final_nocolor.png,370a_Gonn_AP_Monrepos_final_nocolor.png,151b_PC_DSC00570_final_nocolor.png
5,391,202a,70b,186a,202a_final_nocolor.png,70b_Gonn_AP_Monrepos_final_nocolor.png,186a_GG_MB_2021_MdAM_final_nocolor.png
5,392,241a,420a,167a,241a_Badegoule_MdP_Pr.A.png,420a_Gonn_AP_Monrepos_final_nocolor.png,167a_GG_MB_2021_MdAM_final_nocolor.png
5,393,226b,418a,241b,226b_Aguas_Santander_final_nocolor.png,418a_Gonn_AP_Monrepos_final_nocolor.png,241b_Badegoule_MdP_Pr.A.png
5,394,552a,93b,202a,552a_Gonn_AP_Monrepos_final_nocolor.png,93b_Gourdan_GG_MB_2021_MAN_Piette_final_nocolor.png,202a_final_nocolor.png
5,395,241a,370a,355a,241a_Badegoule_MdP_Pr.A.png,370a_Gonn_AP_Monrepos_final_nocolor.png,355a_Gonn_AP_Monrepos_final_nocolor.png
5,396,201a,420a,555a,201a_Peters_Graziosi 1960_final_nocolor.png,420a_Gonn_AP_Monrepos_final_nocolor.png,555a_Gonn_AP_Monrepos_final_nocolor.png
5,397,186a,226a,144b,186a_GG_MB_2021_MdAM_final_nocolor.png,226a_Aguas_Sant_Final_nocolor.png,144b_L-B_MdP_final_nocolor.png
5,398,151a,307b,360a,151a MdA_final_nocolor.png,307b_Gonn_AP_Monrepos_final_nocolor.png,360a_Gonn_AP_Monrepos_final_nocolor.png
5,399,151b,370a,355a,151b_PC_DSC00570_final_nocolor.png,370a_Gonn_AP_Monrepos_final_nocolor.png,355a_Gonn_AP_Monrepos_final_nocolor.png
5,400,144b,353a,70b,144b_L-B_MdP_final_nocolor.png,353a_Gonn_AP_Monrepos_final_nocolor.png,70b_Gonn_AP_Monrepos_final_nocolor.png
5,401,201a,484a,241b,201a_Peters_Graziosi 1960_final_nocolor.png,484a_Gonn_AP_Monrepos_final_nocolor.png,241b_Badegoule_MdP_Pr.A.png
5,402,186a,202a,241a,186a_GG_MB_2021_MdAM_final_nocolor.png,202a_final_nocolor.png,241a_Badegoule_MdP_Pr.A.png
5,403,144b,626a,420b,144b_L-B_MdP_final_nocolor.png,626a_Gonn_AP_Monrepos_final_nocolor.png,420b_Gonn_AP_Monrepos_final_nocolor.png
5,404,167b,431a,353a,167b_GG_MB_2021_MdAM_final_nocolor.png,431a_Gonn_AP_Monrepos_final_nocolor.png,353a_Gonn_AP_Monrepos_final_nocolor.png
5,405,241b,355a,241a,241b_Badegoule_MdP_Pr.A.png,355a_Gonn_AP_Monrepos_final_nocolor.png,241a_Badegoule_MdP_Pr.A.png
5,406,186a,70b,420b,186a_GG_MB_2021_MdAM_final_nocolor.png,70b_Gonn_AP_Monrepos_final_nocolor.png,420b_Gonn_AP_Monrepos_final_nocolor.png
5,407,202a,484a,631a,202a_final_nocolor.png,484a_Gonn_AP_Monrepos_final_nocolor.png,631a_Gonn_AP_Monrepos_final_nocolor.png
5,408,431a,73b,167a,431a_Gonn_AP_Monrepos_final_nocolor.png,73b_Gonn_AP_Monrepos_final_nocolor.png,167a_GG_MB_2021_MdAM_final_nocolor.png
5,409,186b,360a,552a,186b_GG_MB_2021_MdAM_final_nocolor.png,360a_Gonn_AP_Monrepos_final_nocolor.png,552a_Gonn_AP_Monrepos_final_nocolor.png
5,410,186a,418a,307a,186a_GG_MB_2021_MdAM_final_nocolor.png,418a_Gonn_AP_Monrepos_final_nocolor.png,307a_Gonn_AP_Monrepos_final_nocolor.png
5,411,241a,73a,355a,241a_Badegoule_MdP_Pr.A.png,73a_Gonn_AP_Monrepos_final_nocolor.png,355a_Gonn_AP_Monrepos_final_nocolor.png
5,412,201a,84a,307b,201a_Peters_Graziosi 1960_final_nocolor.png,84a_Gonn_AP_Monrepos_final_nocolor.png,307b_Gonn_AP_Monrepos_final_nocolor.png
5,413,186b,418a,186a,186b_GG_MB_2021_MdAM_final_nocolor.png,418a_Gonn_AP_Monrepos_final_nocolor.png,186a_GG_MB_2021_MdAM_final_nocolor.png
5,414,202b,73a,552a,202b_final_nocolor.png,73a_Gonn_AP_Monrepos_final_nocolor.png,552a_Gonn_AP_Monrepos_final_nocolor.png
5,415,151b,167a,355a,151b_PC_DSC00570_final_nocolor.png,167a_GG_MB_2021_MdAM_final_nocolor.png,355a_Gonn_AP_Monrepos_final_nocolor.png
5,416,420b,93a,93b,420b_Gonn_AP_Monrepos_final_nocolor.png,93a_Gourdan_GG_MB_2021_MAN_Piette_final_nocolor.png,93b_Gourdan_GG_MB_2021_MAN_Piette_final_nocolor.png
5,417,307b,73a,226a,307b_Gonn_AP_Monrepos_final_nocolor.png,73a_Gonn_AP_Monrepos_final_nocolor.png,226a_Aguas_Sant_Final_nocolor.png
5,418,241b,307a,353a,241b_Badegoule_MdP_Pr.A.png,307a_Gonn_AP_Monrepos_final_nocolor.png,353a_Gonn_AP_Monrepos_final_nocolor.png
5,419,167a,70a,84a,167a_GG_MB_2021_MdAM_final_nocolor.png,70a_Gonn_AP_Monrepos_final_nocolor.png,84a_Gonn_AP_Monrepos_final_nocolor.png
5,420,226a,241a,226b,226a_Aguas_Sant_Final_nocolor.png,241a_Badegoule_MdP_Pr.A.png,226b_Aguas_Santander_final_nocolor.png
5,421,144a,353a,431a,144a_L-B_MdP_final_nocolor.png,353a_Gonn_AP_Monrepos_final_nocolor.png,431a_Gonn_AP_Monrepos_final_nocolor.png
5,422,307a,84a,420b,307a_Gonn_AP_Monrepos_final_nocolor.png,84a_Gonn_AP_Monrepos_final_nocolor.png,420b_Gonn_AP_Monrepos_final_nocolor.png
5,423,420a,70a,151a,420a_Gonn_AP_Monrepos_final_nocolor.png,70a_Gonn_AP_Monrepos_final_nocolor.png,151a MdA_final_nocolor.png
5,424,202a,73a,93a,202a_final_nocolor.png,73a_Gonn_AP_Monrepos_final_nocolor.png,93a_Gourdan_GG_MB_2021_MAN_Piette_final_nocolor.png
5,425,186a,420b,552a,186a_GG_MB_2021_MdAM_final_nocolor.png,420b_Gonn_AP_Monrepos_final_nocolor.png,552a_Gonn_AP_Monrepos_final_nocolor.png
5,426,151a,431a,241b,151a MdA_final_nocolor.png,431a_Gonn_AP_Monrepos_final_nocolor.png,241b_Badegoule_MdP_Pr.A.png
5,427,144a,307b,418a,144a_L-B_MdP_final_nocolor.png,307b_Gonn_AP_Monrepos_final_nocolor.png,418a_Gonn_AP_Monrepos_final_nocolor.png
5,428,186b,355a,167b,186b_GG_MB_2021_MdAM_final_nocolor.png,355a_Gonn_AP_Monrepos_final_nocolor.png,167b_GG_MB_2021_MdAM_final_nocolor.png
6,1,226b,420a,360a,226b_Aguas_Santander_final_nocolor.png,420a_Gonn_AP_Monrepos_final_nocolor.png,360a_Gonn_AP_Monrepos_final_nocolor.png
6,2,353a,84a,93b,353a_Gonn_AP_Monrepos_final_nocolor.png,84a_Gonn_AP_Monrepos_final_nocolor.png,93b_Gourdan_GG_MB_2021_MAN_Piette_final_nocolor.png
6,3,151b,420b,186b,151b_PC_DSC00570_final_nocolor.png,420b_Gonn_AP_Monrepos_final_nocolor.png,186b_GG_MB_2021_MdAM_final_nocolor.png
6,4,241b,360a,631a,241b_Badegoule_MdP_Pr.A.png,360a_Gonn_AP_Monrepos_final_nocolor.png,631a_Gonn_AP_Monrepos_final_nocolor.png
6,5,226b,70b,144b,226b_Aguas_Santander_final_nocolor.png,70b_Gonn_AP_Monrepos_final_nocolor.png,144b_L-B_MdP_final_nocolor.png
6,6,418a,73b,307b,418a_Gonn_AP_Monrepos_final_nocolor.png,73b_Gonn_AP_Monrepos_final_nocolor.png,307b_Gonn_AP_Monrepos_final_nocolor.png
6,7,241b,420b,353a,241b_Badegoule_MdP_Pr.A.png,420b_Gonn_AP_Monrepos_final_nocolor.png,353a_Gonn_AP_Monrepos_final_nocolor.png
6,8,202b,84a,167a,202b_final_nocolor.png,84a_Gonn_AP_Monrepos_final_nocolor.png,167a_GG_MB_2021_MdAM_final_nocolor.png
6,9,226b,552a,73a,226b_Aguas_Santander_final_nocolor.png,552a_Gonn_AP_Monrepos_final_nocolor.png,73a_Gonn_AP_Monrepos_final_nocolor.png
6,10,226a,355a,631a,226a_Aguas_Sant_Final_nocolor.png,355a_Gonn_AP_Monrepos_final_nocolor.png,631a_Gonn_AP_Monrepos_final_nocolor.png
6,11,186a,70b,151b,186a_GG_MB_2021_MdAM_final_nocolor.png,70b_Gonn_AP_Monrepos_final_nocolor.png,151b_PC_DSC00570_final_nocolor.png
6,12,370a,73b,420a,370a_Gonn_AP_Monrepos_final_nocolor.png,73b_Gonn_AP_Monrepos_final_nocolor.png,420a_Gonn_AP_Monrepos_final_nocolor.png
6,13,201a,552a,226a,201a_Peters_Graziosi 1960_final_nocolor.png,552a_Gonn_AP_Monrepos_final_nocolor.png,226a_Aguas_Sant_Final_nocolor.png
6,14,420b,93a,307b,420b_Gonn_AP_Monrepos_final_nocolor.png,93a_Gourdan_GG_MB_2021_MAN_Piette_final_nocolor.png,307b_Gonn_AP_Monrepos_final_nocolor.png
6,15,241b,420a,186a,241b_Badegoule_MdP_Pr.A.png,420a_Gonn_AP_Monrepos_final_nocolor.png,186a_GG_MB_2021_MdAM_final_nocolor.png
6,16,353a,73a,241a,353a_Gonn_AP_Monrepos_final_nocolor.png,73a_Gonn_AP_Monrepos_final_nocolor.png,241a_Badegoule_MdP_Pr.A.png
6,17,144a,307b,70b,144a_L-B_MdP_final_nocolor.png,307b_Gonn_AP_Monrepos_final_nocolor.png,70b_Gonn_AP_Monrepos_final_nocolor.png
6,18,420a,420b,626a,420a_Gonn_AP_Monrepos_final_nocolor.png,420b_Gonn_AP_Monrepos_final_nocolor.png,626a_Gonn_AP_Monrepos_final_nocolor.png
6,19,186a,226a,418a,186a_GG_MB_2021_MdAM_final_nocolor.png,226a_Aguas_Sant_Final_nocolor.png,418a_Gonn_AP_Monrepos_final_nocolor.png
6,20,151b,631a,307b,151b_PC_DSC00570_final_nocolor.png,631a_Gonn_AP_Monrepos_final_nocolor.png,307b_Gonn_AP_Monrepos_final_nocolor.png
6,21,151a,186b,420b,151a MdA_final_nocolor.png,186b_GG_MB_2021_MdAM_final_nocolor.png,420b_Gonn_AP_Monrepos_final_nocolor.png
6,22,186a,73b,552a,186a_GG_MB_2021_MdAM_final_nocolor.png,73b_Gonn_AP_Monrepos_final_nocolor.png,552a_Gonn_AP_Monrepos_final_nocolor.png
6,23,307b,420a,202a,307b_Gonn_AP_Monrepos_final_nocolor.png,420a_Gonn_AP_Monrepos_final_nocolor.png,202a_final_nocolor.png
6,24,70a,93b,420b,70a_Gonn_AP_Monrepos_final_nocolor.png,93b_Gourdan_GG_MB_2021_MAN_Piette_final_nocolor.png,420b_Gonn_AP_Monrepos_final_nocolor.png
6,25,226a,93a,70b,226a_Aguas_Sant_Final_nocolor.png,93a_Gourdan_GG_MB_2021_MAN_Piette_final_nocolor.png,70b_Gonn_AP_Monrepos_final_nocolor.png
6,26,201a,418a,167a,201a_Peters_Graziosi 1960_final_nocolor.png,418a_Gonn_AP_Monrepos_final_nocolor.png,167a_GG_MB_2021_MdAM_final_nocolor.png
6,27,431a,552a,151b,431a_Gonn_AP_Monrepos_final_nocolor.png,552a_Gonn_AP_Monrepos_final_nocolor.png,151b_PC_DSC00570_final_nocolor.png
6,28,151a,360a,420a,151a MdA_final_nocolor.png,360a_Gonn_AP_Monrepos_final_nocolor.png,420a_Gonn_AP_Monrepos_final_nocolor.png
6,29,201a,555a,631a,201a_Peters_Graziosi 1960_final_nocolor.png,555a_Gonn_AP_Monrepos_final_nocolor.png,631a_Gonn_AP_Monrepos_final_nocolor.png
6,30,431a,552a,202a,431a_Gonn_AP_Monrepos_final_nocolor.png,552a_Gonn_AP_Monrepos_final_nocolor.png,202a_final_nocolor.png
6,31,355a,370a,186b,355a_Gonn_AP_Monrepos_final_nocolor.png,370a_Gonn_AP_Monrepos_final_nocolor.png,186b_GG_MB_2021_MdAM_final_nocolor.png
6,32,202b,631a,420b,202b_final_nocolor.png,631a_Gonn_AP_Monrepos_final_nocolor.png,420b_Gonn_AP_Monrepos_final_nocolor.png
6,33,241a,360a,431a,241a_Badegoule_MdP_Pr.A.png,360a_Gonn_AP_Monrepos_final_nocolor.png,431a_Gonn_AP_Monrepos_final_nocolor.png
6,34,202a,226b,484a,202a_final_nocolor.png,226b_Aguas_Santander_final_nocolor.png,484a_Gonn_AP_Monrepos_final_nocolor.png
6,35,355a,552a,631a,355a_Gonn_AP_Monrepos_final_nocolor.png,552a_Gonn_AP_Monrepos_final_nocolor.png,631a_Gonn_AP_Monrepos_final_nocolor.png
6,36,431a,70b,167a,431a_Gonn_AP_Monrepos_final_nocolor.png,70b_Gonn_AP_Monrepos_final_nocolor.png,167a_GG_MB_2021_MdAM_final_nocolor.png
6,37,202b,93b,484a,202b_final_nocolor.png,93b_Gourdan_GG_MB_2021_MAN_Piette_final_nocolor.png,484a_Gonn_AP_Monrepos_final_nocolor.png
6,38,555a,84a,73a,555a_Gonn_AP_Monrepos_final_nocolor.png,84a_Gonn_AP_Monrepos_final_nocolor.png,73a_Gonn_AP_Monrepos_final_nocolor.png
6,39,355a,418a,353a,355a_Gonn_AP_Monrepos_final_nocolor.png,418a_Gonn_AP_Monrepos_final_nocolor.png,353a_Gonn_AP_Monrepos_final_nocolor.png
6,40,226a,360a,484a,226a_Aguas_Sant_Final_nocolor.png,360a_Gonn_AP_Monrepos_final_nocolor.png,484a_Gonn_AP_Monrepos_final_nocolor.png
6,41,167a,202b,555a,167a_GG_MB_2021_MdAM_final_nocolor.png,202b_final_nocolor.png,555a_Gonn_AP_Monrepos_final_nocolor.png
6,42,151a,73b,93b,151a MdA_final_nocolor.png,73b_Gonn_AP_Monrepos_final_nocolor.png,93b_Gourdan_GG_MB_2021_MAN_Piette_final_nocolor.png
6,43,202a,631a,93a,202a_final_nocolor.png,631a_Gonn_AP_Monrepos_final_nocolor.png,93a_Gourdan_GG_MB_2021_MAN_Piette_final_nocolor.png
6,44,151b,202b,144b,151b_PC_DSC00570_final_nocolor.png,202b_final_nocolor.png,144b_L-B_MdP_final_nocolor.png
6,45,226a,418a,73a,226a_Aguas_Sant_Final_nocolor.png,418a_Gonn_AP_Monrepos_final_nocolor.png,73a_Gonn_AP_Monrepos_final_nocolor.png
6,46,151a,202a,353a,151a MdA_final_nocolor.png,202a_final_nocolor.png,353a_Gonn_AP_Monrepos_final_nocolor.png
6,47,186b,420b,167b,186b_GG_MB_2021_MdAM_final_nocolor.png,420b_Gonn_AP_Monrepos_final_nocolor.png,167b_GG_MB_2021_MdAM_final_nocolor.png
6,48,484a,93a,70a,484a_Gonn_AP_Monrepos_final_nocolor.png,93a_Gourdan_GG_MB_2021_MAN_Piette_final_nocolor.png,70a_Gonn_AP_Monrepos_final_nocolor.png
6,49,151a,355a,186a,151a MdA_final_nocolor.png,355a_Gonn_AP_Monrepos_final_nocolor.png,186a_GG_MB_2021_MdAM_final_nocolor.png
6,50,167b,73a,201a,167b_GG_MB_2021_MdAM_final_nocolor.png,73a_Gonn_AP_Monrepos_final_nocolor.png,201a_Peters_Graziosi 1960_final_nocolor.png
6,51,151b,552a,202a,151b_PC_DSC00570_final_nocolor.png,552a_Gonn_AP_Monrepos_final_nocolor.png,202a_final_nocolor.png
6,52,151a,626a,484a,151a MdA_final_nocolor.png,626a_Gonn_AP_Monrepos_final_nocolor.png,484a_Gonn_AP_Monrepos_final_nocolor.png
6,53,186a,202b,186b,186a_GG_MB_2021_MdAM_final_nocolor.png,202b_final_nocolor.png,186b_GG_MB_2021_MdAM_final_nocolor.png
6,54,418a,431a,241a,418a_Gonn_AP_Monrepos_final_nocolor.png,431a_Gonn_AP_Monrepos_final_nocolor.png,241a_Badegoule_MdP_Pr.A.png
6,55,307b,70a,73b,307b_Gonn_AP_Monrepos_final_nocolor.png,70a_Gonn_AP_Monrepos_final_nocolor.png,73b_Gonn_AP_Monrepos_final_nocolor.png
6,56,420b,93a,355a,420b_Gonn_AP_Monrepos_final_nocolor.png,93a_Gourdan_GG_MB_2021_MAN_Piette_final_nocolor.png,355a_Gonn_AP_Monrepos_final_nocolor.png
6,57,241b,93b,626a,241b_Badegoule_MdP_Pr.A.png,93b_Gourdan_GG_MB_2021_MAN_Piette_final_nocolor.png,626a_Gonn_AP_Monrepos_final_nocolor.png
6,58,186b,631a,555a,186b_GG_MB_2021_MdAM_final_nocolor.png,631a_Gonn_AP_Monrepos_final_nocolor.png,555a_Gonn_AP_Monrepos_final_nocolor.png
6,59,307b,70a,241a,307b_Gonn_AP_Monrepos_final_nocolor.png,70a_Gonn_AP_Monrepos_final_nocolor.png,241a_Badegoule_MdP_Pr.A.png
6,60,226b,420b,93b,226b_Aguas_Santander_final_nocolor.png,420b_Gonn_AP_Monrepos_final_nocolor.png,93b_Gourdan_GG_MB_2021_MAN_Piette_final_nocolor.png
6,61,201a,631a,626a,201a_Peters_Graziosi 1960_final_nocolor.png,631a_Gonn_AP_Monrepos_final_nocolor.png,626a_Gonn_AP_Monrepos_final_nocolor.png
6,62,144a,420a,307a,144a_L-B_MdP_final_nocolor.png,420a_Gonn_AP_Monrepos_final_nocolor.png,307a_Gonn_AP_Monrepos_final_nocolor.png
6,63,202a,241b,226b,202a_final_nocolor.png,241b_Badegoule_MdP_Pr.A.png,226b_Aguas_Santander_final_nocolor.png
6,64,167b,360a,626a,167b_GG_MB_2021_MdAM_final_nocolor.png,360a_Gonn_AP_Monrepos_final_nocolor.png,626a_Gonn_AP_Monrepos_final_nocolor.png
6,65,201a,226a,70a,201a_Peters_Graziosi 1960_final_nocolor.png,226a_Aguas_Sant_Final_nocolor.png,70a_Gonn_AP_Monrepos_final_nocolor.png
6,66,167a,355a,370a,167a_GG_MB_2021_MdAM_final_nocolor.png,355a_Gonn_AP_Monrepos_final_nocolor.png,370a_Gonn_AP_Monrepos_final_nocolor.png
6,67,186a,431a,420a,186a_GG_MB_2021_MdAM_final_nocolor.png,431a_Gonn_AP_Monrepos_final_nocolor.png,420a_Gonn_AP_Monrepos_final_nocolor.png
6,68,202a,226a,70b,202a_final_nocolor.png,226a_Aguas_Sant_Final_nocolor.png,70b_Gonn_AP_Monrepos_final_nocolor.png
6,69,355a,370a,418a,355a_Gonn_AP_Monrepos_final_nocolor.png,370a_Gonn_AP_Monrepos_final_nocolor.png,418a_Gonn_AP_Monrepos_final_nocolor.png
6,70,420b,73b,201a,420b_Gonn_AP_Monrepos_final_nocolor.png,73b_Gonn_AP_Monrepos_final_nocolor.png,201a_Peters_Graziosi 1960_final_nocolor.png
6,71,186b,360a,202a,186b_GG_MB_2021_MdAM_final_nocolor.png,360a_Gonn_AP_Monrepos_final_nocolor.png,202a_final_nocolor.png
6,72,186a,355a,631a,186a_GG_MB_2021_MdAM_final_nocolor.png,355a_Gonn_AP_Monrepos_final_nocolor.png,631a_Gonn_AP_Monrepos_final_nocolor.png
6,73,420b,70b,241b,420b_Gonn_AP_Monrepos_final_nocolor.png,70b_Gonn_AP_Monrepos_final_nocolor.png,241b_Badegoule_MdP_Pr.A.png
6,74,360a,626a,555a,360a_Gonn_AP_Monrepos_final_nocolor.png,626a_Gonn_AP_Monrepos_final_nocolor.png,555a_Gonn_AP_Monrepos_final_nocolor.png
6,75,353a,431a,167a,353a_Gonn_AP_Monrepos_final_nocolor.png,431a_Gonn_AP_Monrepos_final_nocolor.png,167a_GG_MB_2021_MdAM_final_nocolor.png
6,76,144b,420b,84a,144b_L-B_MdP_final_nocolor.png,420b_Gonn_AP_Monrepos_final_nocolor.png,84a_Gonn_AP_Monrepos_final_nocolor.png
6,77,144a,202b,241b,144a_L-B_MdP_final_nocolor.png,202b_final_nocolor.png,241b_Badegoule_MdP_Pr.A.png
6,78,431a,70b,631a,431a_Gonn_AP_Monrepos_final_nocolor.png,70b_Gonn_AP_Monrepos_final_nocolor.png,631a_Gonn_AP_Monrepos_final_nocolor.png
6,79,360a,484a,186a,360a_Gonn_AP_Monrepos_final_nocolor.png,484a_Gonn_AP_Monrepos_final_nocolor.png,186a_GG_MB_2021_MdAM_final_nocolor.png
6,80,151a,167b,241b,151a MdA_final_nocolor.png,167b_GG_MB_2021_MdAM_final_nocolor.png,241b_Badegoule_MdP_Pr.A.png
6,81,226a,420b,307b,226a_Aguas_Sant_Final_nocolor.png,420b_Gonn_AP_Monrepos_final_nocolor.png,307b_Gonn_AP_Monrepos_final_nocolor.png
6,82,144b,93b,186a,144b_L-B_MdP_final_nocolor.png,93b_Gourdan_GG_MB_2021_MAN_Piette_final_nocolor.png,186a_GG_MB_2021_MdAM_final_nocolor.png
6,83,307a,431a,241b,307a_Gonn_AP_Monrepos_final_nocolor.png,431a_Gonn_AP_Monrepos_final_nocolor.png,241b_Badegoule_MdP_Pr.A.png
6,84,186b,370a,202a,186b_GG_MB_2021_MdAM_final_nocolor.png,370a_Gonn_AP_Monrepos_final_nocolor.png,202a_final_nocolor.png
6,85,144a,93b,555a,144a_L-B_MdP_final_nocolor.png,93b_Gourdan_GG_MB_2021_MAN_Piette_final_nocolor.png,555a_Gonn_AP_Monrepos_final_nocolor.png
6,86,167a,431a,420b,167a_GG_MB_2021_MdAM_final_nocolor.png,431a_Gonn_AP_Monrepos_final_nocolor.png,420b_Gonn_AP_Monrepos_final_nocolor.png
6,87,484a,552a,241a,484a_Gonn_AP_Monrepos_final_nocolor.png,552a_Gonn_AP_Monrepos_final_nocolor.png,241a_Badegoule_MdP_Pr.A.png
6,88,202b,93a,420a,202b_final_nocolor.png,93a_Gourdan_GG_MB_2021_MAN_Piette_final_nocolor.png,420a_Gonn_AP_Monrepos_final_nocolor.png
6,89,420b,73a,167b,420b_Gonn_AP_Monrepos_final_nocolor.png,73a_Gonn_AP_Monrepos_final_nocolor.png,167b_GG_MB_2021_MdAM_final_nocolor.png
6,90,151b,201a,355a,151b_PC_DSC00570_final_nocolor.png,201a_Peters_Graziosi 1960_final_nocolor.png,355a_Gonn_AP_Monrepos_final_nocolor.png
6,91,555a,70b,241a,555a_Gonn_AP_Monrepos_final_nocolor.png,70b_Gonn_AP_Monrepos_final_nocolor.png,241a_Badegoule_MdP_Pr.A.png
6,92,151a,226a,202a,151a MdA_final_nocolor.png,226a_Aguas_Sant_Final_nocolor.png,202a_final_nocolor.png
6,93,167a,73a,626a,167a_GG_MB_2021_MdAM_final_nocolor.png,73a_Gonn_AP_Monrepos_final_nocolor.png,626a_Gonn_AP_Monrepos_final_nocolor.png
6,94,241b,70b,355a,241b_Badegoule_MdP_Pr.A.png,70b_Gonn_AP_Monrepos_final_nocolor.png,355a_Gonn_AP_Monrepos_final_nocolor.png
6,95,370a,93b,631a,370a_Gonn_AP_Monrepos_final_nocolor.png,93b_Gourdan_GG_MB_2021_MAN_Piette_final_nocolor.png,631a_Gonn_AP_Monrepos_final_nocolor.png
6,96,167a,353a,484a,167a_GG_MB_2021_MdAM_final_nocolor.png,353a_Gonn_AP_Monrepos_final_nocolor.png,484a_Gonn_AP_Monrepos_final_nocolor.png
6,97,151a,84a,70b,151a MdA_final_nocolor.png,84a_Gonn_AP_Monrepos_final_nocolor.png,70b_Gonn_AP_Monrepos_final_nocolor.png
6,98,226b,555a,73b,226b_Aguas_Santander_final_nocolor.png,555a_Gonn_AP_Monrepos_final_nocolor.png,73b_Gonn_AP_Monrepos_final_nocolor.png
6,99,420b,73a,241a,420b_Gonn_AP_Monrepos_final_nocolor.png,73a_Gonn_AP_Monrepos_final_nocolor.png,241a_Badegoule_MdP_Pr.A.png
6,100,307a,370a,202b,307a_Gonn_AP_Monrepos_final_nocolor.png,370a_Gonn_AP_Monrepos_final_nocolor.png,202b_final_nocolor.png
6,101,226b,420a,226a,226b_Aguas_Santander_final_nocolor.png,420a_Gonn_AP_Monrepos_final_nocolor.png,226a_Aguas_Sant_Final_nocolor.png
6,102,420b,552a,202a,420b_Gonn_AP_Monrepos_final_nocolor.png,552a_Gonn_AP_Monrepos_final_nocolor.png,202a_final_nocolor.png
6,103,307b,84a,73b,307b_Gonn_AP_Monrepos_final_nocolor.png,84a_Gonn_AP_Monrepos_final_nocolor.png,73b_Gonn_AP_Monrepos_final_nocolor.png
6,104,144b,241a,167a,144b_L-B_MdP_final_nocolor.png,241a_Badegoule_MdP_Pr.A.png,167a_GG_MB_2021_MdAM_final_nocolor.png
6,105,151a,226a,420b,151a MdA_final_nocolor.png,226a_Aguas_Sant_Final_nocolor.png,420b_Gonn_AP_Monrepos_final_nocolor.png
6,106,484a,84a,70b,484a_Gonn_AP_Monrepos_final_nocolor.png,84a_Gonn_AP_Monrepos_final_nocolor.png,70b_Gonn_AP_Monrepos_final_nocolor.png
6,107,202a,241b,201a,202a_final_nocolor.png,241b_Badegoule_MdP_Pr.A.png,201a_Peters_Graziosi 1960_final_nocolor.png
6,108,420b,552a,93a,420b_Gonn_AP_Monrepos_final_nocolor.png,552a_Gonn_AP_Monrepos_final_nocolor.png,93a_Gourdan_GG_MB_2021_MAN_Piette_final_nocolor.png
6,109,167b,307a,144a,167b_GG_MB_2021_MdAM_final_nocolor.png,307a_Gonn_AP_Monrepos_final_nocolor.png,144a_L-B_MdP_final_nocolor.png
6,110,201a,626a,70b,201a_Peters_Graziosi 1960_final_nocolor.png,626a_Gonn_AP_Monrepos_final_nocolor.png,70b_Gonn_AP_Monrepos_final_nocolor.png
6,111,420a,93a,631a,420a_Gonn_AP_Monrepos_final_nocolor.png,93a_Gourdan_GG_MB_2021_MAN_Piette_final_nocolor.png,631a_Gonn_AP_Monrepos_final_nocolor.png
6,112,226a,307a,186a,226a_Aguas_Sant_Final_nocolor.png,307a_Gonn_AP_Monrepos_final_nocolor.png,186a_GG_MB_2021_MdAM_final_nocolor.png
6,113,70b,93b,241b,70b_Gonn_AP_Monrepos_final_nocolor.png,93b_Gourdan_GG_MB_2021_MAN_Piette_final_nocolor.png,241b_Badegoule_MdP_Pr.A.png
6,114,144b,631a,202b,144b_L-B_MdP_final_nocolor.png,631a_Gonn_AP_Monrepos_final_nocolor.png,202b_final_nocolor.png
6,115,226a,370a,431a,226a_Aguas_Sant_Final_nocolor.png,370a_Gonn_AP_Monrepos_final_nocolor.png,431a_Gonn_AP_Monrepos_final_nocolor.png
6,116,167a,93a,241b,167a_GG_MB_2021_MdAM_final_nocolor.png,93a_Gourdan_GG_MB_2021_MAN_Piette_final_nocolor.png,241b_Badegoule_MdP_Pr.A.png
6,117,202a,70b,226b,202a_final_nocolor.png,70b_Gonn_AP_Monrepos_final_nocolor.png,226b_Aguas_Santander_final_nocolor.png
6,118,360a,631a,226a,360a_Gonn_AP_Monrepos_final_nocolor.png,631a_Gonn_AP_Monrepos_final_nocolor.png,226a_Aguas_Sant_Final_nocolor.png
6,119,151b,167b,73b,151b_PC_DSC00570_final_nocolor.png,167b_GG_MB_2021_MdAM_final_nocolor.png,73b_Gonn_AP_Monrepos_final_nocolor.png
6,120,241a,307b,84a,241a_Badegoule_MdP_Pr.A.png,307b_Gonn_AP_Monrepos_final_nocolor.png,84a_Gonn_AP_Monrepos_final_nocolor.png
6,121,167a,418a,144a,167a_GG_MB_2021_MdAM_final_nocolor.png,418a_Gonn_AP_Monrepos_final_nocolor.png,144a_L-B_MdP_final_nocolor.png
6,122,167b,552a,355a,167b_GG_MB_2021_MdAM_final_nocolor.png,552a_Gonn_AP_Monrepos_final_nocolor.png,355a_Gonn_AP_Monrepos_final_nocolor.png
6,123,241a,631a,144b,241a_Badegoule_MdP_Pr.A.png,631a_Gonn_AP_Monrepos_final_nocolor.png,144b_L-B_MdP_final_nocolor.png
6,124,201a,418a,202b,201a_Peters_Graziosi 1960_final_nocolor.png,418a_Gonn_AP_Monrepos_final_nocolor.png,202b_final_nocolor.png
6,125,167b,202a,360a,167b_GG_MB_2021_MdAM_final_nocolor.png,202a_final_nocolor.png,360a_Gonn_AP_Monrepos_final_nocolor.png
6,126,151b,84a,241a,151b_PC_DSC00570_final_nocolor.png,84a_Gonn_AP_Monrepos_final_nocolor.png,241a_Badegoule_MdP_Pr.A.png
6,127,144b,418a,355a,144b_L-B_MdP_final_nocolor.png,418a_Gonn_AP_Monrepos_final_nocolor.png,355a_Gonn_AP_Monrepos_final_nocolor.png
6,128,202b,307a,186b,202b_final_nocolor.png,307a_Gonn_AP_Monrepos_final_nocolor.png,186b_GG_MB_2021_MdAM_final_nocolor.png
6,129,555a,73b,151a,555a_Gonn_AP_Monrepos_final_nocolor.png,73b_Gonn_AP_Monrepos_final_nocolor.png,151a MdA_final_nocolor.png
6,130,420a,70b,418a,420a_Gonn_AP_Monrepos_final_nocolor.png,70b_Gonn_AP_Monrepos_final_nocolor.png,418a_Gonn_AP_Monrepos_final_nocolor.png
6,131,241a,355a,226b,241a_Badegoule_MdP_Pr.A.png,355a_Gonn_AP_Monrepos_final_nocolor.png,226b_Aguas_Santander_final_nocolor.png
6,132,151a,552a,307b,151a MdA_final_nocolor.png,552a_Gonn_AP_Monrepos_final_nocolor.png,307b_Gonn_AP_Monrepos_final_nocolor.png
6,133,186b,202a,144a,186b_GG_MB_2021_MdAM_final_nocolor.png,202a_final_nocolor.png,144a_L-B_MdP_final_nocolor.png
6,134,73b,93a,151b,73b_Gonn_AP_Monrepos_final_nocolor.png,93a_Gourdan_GG_MB_2021_MAN_Piette_final_nocolor.png,151b_PC_DSC00570_final_nocolor.png
6,135,226b,552a,167a,226b_Aguas_Santander_final_nocolor.png,552a_Gonn_AP_Monrepos_final_nocolor.png,167a_GG_MB_2021_MdAM_final_nocolor.png
6,136,202a,241b,186a,202a_final_nocolor.png,241b_Badegoule_MdP_Pr.A.png,186a_GG_MB_2021_MdAM_final_nocolor.png
6,137,73a,93b,226a,73a_Gonn_AP_Monrepos_final_nocolor.png,93b_Gourdan_GG_MB_2021_MAN_Piette_final_nocolor.png,226a_Aguas_Sant_Final_nocolor.png
6,138,144a,555a,226b,144a_L-B_MdP_final_nocolor.png,555a_Gonn_AP_Monrepos_final_nocolor.png,226b_Aguas_Santander_final_nocolor.png
6,139,151a,186b,370a,151a MdA_final_nocolor.png,186b_GG_MB_2021_MdAM_final_nocolor.png,370a_Gonn_AP_Monrepos_final_nocolor.png
6,140,241b,93b,151b,241b_Badegoule_MdP_Pr.A.png,93b_Gourdan_GG_MB_2021_MAN_Piette_final_nocolor.png,151b_PC_DSC00570_final_nocolor.png
6,141,241a,307a,186a,241a_Badegoule_MdP_Pr.A.png,307a_Gonn_AP_Monrepos_final_nocolor.png,186a_GG_MB_2021_MdAM_final_nocolor.png
6,142,353a,370a,226a,353a_Gonn_AP_Monrepos_final_nocolor.png,370a_Gonn_AP_Monrepos_final_nocolor.png,226a_Aguas_Sant_Final_nocolor.png
6,143,420b,555a,241b,420b_Gonn_AP_Monrepos_final_nocolor.png,555a_Gonn_AP_Monrepos_final_nocolor.png,241b_Badegoule_MdP_Pr.A.png
6,144,167a,484a,226b,167a_GG_MB_2021_MdAM_final_nocolor.png,484a_Gonn_AP_Monrepos_final_nocolor.png,226b_Aguas_Santander_final_nocolor.png
6,145,186b,226a,552a,186b_GG_MB_2021_MdAM_final_nocolor.png,226a_Aguas_Sant_Final_nocolor.png,552a_Gonn_AP_Monrepos_final_nocolor.png
6,146,241b,370a,555a,241b_Badegoule_MdP_Pr.A.png,370a_Gonn_AP_Monrepos_final_nocolor.png,555a_Gonn_AP_Monrepos_final_nocolor.png
6,147,307b,355a,241a,307b_Gonn_AP_Monrepos_final_nocolor.png,355a_Gonn_AP_Monrepos_final_nocolor.png,241a_Badegoule_MdP_Pr.A.png
6,148,420b,631a,144b,420b_Gonn_AP_Monrepos_final_nocolor.png,631a_Gonn_AP_Monrepos_final_nocolor.png,144b_L-B_MdP_final_nocolor.png
6,149,167a,431a,370a,167a_GG_MB_2021_MdAM_final_nocolor.png,431a_Gonn_AP_Monrepos_final_nocolor.png,370a_Gonn_AP_Monrepos_final_nocolor.png
6,150,307b,552a,360a,307b_Gonn_AP_Monrepos_final_nocolor.png,552a_Gonn_AP_Monrepos_final_nocolor.png,360a_Gonn_AP_Monrepos_final_nocolor.png
6,151,241b,626a,307a,241b_Badegoule_MdP_Pr.A.png,626a_Gonn_AP_Monrepos_final_nocolor.png,307a_Gonn_AP_Monrepos_final_nocolor.png
6,152,431a,631a,226a,431a_Gonn_AP_Monrepos_final_nocolor.png,631a_Gonn_AP_Monrepos_final_nocolor.png,226a_Aguas_Sant_Final_nocolor.png
6,153,360a,84a,70b,360a_Gonn_AP_Monrepos_final_nocolor.png,84a_Gonn_AP_Monrepos_final_nocolor.png,70b_Gonn_AP_Monrepos_final_nocolor.png
6,154,144b,241b,70a,144b_L-B_MdP_final_nocolor.png,241b_Badegoule_MdP_Pr.A.png,70a_Gonn_AP_Monrepos_final_nocolor.png
6,155,307a,420a,73b,307a_Gonn_AP_Monrepos_final_nocolor.png,420a_Gonn_AP_Monrepos_final_nocolor.png,73b_Gonn_AP_Monrepos_final_nocolor.png
6,156,151a,186b,84a,151a MdA_final_nocolor.png,186b_GG_MB_2021_MdAM_final_nocolor.png,84a_Gonn_AP_Monrepos_final_nocolor.png
6,157,201a,552a,355a,201a_Peters_Graziosi 1960_final_nocolor.png,552a_Gonn_AP_Monrepos_final_nocolor.png,355a_Gonn_AP_Monrepos_final_nocolor.png
6,158,631a,93b,151b,631a_Gonn_AP_Monrepos_final_nocolor.png,93b_Gourdan_GG_MB_2021_MAN_Piette_final_nocolor.png,151b_PC_DSC00570_final_nocolor.png
6,159,151a,241b,186a,151a MdA_final_nocolor.png,241b_Badegoule_MdP_Pr.A.png,186a_GG_MB_2021_MdAM_final_nocolor.png
6,160,307a,420a,201a,307a_Gonn_AP_Monrepos_final_nocolor.png,420a_Gonn_AP_Monrepos_final_nocolor.png,201a_Peters_Graziosi 1960_final_nocolor.png
6,161,418a,93b,241a,418a_Gonn_AP_Monrepos_final_nocolor.png,93b_Gourdan_GG_MB_2021_MAN_Piette_final_nocolor.png,241a_Badegoule_MdP_Pr.A.png
6,162,144a,226a,202b,144a_L-B_MdP_final_nocolor.png,226a_Aguas_Sant_Final_nocolor.png,202b_final_nocolor.png
6,163,226b,70a,144b,226b_Aguas_Santander_final_nocolor.png,70a_Gonn_AP_Monrepos_final_nocolor.png,144b_L-B_MdP_final_nocolor.png
6,164,202a,360a,93b,202a_final_nocolor.png,360a_Gonn_AP_Monrepos_final_nocolor.png,93b_Gourdan_GG_MB_2021_MAN_Piette_final_nocolor.png
6,165,167a,186b,418a,167a_GG_MB_2021_MdAM_final_nocolor.png,186b_GG_MB_2021_MdAM_final_nocolor.png,418a_Gonn_AP_Monrepos_final_nocolor.png
6,166,226b,370a,144a,226b_Aguas_Santander_final_nocolor.png,370a_Gonn_AP_Monrepos_final_nocolor.png,144a_L-B_MdP_final_nocolor.png
6,167,484a,93b,226a,484a_Gonn_AP_Monrepos_final_nocolor.png,93b_Gourdan_GG_MB_2021_MAN_Piette_final_nocolor.png,226a_Aguas_Sant_Final_nocolor.png
6,168,418a,420a,202b,418a_Gonn_AP_Monrepos_final_nocolor.png,420a_Gonn_AP_Monrepos_final_nocolor.png,202b_final_nocolor.png
6,169,370a,70b,555a,370a_Gonn_AP_Monrepos_final_nocolor.png,70b_Gonn_AP_Monrepos_final_nocolor.png,555a_Gonn_AP_Monrepos_final_nocolor.png
6,170,307a,360a,93b,307a_Gonn_AP_Monrepos_final_nocolor.png,360a_Gonn_AP_Monrepos_final_nocolor.png,93b_Gourdan_GG_MB_2021_MAN_Piette_final_nocolor.png
6,171,73a,93a,226b,73a_Gonn_AP_Monrepos_final_nocolor.png,93a_Gourdan_GG_MB_2021_MAN_Piette_final_nocolor.png,226b_Aguas_Santander_final_nocolor.png
6,172,353a,70b,370a,353a_Gonn_AP_Monrepos_final_nocolor.png,70b_Gonn_AP_Monrepos_final_nocolor.png,370a_Gonn_AP_Monrepos_final_nocolor.png
6,173,202a,93b,307b,202a_final_nocolor.png,93b_Gourdan_GG_MB_2021_MAN_Piette_final_nocolor.png,307b_Gonn_AP_Monrepos_final_nocolor.png
6,174,202b,226b,151b,202b_final_nocolor.png,226b_Aguas_Santander_final_nocolor.png,151b_PC_DSC00570_final_nocolor.png
6,175,151a,555a,353a,151a MdA_final_nocolor.png,555a_Gonn_AP_Monrepos_final_nocolor.png,353a_Gonn_AP_Monrepos_final_nocolor.png
6,176,186a,70b,202a,186a_GG_MB_2021_MdAM_final_nocolor.png,70b_Gonn_AP_Monrepos_final_nocolor.png,202a_final_nocolor.png
6,177,226b,73b,144a,226b_Aguas_Santander_final_nocolor.png,73b_Gonn_AP_Monrepos_final_nocolor.png,144a_L-B_MdP_final_nocolor.png
6,178,241b,626a,370a,241b_Badegoule_MdP_Pr.A.png,626a_Gonn_AP_Monrepos_final_nocolor.png,370a_Gonn_AP_Monrepos_final_nocolor.png
6,179,73a,93a,202a,73a_Gonn_AP_Monrepos_final_nocolor.png,93a_Gourdan_GG_MB_2021_MAN_Piette_final_nocolor.png,202a_final_nocolor.png
6,180,186b,552a,84a,186b_GG_MB_2021_MdAM_final_nocolor.png,552a_Gonn_AP_Monrepos_final_nocolor.png,84a_Gonn_AP_Monrepos_final_nocolor.png
6,181,167a,73b,431a,167a_GG_MB_2021_MdAM_final_nocolor.png,73b_Gonn_AP_Monrepos_final_nocolor.png,431a_Gonn_AP_Monrepos_final_nocolor.png
6,182,555a,73a,241a,555a_Gonn_AP_Monrepos_final_nocolor.png,73a_Gonn_AP_Monrepos_final_nocolor.png,241a_Badegoule_MdP_Pr.A.png
6,183,307a,355a,552a,307a_Gonn_AP_Monrepos_final_nocolor.png,355a_Gonn_AP_Monrepos_final_nocolor.png,552a_Gonn_AP_Monrepos_final_nocolor.png
6,184,226b,93a,420a,226b_Aguas_Santander_final_nocolor.png,93a_Gourdan_GG_MB_2021_MAN_Piette_final_nocolor.png,420a_Gonn_AP_Monrepos_final_nocolor.png
6,185,631a,93b,186b,631a_Gonn_AP_Monrepos_final_nocolor.png,93b_Gourdan_GG_MB_2021_MAN_Piette_final_nocolor.png,186b_GG_MB_2021_MdAM_final_nocolor.png
6,186,201a,552a,484a,201a_Peters_Graziosi 1960_final_nocolor.png,552a_Gonn_AP_Monrepos_final_nocolor.png,484a_Gonn_AP_Monrepos_final_nocolor.png
6,187,226b,73a,418a,226b_Aguas_Santander_final_nocolor.png,73a_Gonn_AP_Monrepos_final_nocolor.png,418a_Gonn_AP_Monrepos_final_nocolor.png
6,188,241a,241b,93b,241a_Badegoule_MdP_Pr.A.png,241b_Badegoule_MdP_Pr.A.png,93b_Gourdan_GG_MB_2021_MAN_Piette_final_nocolor.png
6,189,201a,202b,151a,201a_Peters_Graziosi 1960_final_nocolor.png,202b_final_nocolor.png,151a MdA_final_nocolor.png
6,190,151b,552a,73a,151b_PC_DSC00570_final_nocolor.png,552a_Gonn_AP_Monrepos_final_nocolor.png,73a_Gonn_AP_Monrepos_final_nocolor.png
6,191,307a,93b,144b,307a_Gonn_AP_Monrepos_final_nocolor.png,93b_Gourdan_GG_MB_2021_MAN_Piette_final_nocolor.png,144b_L-B_MdP_final_nocolor.png
6,192,202b,73b,186a,202b_final_nocolor.png,73b_Gonn_AP_Monrepos_final_nocolor.png,186a_GG_MB_2021_MdAM_final_nocolor.png
6,193,420a,73a,151b,420a_Gonn_AP_Monrepos_final_nocolor.png,73a_Gonn_AP_Monrepos_final_nocolor.png,151b_PC_DSC00570_final_nocolor.png
6,194,241b,360a,431a,241b_Badegoule_MdP_Pr.A.png,360a_Gonn_AP_Monrepos_final_nocolor.png,431a_Gonn_AP_Monrepos_final_nocolor.png
6,195,144b,151a,186a,144b_L-B_MdP_final_nocolor.png,151a MdA_final_nocolor.png,186a_GG_MB_2021_MdAM_final_nocolor.png
6,196,93a,93b,151b,93a_Gourdan_GG_MB_2021_MAN_Piette_final_nocolor.png,93b_Gourdan_GG_MB_2021_MAN_Piette_final_nocolor.png,151b_PC_DSC00570_final_nocolor.png
6,197,202b,226a,241b,202b_final_nocolor.png,226a_Aguas_Sant_Final_nocolor.png,241b_Badegoule_MdP_Pr.A.png
6,198,73a,73b,418a,73a_Gonn_AP_Monrepos_final_nocolor.png,73b_Gonn_AP_Monrepos_final_nocolor.png,418a_Gonn_AP_Monrepos_final_nocolor.png
6,199,144a,93a,84a,144a_L-B_MdP_final_nocolor.png,93a_Gourdan_GG_MB_2021_MAN_Piette_final_nocolor.png,84a_Gonn_AP_Monrepos_final_nocolor.png
6,200,167b,201a,552a,167b_GG_MB_2021_MdAM_final_nocolor.png,201a_Peters_Graziosi 1960_final_nocolor.png,552a_Gonn_AP_Monrepos_final_nocolor.png
6,201,202b,355a,226b,202b_final_nocolor.png,355a_Gonn_AP_Monrepos_final_nocolor.png,226b_Aguas_Santander_final_nocolor.png
6,202,151a,186a,167a,151a MdA_final_nocolor.png,186a_GG_MB_2021_MdAM_final_nocolor.png,167a_GG_MB_2021_MdAM_final_nocolor.png
6,203,144b,353a,307b,144b_L-B_MdP_final_nocolor.png,353a_Gonn_AP_Monrepos_final_nocolor.png,307b_Gonn_AP_Monrepos_final_nocolor.png
6,204,70a,84a,226b,70a_Gonn_AP_Monrepos_final_nocolor.png,84a_Gonn_AP_Monrepos_final_nocolor.png,226b_Aguas_Santander_final_nocolor.png
6,205,420b,484a,93a,420b_Gonn_AP_Monrepos_final_nocolor.png,484a_Gonn_AP_Monrepos_final_nocolor.png,93a_Gourdan_GG_MB_2021_MAN_Piette_final_nocolor.png
6,206,167b,353a,360a,167b_GG_MB_2021_MdAM_final_nocolor.png,353a_Gonn_AP_Monrepos_final_nocolor.png,360a_Gonn_AP_Monrepos_final_nocolor.png
6,207,226a,626a,307b,226a_Aguas_Sant_Final_nocolor.png,626a_Gonn_AP_Monrepos_final_nocolor.png,307b_Gonn_AP_Monrepos_final_nocolor.png
6,208,202a,631a,431a,202a_final_nocolor.png,631a_Gonn_AP_Monrepos_final_nocolor.png,431a_Gonn_AP_Monrepos_final_nocolor.png
6,209,167b,241a,355a,167b_GG_MB_2021_MdAM_final_nocolor.png,241a_Badegoule_MdP_Pr.A.png,355a_Gonn_AP_Monrepos_final_nocolor.png
6,210,353a,420a,93a,353a_Gonn_AP_Monrepos_final_nocolor.png,420a_Gonn_AP_Monrepos_final_nocolor.png,93a_Gourdan_GG_MB_2021_MAN_Piette_final_nocolor.png
6,211,241b,484a,151b,241b_Badegoule_MdP_Pr.A.png,484a_Gonn_AP_Monrepos_final_nocolor.png,151b_PC_DSC00570_final_nocolor.png
6,212,186a,370a,93b,186a_GG_MB_2021_MdAM_final_nocolor.png,370a_Gonn_AP_Monrepos_final_nocolor.png,93b_Gourdan_GG_MB_2021_MAN_Piette_final_nocolor.png
6,213,353a,626a,226a,353a_Gonn_AP_Monrepos_final_nocolor.png,626a_Gonn_AP_Monrepos_final_nocolor.png,226a_Aguas_Sant_Final_nocolor.png
6,214,186b,241b,70a,186b_GG_MB_2021_MdAM_final_nocolor.png,241b_Badegoule_MdP_Pr.A.png,70a_Gonn_AP_Monrepos_final_nocolor.png
6,215,144a,144b,552a,144a_L-B_MdP_final_nocolor.png,144b_L-B_MdP_final_nocolor.png,552a_Gonn_AP_Monrepos_final_nocolor.png
6,216,420a,626a,226a,420a_Gonn_AP_Monrepos_final_nocolor.png,626a_Gonn_AP_Monrepos_final_nocolor.png,226a_Aguas_Sant_Final_nocolor.png
6,217,241a,307a,70a,241a_Badegoule_MdP_Pr.A.png,307a_Gonn_AP_Monrepos_final_nocolor.png,70a_Gonn_AP_Monrepos_final_nocolor.png
6,218,167a,202b,73b,167a_GG_MB_2021_MdAM_final_nocolor.png,202b_final_nocolor.png,73b_Gonn_AP_Monrepos_final_nocolor.png
6,219,355a,370a,431a,355a_Gonn_AP_Monrepos_final_nocolor.png,370a_Gonn_AP_Monrepos_final_nocolor.png,431a_Gonn_AP_Monrepos_final_nocolor.png
6,220,151b,552a,70b,151b_PC_DSC00570_final_nocolor.png,552a_Gonn_AP_Monrepos_final_nocolor.png,70b_Gonn_AP_Monrepos_final_nocolor.png
6,221,202b,484a,626a,202b_final_nocolor.png,484a_Gonn_AP_Monrepos_final_nocolor.png,626a_Gonn_AP_Monrepos_final_nocolor.png
6,222,167a,420a,420b,167a_GG_MB_2021_MdAM_final_nocolor.png,420a_Gonn_AP_Monrepos_final_nocolor.png,420b_Gonn_AP_Monrepos_final_nocolor.png
6,223,353a,70b,201a,353a_Gonn_AP_Monrepos_final_nocolor.png,70b_Gonn_AP_Monrepos_final_nocolor.png,201a_Peters_Graziosi 1960_final_nocolor.png
6,224,144b,202b,241a,144b_L-B_MdP_final_nocolor.png,202b_final_nocolor.png,241a_Badegoule_MdP_Pr.A.png
6,225,484a,631a,420a,484a_Gonn_AP_Monrepos_final_nocolor.png,631a_Gonn_AP_Monrepos_final_nocolor.png,420a_Gonn_AP_Monrepos_final_nocolor.png
6,226,201a,70a,241b,201a_Peters_Graziosi 1960_final_nocolor.png,70a_Gonn_AP_Monrepos_final_nocolor.png,241b_Badegoule_MdP_Pr.A.png
6,227,144b,226a,555a,144b_L-B_MdP_final_nocolor.png,226a_Aguas_Sant_Final_nocolor.png,555a_Gonn_AP_Monrepos_final_nocolor.png
6,228,151b,631a,70b,151b_PC_DSC00570_final_nocolor.png,631a_Gonn_AP_Monrepos_final_nocolor.png,70b_Gonn_AP_Monrepos_final_nocolor.png
6,229,241b,420b,431a,241b_Badegoule_MdP_Pr.A.png,420b_Gonn_AP_Monrepos_final_nocolor.png,431a_Gonn_AP_Monrepos_final_nocolor.png
6,230,226a,353a,307a,226a_Aguas_Sant_Final_nocolor.png,353a_Gonn_AP_Monrepos_final_nocolor.png,307a_Gonn_AP_Monrepos_final_nocolor.png
6,231,307b,484a,202a,307b_Gonn_AP_Monrepos_final_nocolor.png,484a_Gonn_AP_Monrepos_final_nocolor.png,202a_final_nocolor.png
6,232,241a,241b,84a,241a_Badegoule_MdP_Pr.A.png,241b_Badegoule_MdP_Pr.A.png,84a_Gonn_AP_Monrepos_final_nocolor.png
6,233,307a,555a,355a,307a_Gonn_AP_Monrepos_final_nocolor.png,555a_Gonn_AP_Monrepos_final_nocolor.png,355a_Gonn_AP_Monrepos_final_nocolor.png
6,234,226a,370a,420b,226a_Aguas_Sant_Final_nocolor.png,370a_Gonn_AP_Monrepos_final_nocolor.png,420b_Gonn_AP_Monrepos_final_nocolor.png
6,235,360a,70b,201a,360a_Gonn_AP_Monrepos_final_nocolor.png,70b_Gonn_AP_Monrepos_final_nocolor.png,201a_Peters_Graziosi 1960_final_nocolor.png
6,236,626a,70a,355a,626a_Gonn_AP_Monrepos_final_nocolor.png,70a_Gonn_AP_Monrepos_final_nocolor.png,355a_Gonn_AP_Monrepos_final_nocolor.png
6,237,151b,226a,226b,151b_PC_DSC00570_final_nocolor.png,226a_Aguas_Sant_Final_nocolor.png,226b_Aguas_Santander_final_nocolor.png
6,238,202a,70b,420b,202a_final_nocolor.png,70b_Gonn_AP_Monrepos_final_nocolor.png,420b_Gonn_AP_Monrepos_final_nocolor.png
6,239,167a,70a,201a,167a_GG_MB_2021_MdAM_final_nocolor.png,70a_Gonn_AP_Monrepos_final_nocolor.png,201a_Peters_Graziosi 1960_final_nocolor.png
6,240,167b,73a,307a,167b_GG_MB_2021_MdAM_final_nocolor.png,73a_Gonn_AP_Monrepos_final_nocolor.png,307a_Gonn_AP_Monrepos_final_nocolor.png
6,241,431a,631a,93a,431a_Gonn_AP_Monrepos_final_nocolor.png,631a_Gonn_AP_Monrepos_final_nocolor.png,93a_Gourdan_GG_MB_2021_MAN_Piette_final_nocolor.png
6,242,353a,70a,360a,353a_Gonn_AP_Monrepos_final_nocolor.png,70a_Gonn_AP_Monrepos_final_nocolor.png,360a_Gonn_AP_Monrepos_final_nocolor.png
6,243,144b,201a,151b,144b_L-B_MdP_final_nocolor.png,201a_Peters_Graziosi 1960_final_nocolor.png,151b_PC_DSC00570_final_nocolor.png
6,244,167a,93b,420a,167a_GG_MB_2021_MdAM_final_nocolor.png,93b_Gourdan_GG_MB_2021_MAN_Piette_final_nocolor.png,420a_Gonn_AP_Monrepos_final_nocolor.png
6,245,202b,420b,307b,202b_final_nocolor.png,420b_Gonn_AP_Monrepos_final_nocolor.png,307b_Gonn_AP_Monrepos_final_nocolor.png
6,246,201a,631a,167b,201a_Peters_Graziosi 1960_final_nocolor.png,631a_Gonn_AP_Monrepos_final_nocolor.png,167b_GG_MB_2021_MdAM_final_nocolor.png
6,247,167a,626a,151b,167a_GG_MB_2021_MdAM_final_nocolor.png,626a_Gonn_AP_Monrepos_final_nocolor.png,151b_PC_DSC00570_final_nocolor.png
6,248,202a,353a,241b,202a_final_nocolor.png,353a_Gonn_AP_Monrepos_final_nocolor.png,241b_Badegoule_MdP_Pr.A.png
6,249,186b,201a,552a,186b_GG_MB_2021_MdAM_final_nocolor.png,201a_Peters_Graziosi 1960_final_nocolor.png,552a_Gonn_AP_Monrepos_final_nocolor.png
6,250,360a,370a,167a,360a_Gonn_AP_Monrepos_final_nocolor.png,370a_Gonn_AP_Monrepos_final_nocolor.png,167a_GG_MB_2021_MdAM_final_nocolor.png
6,251,418a,555a,84a,418a_Gonn_AP_Monrepos_final_nocolor.png,555a_Gonn_AP_Monrepos_final_nocolor.png,84a_Gonn_AP_Monrepos_final_nocolor.png
6,252,151a,307b,552a,151a MdA_final_nocolor.png,307b_Gonn_AP_Monrepos_final_nocolor.png,552a_Gonn_AP_Monrepos_final_nocolor.png
6,253,151b,353a,167a,151b_PC_DSC00570_final_nocolor.png,353a_Gonn_AP_Monrepos_final_nocolor.png,167a_GG_MB_2021_MdAM_final_nocolor.png
6,254,201a,93a,144b,201a_Peters_Graziosi 1960_final_nocolor.png,93a_Gourdan_GG_MB_2021_MAN_Piette_final_nocolor.png,144b_L-B_MdP_final_nocolor.png
6,255,370a,552a,84a,370a_Gonn_AP_Monrepos_final_nocolor.png,552a_Gonn_AP_Monrepos_final_nocolor.png,84a_Gonn_AP_Monrepos_final_nocolor.png
6,256,226b,241a,353a,226b_Aguas_Santander_final_nocolor.png,241a_Badegoule_MdP_Pr.A.png,353a_Gonn_AP_Monrepos_final_nocolor.png
6,257,202b,73a,151a,202b_final_nocolor.png,73a_Gonn_AP_Monrepos_final_nocolor.png,151a MdA_final_nocolor.png
6,258,370a,552a,167b,370a_Gonn_AP_Monrepos_final_nocolor.png,552a_Gonn_AP_Monrepos_final_nocolor.png,167b_GG_MB_2021_MdAM_final_nocolor.png
6,259,144b,70b,353a,144b_L-B_MdP_final_nocolor.png,70b_Gonn_AP_Monrepos_final_nocolor.png,353a_Gonn_AP_Monrepos_final_nocolor.png
6,260,167a,73a,144a,167a_GG_MB_2021_MdAM_final_nocolor.png,73a_Gonn_AP_Monrepos_final_nocolor.png,144a_L-B_MdP_final_nocolor.png
6,261,167b,307b,151b,167b_GG_MB_2021_MdAM_final_nocolor.png,307b_Gonn_AP_Monrepos_final_nocolor.png,151b_PC_DSC00570_final_nocolor.png
6,262,226b,552a,226a,226b_Aguas_Santander_final_nocolor.png,552a_Gonn_AP_Monrepos_final_nocolor.png,226a_Aguas_Sant_Final_nocolor.png
6,263,167a,202b,202a,167a_GG_MB_2021_MdAM_final_nocolor.png,202b_final_nocolor.png,202a_final_nocolor.png
6,264,167b,70b,241a,167b_GG_MB_2021_MdAM_final_nocolor.png,70b_Gonn_AP_Monrepos_final_nocolor.png,241a_Badegoule_MdP_Pr.A.png
6,265,144a,93a,552a,144a_L-B_MdP_final_nocolor.png,93a_Gourdan_GG_MB_2021_MAN_Piette_final_nocolor.png,552a_Gonn_AP_Monrepos_final_nocolor.png
6,266,202a,307b,555a,202a_final_nocolor.png,307b_Gonn_AP_Monrepos_final_nocolor.png,555a_Gonn_AP_Monrepos_final_nocolor.png
6,267,202b,360a,84a,202b_final_nocolor.png,360a_Gonn_AP_Monrepos_final_nocolor.png,84a_Gonn_AP_Monrepos_final_nocolor.png
6,268,167a,93b,552a,167a_GG_MB_2021_MdAM_final_nocolor.png,93b_Gourdan_GG_MB_2021_MAN_Piette_final_nocolor.png,552a_Gonn_AP_Monrepos_final_nocolor.png
6,269,353a,431a,307b,353a_Gonn_AP_Monrepos_final_nocolor.png,431a_Gonn_AP_Monrepos_final_nocolor.png,307b_Gonn_AP_Monrepos_final_nocolor.png
6,270,241a,241b,626a,241a_Badegoule_MdP_Pr.A.png,241b_Badegoule_MdP_Pr.A.png,626a_Gonn_AP_Monrepos_final_nocolor.png
6,271,226b,370a,167a,226b_Aguas_Santander_final_nocolor.png,370a_Gonn_AP_Monrepos_final_nocolor.png,167a_GG_MB_2021_MdAM_final_nocolor.png
6,272,431a,484a,420a,431a_Gonn_AP_Monrepos_final_nocolor.png,484a_Gonn_AP_Monrepos_final_nocolor.png,420a_Gonn_AP_Monrepos_final_nocolor.png
6,273,307a,70b,420b,307a_Gonn_AP_Monrepos_final_nocolor.png,70b_Gonn_AP_Monrepos_final_nocolor.png,420b_Gonn_AP_Monrepos_final_nocolor.png
6,274,167a,370a,241a,167a_GG_MB_2021_MdAM_final_nocolor.png,370a_Gonn_AP_Monrepos_final_nocolor.png,241a_Badegoule_MdP_Pr.A.png
6,275,144a,167b,201a,144a_L-B_MdP_final_nocolor.png,167b_GG_MB_2021_MdAM_final_nocolor.png,201a_Peters_Graziosi 1960_final_nocolor.png
6,276,70b,93a,202b,70b_Gonn_AP_Monrepos_final_nocolor.png,93a_Gourdan_GG_MB_2021_MAN_Piette_final_nocolor.png,202b_final_nocolor.png
6,277,241a,73b,420a,241a_Badegoule_MdP_Pr.A.png,73b_Gonn_AP_Monrepos_final_nocolor.png,420a_Gonn_AP_Monrepos_final_nocolor.png
6,278,360a,484a,307b,360a_Gonn_AP_Monrepos_final_nocolor.png,484a_Gonn_AP_Monrepos_final_nocolor.png,307b_Gonn_AP_Monrepos_final_nocolor.png
6,279,201a,226b,151a,201a_Peters_Graziosi 1960_final_nocolor.png,226b_Aguas_Santander_final_nocolor.png,151a MdA_final_nocolor.png
6,280,355a,93a,353a,355a_Gonn_AP_Monrepos_final_nocolor.png,93a_Gourdan_GG_MB_2021_MAN_Piette_final_nocolor.png,353a_Gonn_AP_Monrepos_final_nocolor.png
6,281,241a,370a,307b,241a_Badegoule_MdP_Pr.A.png,370a_Gonn_AP_Monrepos_final_nocolor.png,307b_Gonn_AP_Monrepos_final_nocolor.png
6,282,226b,360a,167b,226b_Aguas_Santander_final_nocolor.png,360a_Gonn_AP_Monrepos_final_nocolor.png,167b_GG_MB_2021_MdAM_final_nocolor.png
6,283,484a,93a,93b,484a_Gonn_AP_Monrepos_final_nocolor.png,93a_Gourdan_GG_MB_2021_MAN_Piette_final_nocolor.png,93b_Gourdan_GG_MB_2021_MAN_Piette_final_nocolor.png
6,284,144b,418a,201a,144b_L-B_MdP_final_nocolor.png,418a_Gonn_AP_Monrepos_final_nocolor.png,201a_Peters_Graziosi 1960_final_nocolor.png
6,285,226b,307b,241a,226b_Aguas_Santander_final_nocolor.png,307b_Gonn_AP_Monrepos_final_nocolor.png,241a_Badegoule_MdP_Pr.A.png
6,286,186b,73a,431a,186b_GG_MB_2021_MdAM_final_nocolor.png,73a_Gonn_AP_Monrepos_final_nocolor.png,431a_Gonn_AP_Monrepos_final_nocolor.png
6,287,202a,420a,70a,202a_final_nocolor.png,420a_Gonn_AP_Monrepos_final_nocolor.png,70a_Gonn_AP_Monrepos_final_nocolor.png
6,288,144b,631a,186a,144b_L-B_MdP_final_nocolor.png,631a_Gonn_AP_Monrepos_final_nocolor.png,186a_GG_MB_2021_MdAM_final_nocolor.png
6,289,431a,93b,73b,431a_Gonn_AP_Monrepos_final_nocolor.png,93b_Gourdan_GG_MB_2021_MAN_Piette_final_nocolor.png,73b_Gonn_AP_Monrepos_final_nocolor.png
6,290,241b,70a,202b,241b_Badegoule_MdP_Pr.A.png,70a_Gonn_AP_Monrepos_final_nocolor.png,202b_final_nocolor.png
6,291,167b,73a,186b,167b_GG_MB_2021_MdAM_final_nocolor.png,73a_Gonn_AP_Monrepos_final_nocolor.png,186b_GG_MB_2021_MdAM_final_nocolor.png
6,292,84a,93b,73b,84a_Gonn_AP_Monrepos_final_nocolor.png,93b_Gourdan_GG_MB_2021_MAN_Piette_final_nocolor.png,73b_Gonn_AP_Monrepos_final_nocolor.png
6,293,307b,70a,144a,307b_Gonn_AP_Monrepos_final_nocolor.png,70a_Gonn_AP_Monrepos_final_nocolor.png,144a_L-B_MdP_final_nocolor.png
6,294,167b,186a,420b,167b_GG_MB_2021_MdAM_final_nocolor.png,186a_GG_MB_2021_MdAM_final_nocolor.png,420b_Gonn_AP_Monrepos_final_nocolor.png
6,295,202a,307a,552a,202a_final_nocolor.png,307a_Gonn_AP_Monrepos_final_nocolor.png,552a_Gonn_AP_Monrepos_final_nocolor.png
6,296,420a,555a,151a,420a_Gonn_AP_Monrepos_final_nocolor.png,555a_Gonn_AP_Monrepos_final_nocolor.png,151a MdA_final_nocolor.png
6,297,202b,353a,420b,202b_final_nocolor.png,353a_Gonn_AP_Monrepos_final_nocolor.png,420b_Gonn_AP_Monrepos_final_nocolor.png
6,298,241a,307b,226b,241a_Badegoule_MdP_Pr.A.png,307b_Gonn_AP_Monrepos_final_nocolor.png,226b_Aguas_Santander_final_nocolor.png
6,299,552a,73a,144a,552a_Gonn_AP_Monrepos_final_nocolor.png,73a_Gonn_AP_Monrepos_final_nocolor.png,144a_L-B_MdP_final_nocolor.png
6,300,202b,555a,626a,202b_final_nocolor.png,555a_Gonn_AP_Monrepos_final_nocolor.png,626a_Gonn_AP_Monrepos_final_nocolor.png
6,301,418a,631a,241b,418a_Gonn_AP_Monrepos_final_nocolor.png,631a_Gonn_AP_Monrepos_final_nocolor.png,241b_Badegoule_MdP_Pr.A.png
6,302,144a,93a,353a,144a_L-B_MdP_final_nocolor.png,93a_Gourdan_GG_MB_2021_MAN_Piette_final_nocolor.png,353a_Gonn_AP_Monrepos_final_nocolor.png
6,303,167a,226a,307a,167a_GG_MB_2021_MdAM_final_nocolor.png,226a_Aguas_Sant_Final_nocolor.png,307a_Gonn_AP_Monrepos_final_nocolor.png
6,304,201a,631a,484a,201a_Peters_Graziosi 1960_final_nocolor.png,631a_Gonn_AP_Monrepos_final_nocolor.png,484a_Gonn_AP_Monrepos_final_nocolor.png
6,305,202b,93b,186a,202b_final_nocolor.png,93b_Gourdan_GG_MB_2021_MAN_Piette_final_nocolor.png,186a_GG_MB_2021_MdAM_final_nocolor.png
6,306,226a,70a,93a,226a_Aguas_Sant_Final_nocolor.png,70a_Gonn_AP_Monrepos_final_nocolor.png,93a_Gourdan_GG_MB_2021_MAN_Piette_final_nocolor.png
6,307,201a,370a,70b,201a_Peters_Graziosi 1960_final_nocolor.png,370a_Gonn_AP_Monrepos_final_nocolor.png,70b_Gonn_AP_Monrepos_final_nocolor.png
6,308,186a,202a,73b,186a_GG_MB_2021_MdAM_final_nocolor.png,202a_final_nocolor.png,73b_Gonn_AP_Monrepos_final_nocolor.png
6,309,186b,93a,552a,186b_GG_MB_2021_MdAM_final_nocolor.png,93a_Gourdan_GG_MB_2021_MAN_Piette_final_nocolor.png,552a_Gonn_AP_Monrepos_final_nocolor.png
6,310,307a,70a,431a,307a_Gonn_AP_Monrepos_final_nocolor.png,70a_Gonn_AP_Monrepos_final_nocolor.png,431a_Gonn_AP_Monrepos_final_nocolor.png
6,311,151a,355a,70b,151a MdA_final_nocolor.png,355a_Gonn_AP_Monrepos_final_nocolor.png,70b_Gonn_AP_Monrepos_final_nocolor.png
6,312,226a,226b,307b,226a_Aguas_Sant_Final_nocolor.png,226b_Aguas_Santander_final_nocolor.png,307b_Gonn_AP_Monrepos_final_nocolor.png
6,313,186a,70a,144b,186a_GG_MB_2021_MdAM_final_nocolor.png,70a_Gonn_AP_Monrepos_final_nocolor.png,144b_L-B_MdP_final_nocolor.png
6,314,144a,73b,631a,144a_L-B_MdP_final_nocolor.png,73b_Gonn_AP_Monrepos_final_nocolor.png,631a_Gonn_AP_Monrepos_final_nocolor.png
6,315,307b,626a,420b,307b_Gonn_AP_Monrepos_final_nocolor.png,626a_Gonn_AP_Monrepos_final_nocolor.png,420b_Gonn_AP_Monrepos_final_nocolor.png
6,316,201a,202a,307a,201a_Peters_Graziosi 1960_final_nocolor.png,202a_final_nocolor.png,307a_Gonn_AP_Monrepos_final_nocolor.png
6,317,241a,93b,73b,241a_Badegoule_MdP_Pr.A.png,93b_Gourdan_GG_MB_2021_MAN_Piette_final_nocolor.png,73b_Gonn_AP_Monrepos_final_nocolor.png
6,318,167b,626a,186a,167b_GG_MB_2021_MdAM_final_nocolor.png,626a_Gonn_AP_Monrepos_final_nocolor.png,186a_GG_MB_2021_MdAM_final_nocolor.png
6,319,167a,186b,631a,167a_GG_MB_2021_MdAM_final_nocolor.png,186b_GG_MB_2021_MdAM_final_nocolor.png,631a_Gonn_AP_Monrepos_final_nocolor.png
6,320,226b,73b,202a,226b_Aguas_Santander_final_nocolor.png,73b_Gonn_AP_Monrepos_final_nocolor.png,202a_final_nocolor.png
6,321,201a,70a,555a,201a_Peters_Graziosi 1960_final_nocolor.png,70a_Gonn_AP_Monrepos_final_nocolor.png,555a_Gonn_AP_Monrepos_final_nocolor.png
6,322,167a,84a,241a,167a_GG_MB_2021_MdAM_final_nocolor.png,84a_Gonn_AP_Monrepos_final_nocolor.png,241a_Badegoule_MdP_Pr.A.png
6,323,355a,552a,431a,355a_Gonn_AP_Monrepos_final_nocolor.png,552a_Gonn_AP_Monrepos_final_nocolor.png,431a_Gonn_AP_Monrepos_final_nocolor.png
6,324,151b,241b,626a,151b_PC_DSC00570_final_nocolor.png,241b_Badegoule_MdP_Pr.A.png,626a_Gonn_AP_Monrepos_final_nocolor.png
6,325,144b,241a,353a,144b_L-B_MdP_final_nocolor.png,241a_Badegoule_MdP_Pr.A.png,353a_Gonn_AP_Monrepos_final_nocolor.png
6,326,186b,307b,93a,186b_GG_MB_2021_MdAM_final_nocolor.png,307b_Gonn_AP_Monrepos_final_nocolor.png,93a_Gourdan_GG_MB_2021_MAN_Piette_final_nocolor.png
6,327,186a,93b,202b,186a_GG_MB_2021_MdAM_final_nocolor.png,93b_Gourdan_GG_MB_2021_MAN_Piette_final_nocolor.png,202b_final_nocolor.png
6,328,241a,431a,84a,241a_Badegoule_MdP_Pr.A.png,431a_Gonn_AP_Monrepos_final_nocolor.png,84a_Gonn_AP_Monrepos_final_nocolor.png
6,329,307b,70b,360a,307b_Gonn_AP_Monrepos_final_nocolor.png,70b_Gonn_AP_Monrepos_final_nocolor.png,360a_Gonn_AP_Monrepos_final_nocolor.png
6,330,226b,355a,151a,226b_Aguas_Santander_final_nocolor.png,355a_Gonn_AP_Monrepos_final_nocolor.png,151a MdA_final_nocolor.png
6,331,186a,70a,93b,186a_GG_MB_2021_MdAM_final_nocolor.png,70a_Gonn_AP_Monrepos_final_nocolor.png,93b_Gourdan_GG_MB_2021_MAN_Piette_final_nocolor.png
6,332,418a,84a,144b,418a_Gonn_AP_Monrepos_final_nocolor.png,84a_Gonn_AP_Monrepos_final_nocolor.png,144b_L-B_MdP_final_nocolor.png
6,333,151b,355a,73b,151b_PC_DSC00570_final_nocolor.png,355a_Gonn_AP_Monrepos_final_nocolor.png,73b_Gonn_AP_Monrepos_final_nocolor.png
6,334,202a,353a,70a,202a_final_nocolor.png,353a_Gonn_AP_Monrepos_final_nocolor.png,70a_Gonn_AP_Monrepos_final_nocolor.png
6,335,418a,93b,144a,418a_Gonn_AP_Monrepos_final_nocolor.png,93b_Gourdan_GG_MB_2021_MAN_Piette_final_nocolor.png,144a_L-B_MdP_final_nocolor.png
6,336,360a,631a,73b,360a_Gonn_AP_Monrepos_final_nocolor.png,631a_Gonn_AP_Monrepos_final_nocolor.png,73b_Gonn_AP_Monrepos_final_nocolor.png
6,337,202b,420b,420a,202b_final_nocolor.png,420b_Gonn_AP_Monrepos_final_nocolor.png,420a_Gonn_AP_Monrepos_final_nocolor.png
6,338,186b,226b,93b,186b_GG_MB_2021_MdAM_final_nocolor.png,226b_Aguas_Santander_final_nocolor.png,93b_Gourdan_GG_MB_2021_MAN_Piette_final_nocolor.png
6,339,307a,73a,418a,307a_Gonn_AP_Monrepos_final_nocolor.png,73a_Gonn_AP_Monrepos_final_nocolor.png,418a_Gonn_AP_Monrepos_final_nocolor.png
6,340,201a,370a,186a,201a_Peters_Graziosi 1960_final_nocolor.png,370a_Gonn_AP_Monrepos_final_nocolor.png,186a_GG_MB_2021_MdAM_final_nocolor.png
6,341,144a,73b,186b,144a_L-B_MdP_final_nocolor.png,73b_Gonn_AP_Monrepos_final_nocolor.png,186b_GG_MB_2021_MdAM_final_nocolor.png
6,342,202b,241b,420b,202b_final_nocolor.png,241b_Badegoule_MdP_Pr.A.png,420b_Gonn_AP_Monrepos_final_nocolor.png
6,343,167b,93a,307b,167b_GG_MB_2021_MdAM_final_nocolor.png,93a_Gourdan_GG_MB_2021_MAN_Piette_final_nocolor.png,307b_Gonn_AP_Monrepos_final_nocolor.png
6,344,186b,201a,93b,186b_GG_MB_2021_MdAM_final_nocolor.png,201a_Peters_Graziosi 1960_final_nocolor.png,93b_Gourdan_GG_MB_2021_MAN_Piette_final_nocolor.png
6,345,202b,555a,144b,202b_final_nocolor.png,555a_Gonn_AP_Monrepos_final_nocolor.png,144b_L-B_MdP_final_nocolor.png
6,346,226a,70a,73b,226a_Aguas_Sant_Final_nocolor.png,70a_Gonn_AP_Monrepos_final_nocolor.png,73b_Gonn_AP_Monrepos_final_nocolor.png
6,347,186a,93b,420b,186a_GG_MB_2021_MdAM_final_nocolor.png,93b_Gourdan_GG_MB_2021_MAN_Piette_final_nocolor.png,420b_Gonn_AP_Monrepos_final_nocolor.png
6,348,353a,70b,631a,353a_Gonn_AP_Monrepos_final_nocolor.png,70b_Gonn_AP_Monrepos_final_nocolor.png,631a_Gonn_AP_Monrepos_final_nocolor.png
6,349,202a,70a,370a,202a_final_nocolor.png,70a_Gonn_AP_Monrepos_final_nocolor.png,370a_Gonn_AP_Monrepos_final_nocolor.png
6,350,241a,555a,360a,241a_Badegoule_MdP_Pr.A.png,555a_Gonn_AP_Monrepos_final_nocolor.png,360a_Gonn_AP_Monrepos_final_nocolor.png
6,351,144b,431a,73b,144b_L-B_MdP_final_nocolor.png,431a_Gonn_AP_Monrepos_final_nocolor.png,73b_Gonn_AP_Monrepos_final_nocolor.png
6,352,353a,370a,93b,353a_Gonn_AP_Monrepos_final_nocolor.png,370a_Gonn_AP_Monrepos_final_nocolor.png,93b_Gourdan_GG_MB_2021_MAN_Piette_final_nocolor.png
6,353,201a,70b,70a,201a_Peters_Graziosi 1960_final_nocolor.png,70b_Gonn_AP_Monrepos_final_nocolor.png,70a_Gonn_AP_Monrepos_final_nocolor.png
6,354,631a,84a,241a,631a_Gonn_AP_Monrepos_final_nocolor.png,84a_Gonn_AP_Monrepos_final_nocolor.png,241a_Badegoule_MdP_Pr.A.png
6,355,355a,552a,73b,355a_Gonn_AP_Monrepos_final_nocolor.png,552a_Gonn_AP_Monrepos_final_nocolor.png,73b_Gonn_AP_Monrepos_final_nocolor.png
6,356,144b,202a,626a,144b_L-B_MdP_final_nocolor.png,202a_final_nocolor.png,626a_Gonn_AP_Monrepos_final_nocolor.png
6,357,167a,241a,201a,167a_GG_MB_2021_MdAM_final_nocolor.png,241a_Badegoule_MdP_Pr.A.png,201a_Peters_Graziosi 1960_final_nocolor.png
6,358,307a,431a,73b,307a_Gonn_AP_Monrepos_final_nocolor.png,431a_Gonn_AP_Monrepos_final_nocolor.png,73b_Gonn_AP_Monrepos_final_nocolor.png
6,359,355a,626a,418a,355a_Gonn_AP_Monrepos_final_nocolor.png,626a_Gonn_AP_Monrepos_final_nocolor.png,418a_Gonn_AP_Monrepos_final_nocolor.png
6,360,241b,70a,202a,241b_Badegoule_MdP_Pr.A.png,70a_Gonn_AP_Monrepos_final_nocolor.png,202a_final_nocolor.png
6,361,201a,84a,353a,201a_Peters_Graziosi 1960_final_nocolor.png,84a_Gonn_AP_Monrepos_final_nocolor.png,353a_Gonn_AP_Monrepos_final_nocolor.png
6,362,226b,307b,151a,226b_Aguas_Santander_final_nocolor.png,307b_Gonn_AP_Monrepos_final_nocolor.png,151a MdA_final_nocolor.png
6,363,202b,307a,370a,202b_final_nocolor.png,307a_Gonn_AP_Monrepos_final_nocolor.png,370a_Gonn_AP_Monrepos_final_nocolor.png
6,364,360a,420a,167a,360a_Gonn_AP_Monrepos_final_nocolor.png,420a_Gonn_AP_Monrepos_final_nocolor.png,167a_GG_MB_2021_MdAM_final_nocolor.png
6,365,151a,307b,202a,151a MdA_final_nocolor.png,307b_Gonn_AP_Monrepos_final_nocolor.png,202a_final_nocolor.png
6,366,226b,73b,151b,226b_Aguas_Santander_final_nocolor.png,73b_Gonn_AP_Monrepos_final_nocolor.png,151b_PC_DSC00570_final_nocolor.png
6,367,167a,241a,73a,167a_GG_MB_2021_MdAM_final_nocolor.png,241a_Badegoule_MdP_Pr.A.png,73a_Gonn_AP_Monrepos_final_nocolor.png
6,368,307b,631a,186a,307b_Gonn_AP_Monrepos_final_nocolor.png,631a_Gonn_AP_Monrepos_final_nocolor.png,186a_GG_MB_2021_MdAM_final_nocolor.png
6,369,360a,555a,84a,360a_Gonn_AP_Monrepos_final_nocolor.png,555a_Gonn_AP_Monrepos_final_nocolor.png,84a_Gonn_AP_Monrepos_final_nocolor.png
6,370,144a,431a,241b,144a_L-B_MdP_final_nocolor.png,431a_Gonn_AP_Monrepos_final_nocolor.png,241b_Badegoule_MdP_Pr.A.png
6,371,418a,631a,186b,418a_Gonn_AP_Monrepos_final_nocolor.png,631a_Gonn_AP_Monrepos_final_nocolor.png,186b_GG_MB_2021_MdAM_final_nocolor.png
6,372,420a,626a,84a,420a_Gonn_AP_Monrepos_final_nocolor.png,626a_Gonn_AP_Monrepos_final_nocolor.png,84a_Gonn_AP_Monrepos_final_nocolor.png
6,373,186a,355a,484a,186a_GG_MB_2021_MdAM_final_nocolor.png,355a_Gonn_AP_Monrepos_final_nocolor.png,484a_Gonn_AP_Monrepos_final_nocolor.png
6,374,631a,93b,73a,631a_Gonn_AP_Monrepos_final_nocolor.png,93b_Gourdan_GG_MB_2021_MAN_Piette_final_nocolor.png,73a_Gonn_AP_Monrepos_final_nocolor.png
6,375,151a,555a,307b,151a MdA_final_nocolor.png,555a_Gonn_AP_Monrepos_final_nocolor.png,307b_Gonn_AP_Monrepos_final_nocolor.png
6,376,226a,241a,73b,226a_Aguas_Sant_Final_nocolor.png,241a_Badegoule_MdP_Pr.A.png,73b_Gonn_AP_Monrepos_final_nocolor.png
6,377,186b,420a,552a,186b_GG_MB_2021_MdAM_final_nocolor.png,420a_Gonn_AP_Monrepos_final_nocolor.png,552a_Gonn_AP_Monrepos_final_nocolor.png
6,378,555a,631a,241b,555a_Gonn_AP_Monrepos_final_nocolor.png,631a_Gonn_AP_Monrepos_final_nocolor.png,241b_Badegoule_MdP_Pr.A.png
6,379,226a,307b,355a,226a_Aguas_Sant_Final_nocolor.png,307b_Gonn_AP_Monrepos_final_nocolor.png,355a_Gonn_AP_Monrepos_final_nocolor.png
6,380,226b,420a,420b,226b_Aguas_Santander_final_nocolor.png,420a_Gonn_AP_Monrepos_final_nocolor.png,420b_Gonn_AP_Monrepos_final_nocolor.png
6,381,241b,73a,552a,241b_Badegoule_MdP_Pr.A.png,73a_Gonn_AP_Monrepos_final_nocolor.png,552a_Gonn_AP_Monrepos_final_nocolor.png
6,382,370a,555a,167a,370a_Gonn_AP_Monrepos_final_nocolor.png,555a_Gonn_AP_Monrepos_final_nocolor.png,167a_GG_MB_2021_MdAM_final_nocolor.png
6,383,201a,202a,631a,201a_Peters_Graziosi 1960_final_nocolor.png,202a_final_nocolor.png,631a_Gonn_AP_Monrepos_final_nocolor.png
6,384,151a,151b,431a,151a MdA_final_nocolor.png,151b_PC_DSC00570_final_nocolor.png,431a_Gonn_AP_Monrepos_final_nocolor.png
6,385,307a,93a,84a,307a_Gonn_AP_Monrepos_final_nocolor.png,93a_Gourdan_GG_MB_2021_MAN_Piette_final_nocolor.png,84a_Gonn_AP_Monrepos_final_nocolor.png
6,386,241b,93b,555a,241b_Badegoule_MdP_Pr.A.png,93b_Gourdan_GG_MB_2021_MAN_Piette_final_nocolor.png,555a_Gonn_AP_Monrepos_final_nocolor.png
6,387,186b,484a,151a,186b_GG_MB_2021_MdAM_final_nocolor.png,484a_Gonn_AP_Monrepos_final_nocolor.png,151a MdA_final_nocolor.png
6,388,202b,93a,431a,202b_final_nocolor.png,93a_Gourdan_GG_MB_2021_MAN_Piette_final_nocolor.png,431a_Gonn_AP_Monrepos_final_nocolor.png
6,389,241b,552a,73a,241b_Badegoule_MdP_Pr.A.png,552a_Gonn_AP_Monrepos_final_nocolor.png,73a_Gonn_AP_Monrepos_final_nocolor.png
6,390,186b,226b,144b,186b_GG_MB_2021_MdAM_final_nocolor.png,226b_Aguas_Santander_final_nocolor.png,144b_L-B_MdP_final_nocolor.png
6,391,355a,484a,631a,355a_Gonn_AP_Monrepos_final_nocolor.png,484a_Gonn_AP_Monrepos_final_nocolor.png,631a_Gonn_AP_Monrepos_final_nocolor.png
6,392,370a,626a,420b,370a_Gonn_AP_Monrepos_final_nocolor.png,626a_Gonn_AP_Monrepos_final_nocolor.png,420b_Gonn_AP_Monrepos_final_nocolor.png
6,393,186b,552a,93a,186b_GG_MB_2021_MdAM_final_nocolor.png,552a_Gonn_AP_Monrepos_final_nocolor.png,93a_Gourdan_GG_MB_2021_MAN_Piette_final_nocolor.png
6,394,355a,431a,241b,355a_Gonn_AP_Monrepos_final_nocolor.png,431a_Gonn_AP_Monrepos_final_nocolor.png,241b_Badegoule_MdP_Pr.A.png
6,395,226b,73a,631a,226b_Aguas_Santander_final_nocolor.png,73a_Gonn_AP_Monrepos_final_nocolor.png,631a_Gonn_AP_Monrepos_final_nocolor.png
6,396,201a,70a,418a,201a_Peters_Graziosi 1960_final_nocolor.png,70a_Gonn_AP_Monrepos_final_nocolor.png,418a_Gonn_AP_Monrepos_final_nocolor.png
6,397,241b,484a,307a,241b_Badegoule_MdP_Pr.A.png,484a_Gonn_AP_Monrepos_final_nocolor.png,307a_Gonn_AP_Monrepos_final_nocolor.png
6,398,167b,355a,202b,167b_GG_MB_2021_MdAM_final_nocolor.png,355a_Gonn_AP_Monrepos_final_nocolor.png,202b_final_nocolor.png
6,399,631a,73b,226a,631a_Gonn_AP_Monrepos_final_nocolor.png,73b_Gonn_AP_Monrepos_final_nocolor.png,226a_Aguas_Sant_Final_nocolor.png
6,400,144a,353a,70b,144a_L-B_MdP_final_nocolor.png,353a_Gonn_AP_Monrepos_final_nocolor.png,70b_Gonn_AP_Monrepos_final_nocolor.png
6,401,202a,355a,241b,202a_final_nocolor.png,355a_Gonn_AP_Monrepos_final_nocolor.png,241b_Badegoule_MdP_Pr.A.png
6,402,420a,552a,631a,420a_Gonn_AP_Monrepos_final_nocolor.png,552a_Gonn_AP_Monrepos_final_nocolor.png,631a_Gonn_AP_Monrepos_final_nocolor.png
6,403,186a,370a,144a,186a_GG_MB_2021_MdAM_final_nocolor.png,370a_Gonn_AP_Monrepos_final_nocolor.png,144a_L-B_MdP_final_nocolor.png
6,404,353a,418a,93b,353a_Gonn_AP_Monrepos_final_nocolor.png,418a_Gonn_AP_Monrepos_final_nocolor.png,93b_Gourdan_GG_MB_2021_MAN_Piette_final_nocolor.png
6,405,241b,552a,431a,241b_Badegoule_MdP_Pr.A.png,552a_Gonn_AP_Monrepos_final_nocolor.png,431a_Gonn_AP_Monrepos_final_nocolor.png
6,406,73b,84a,631a,73b_Gonn_AP_Monrepos_final_nocolor.png,84a_Gonn_AP_Monrepos_final_nocolor.png,631a_Gonn_AP_Monrepos_final_nocolor.png
6,407,307b,70a,167b,307b_Gonn_AP_Monrepos_final_nocolor.png,70a_Gonn_AP_Monrepos_final_nocolor.png,167b_GG_MB_2021_MdAM_final_nocolor.png
6,408,186b,241b,360a,186b_GG_MB_2021_MdAM_final_nocolor.png,241b_Badegoule_MdP_Pr.A.png,360a_Gonn_AP_Monrepos_final_nocolor.png
6,409,552a,555a,431a,552a_Gonn_AP_Monrepos_final_nocolor.png,555a_Gonn_AP_Monrepos_final_nocolor.png,431a_Gonn_AP_Monrepos_final_nocolor.png
6,410,226b,370a,167b,226b_Aguas_Santander_final_nocolor.png,370a_Gonn_AP_Monrepos_final_nocolor.png,167b_GG_MB_2021_MdAM_final_nocolor.png
6,411,144a,151a,93a,144a_L-B_MdP_final_nocolor.png,151a MdA_final_nocolor.png,93a_Gourdan_GG_MB_2021_MAN_Piette_final_nocolor.png
6,412,353a,420b,70b,353a_Gonn_AP_Monrepos_final_nocolor.png,420b_Gonn_AP_Monrepos_final_nocolor.png,70b_Gonn_AP_Monrepos_final_nocolor.png
6,413,167b,552a,201a,167b_GG_MB_2021_MdAM_final_nocolor.png,552a_Gonn_AP_Monrepos_final_nocolor.png,201a_Peters_Graziosi 1960_final_nocolor.png
6,414,241a,360a,93a,241a_Badegoule_MdP_Pr.A.png,360a_Gonn_AP_Monrepos_final_nocolor.png,93a_Gourdan_GG_MB_2021_MAN_Piette_final_nocolor.png
6,415,144b,420b,151a,144b_L-B_MdP_final_nocolor.png,420b_Gonn_AP_Monrepos_final_nocolor.png,151a MdA_final_nocolor.png
6,416,370a,484a,555a,370a_Gonn_AP_Monrepos_final_nocolor.png,484a_Gonn_AP_Monrepos_final_nocolor.png,555a_Gonn_AP_Monrepos_final_nocolor.png
6,417,167a,241b,355a,167a_GG_MB_2021_MdAM_final_nocolor.png,241b_Badegoule_MdP_Pr.A.png,355a_Gonn_AP_Monrepos_final_nocolor.png
6,418,186b,70a,626a,186b_GG_MB_2021_MdAM_final_nocolor.png,70a_Gonn_AP_Monrepos_final_nocolor.png,626a_Gonn_AP_Monrepos_final_nocolor.png
6,419,70b,73b,370a,70b_Gonn_AP_Monrepos_final_nocolor.png,73b_Gonn_AP_Monrepos_final_nocolor.png,370a_Gonn_AP_Monrepos_final_nocolor.png
6,420,420a,552a,307b,420a_Gonn_AP_Monrepos_final_nocolor.png,552a_Gonn_AP_Monrepos_final_nocolor.png,307b_Gonn_AP_Monrepos_final_nocolor.png
6,421,144b,226a,307a,144b_L-B_MdP_final_nocolor.png,226a_Aguas_Sant_Final_nocolor.png,307a_Gonn_AP_Monrepos_final_nocolor.png
6,422,151b,431a,555a,151b_PC_DSC00570_final_nocolor.png,431a_Gonn_AP_Monrepos_final_nocolor.png,555a_Gonn_AP_Monrepos_final_nocolor.png
6,423,202a,420b,144a,202a_final_nocolor.png,420b_Gonn_AP_Monrepos_final_nocolor.png,144a_L-B_MdP_final_nocolor.png
6,424,241b,73b,241a,241b_Badegoule_MdP_Pr.A.png,73b_Gonn_AP_Monrepos_final_nocolor.png,241a_Badegoule_MdP_Pr.A.png
6,425,151b,484a,353a,151b_PC_DSC00570_final_nocolor.png,484a_Gonn_AP_Monrepos_final_nocolor.png,353a_Gonn_AP_Monrepos_final_nocolor.png
6,426,144a,202b,144b,144a_L-B_MdP_final_nocolor.png,202b_final_nocolor.png,144b_L-B_MdP_final_nocolor.png
6,427,167a,307b,360a,167a_GG_MB_2021_MdAM_final_nocolor.png,307b_Gonn_AP_Monrepos_final_nocolor.png,360a_Gonn_AP_Monrepos_final_nocolor.png
6,428,420a,84a,73a,420a_Gonn_AP_Monrepos_final_nocolor.png,84a_Gonn_AP_Monrepos_final_nocolor.png,73a_Gonn_AP_Monrepos_final_nocolor.png
7,1,186a,70a,151a,186a_GG_MB_2021_MdAM_final_nocolor.png,70a_Gonn_AP_Monrepos_final_nocolor.png,151a MdA_final_nocolor.png
7,2,201a,631a,420a,201a_Peters_Graziosi 1960_final_nocolor.png,631a_Gonn_AP_Monrepos_final_nocolor.png,420a_Gonn_AP_Monrepos_final_nocolor.png
7,3,241b,360a,418a,241b_Badegoule_MdP_Pr.A.png,360a_Gonn_AP_Monrepos_final_nocolor.png,418a_Gonn_AP_Monrepos_final_nocolor.png
7,4,370a,70a,73b,370a_Gonn_AP_Monrepos_final_nocolor.png,70a_Gonn_AP_Monrepos_final_nocolor.png,73b_Gonn_AP_Monrepos_final_nocolor.png
7,5,144b,355a,167b,144b_L-B_MdP_final_nocolor.png,355a_Gonn_AP_Monrepos_final_nocolor.png,167b_GG_MB_2021_MdAM_final_nocolor.png
7,6,186a,418a,420b,186a_GG_MB_2021_MdAM_final_nocolor.png,418a_Gonn_AP_Monrepos_final_nocolor.png,420b_Gonn_AP_Monrepos_final_nocolor.png
7,7,307a,73b,93b,307a_Gonn_AP_Monrepos_final_nocolor.png,73b_Gonn_AP_Monrepos_final_nocolor.png,93b_Gourdan_GG_MB_2021_MAN_Piette_final_nocolor.png
7,8,307b,355a,370a,307b_Gonn_AP_Monrepos_final_nocolor.png,355a_Gonn_AP_Monrepos_final_nocolor.png,370a_Gonn_AP_Monrepos_final_nocolor.png
7,9,144b,552a,151b,144b_L-B_MdP_final_nocolor.png,552a_Gonn_AP_Monrepos_final_nocolor.png,151b_PC_DSC00570_final_nocolor.png
7,10,186b,420a,93b,186b_GG_MB_2021_MdAM_final_nocolor.png,420a_Gonn_AP_Monrepos_final_nocolor.png,93b_Gourdan_GG_MB_2021_MAN_Piette_final_nocolor.png
7,11,241b,73b,484a,241b_Badegoule_MdP_Pr.A.png,73b_Gonn_AP_Monrepos_final_nocolor.png,484a_Gonn_AP_Monrepos_final_nocolor.png
7,12,307a,360a,70a,307a_Gonn_AP_Monrepos_final_nocolor.png,360a_Gonn_AP_Monrepos_final_nocolor.png,70a_Gonn_AP_Monrepos_final_nocolor.png
7,13,226a,420a,144b,226a_Aguas_Sant_Final_nocolor.png,420a_Gonn_AP_Monrepos_final_nocolor.png,144b_L-B_MdP_final_nocolor.png
7,14,73b,84a,201a,73b_Gonn_AP_Monrepos_final_nocolor.png,84a_Gonn_AP_Monrepos_final_nocolor.png,201a_Peters_Graziosi 1960_final_nocolor.png
7,15,420b,93a,186a,420b_Gonn_AP_Monrepos_final_nocolor.png,93a_Gourdan_GG_MB_2021_MAN_Piette_final_nocolor.png,186a_GG_MB_2021_MdAM_final_nocolor.png
7,16,307b,418a,484a,307b_Gonn_AP_Monrepos_final_nocolor.png,418a_Gonn_AP_Monrepos_final_nocolor.png,484a_Gonn_AP_Monrepos_final_nocolor.png
7,17,202b,70a,70b,202b_final_nocolor.png,70a_Gonn_AP_Monrepos_final_nocolor.png,70b_Gonn_AP_Monrepos_final_nocolor.png
7,18,151b,186a,151a,151b_PC_DSC00570_final_nocolor.png,186a_GG_MB_2021_MdAM_final_nocolor.png,151a MdA_final_nocolor.png
7,19,418a,93a,552a,418a_Gonn_AP_Monrepos_final_nocolor.png,93a_Gourdan_GG_MB_2021_MAN_Piette_final_nocolor.png,552a_Gonn_AP_Monrepos_final_nocolor.png
7,20,353a,420b,201a,353a_Gonn_AP_Monrepos_final_nocolor.png,420b_Gonn_AP_Monrepos_final_nocolor.png,201a_Peters_Graziosi 1960_final_nocolor.png
7,21,151b,241a,70b,151b_PC_DSC00570_final_nocolor.png,241a_Badegoule_MdP_Pr.A.png,70b_Gonn_AP_Monrepos_final_nocolor.png
7,22,355a,84a,144a,355a_Gonn_AP_Monrepos_final_nocolor.png,84a_Gonn_AP_Monrepos_final_nocolor.png,144a_L-B_MdP_final_nocolor.png
7,23,151a,167b,144b,151a MdA_final_nocolor.png,167b_GG_MB_2021_MdAM_final_nocolor.png,144b_L-B_MdP_final_nocolor.png
7,24,307a,70b,420a,307a_Gonn_AP_Monrepos_final_nocolor.png,70b_Gonn_AP_Monrepos_final_nocolor.png,420a_Gonn_AP_Monrepos_final_nocolor.png
7,25,167a,360a,186b,167a_GG_MB_2021_MdAM_final_nocolor.png,360a_Gonn_AP_Monrepos_final_nocolor.png,186b_GG_MB_2021_MdAM_final_nocolor.png
7,26,167b,418a,202b,167b_GG_MB_2021_MdAM_final_nocolor.png,418a_Gonn_AP_Monrepos_final_nocolor.png,202b_final_nocolor.png
7,27,186a,626a,201a,186a_GG_MB_2021_MdAM_final_nocolor.png,626a_Gonn_AP_Monrepos_final_nocolor.png,201a_Peters_Graziosi 1960_final_nocolor.png
7,28,420a,93b,431a,420a_Gonn_AP_Monrepos_final_nocolor.png,93b_Gourdan_GG_MB_2021_MAN_Piette_final_nocolor.png,431a_Gonn_AP_Monrepos_final_nocolor.png
7,29,484a,73b,552a,484a_Gonn_AP_Monrepos_final_nocolor.png,73b_Gonn_AP_Monrepos_final_nocolor.png,552a_Gonn_AP_Monrepos_final_nocolor.png
7,30,186b,70a,84a,186b_GG_MB_2021_MdAM_final_nocolor.png,70a_Gonn_AP_Monrepos_final_nocolor.png,84a_Gonn_AP_Monrepos_final_nocolor.png
7,31,418a,631a,151b,418a_Gonn_AP_Monrepos_final_nocolor.png,631a_Gonn_AP_Monrepos_final_nocolor.png,151b_PC_DSC00570_final_nocolor.png
7,32,370a,484a,552a,370a_Gonn_AP_Monrepos_final_nocolor.png,484a_Gonn_AP_Monrepos_final_nocolor.png,552a_Gonn_AP_Monrepos_final_nocolor.png
7,33,186b,226b,201a,186b_GG_MB_2021_MdAM_final_nocolor.png,226b_Aguas_Santander_final_nocolor.png,201a_Peters_Graziosi 1960_final_nocolor.png
7,34,360a,73a,167b,360a_Gonn_AP_Monrepos_final_nocolor.png,73a_Gonn_AP_Monrepos_final_nocolor.png,167b_GG_MB_2021_MdAM_final_nocolor.png
7,35,144b,151a,151b,144b_L-B_MdP_final_nocolor.png,151a MdA_final_nocolor.png,151b_PC_DSC00570_final_nocolor.png
7,36,555a,73b,202a,555a_Gonn_AP_Monrepos_final_nocolor.png,73b_Gonn_AP_Monrepos_final_nocolor.png,202a_final_nocolor.png
7,37,360a,93b,202b,360a_Gonn_AP_Monrepos_final_nocolor.png,93b_Gourdan_GG_MB_2021_MAN_Piette_final_nocolor.png,202b_final_nocolor.png
7,38,431a,552a,484a,431a_Gonn_AP_Monrepos_final_nocolor.png,552a_Gonn_AP_Monrepos_final_nocolor.png,484a_Gonn_AP_Monrepos_final_nocolor.png
7,39,201a,307b,626a,201a_Peters_Graziosi 1960_final_nocolor.png,307b_Gonn_AP_Monrepos_final_nocolor.png,626a_Gonn_AP_Monrepos_final_nocolor.png
7,40,167a,202a,631a,167a_GG_MB_2021_MdAM_final_nocolor.png,202a_final_nocolor.png,631a_Gonn_AP_Monrepos_final_nocolor.png
7,41,186a,241a,418a,186a_GG_MB_2021_MdAM_final_nocolor.png,241a_Badegoule_MdP_Pr.A.png,418a_Gonn_AP_Monrepos_final_nocolor.png
7,42,307a,70b,626a,307a_Gonn_AP_Monrepos_final_nocolor.png,70b_Gonn_AP_Monrepos_final_nocolor.png,626a_Gonn_AP_Monrepos_final_nocolor.png
7,43,144b,202a,552a,144b_L-B_MdP_final_nocolor.png,202a_final_nocolor.png,552a_Gonn_AP_Monrepos_final_nocolor.png
7,44,186b,420b,418a,186b_GG_MB_2021_MdAM_final_nocolor.png,420b_Gonn_AP_Monrepos_final_nocolor.png,418a_Gonn_AP_Monrepos_final_nocolor.png
7,45,167a,70a,73b,167a_GG_MB_2021_MdAM_final_nocolor.png,70a_Gonn_AP_Monrepos_final_nocolor.png,73b_Gonn_AP_Monrepos_final_nocolor.png
7,46,201a,241a,144b,201a_Peters_Graziosi 1960_final_nocolor.png,241a_Badegoule_MdP_Pr.A.png,144b_L-B_MdP_final_nocolor.png
7,47,151a,420b,484a,151a MdA_final_nocolor.png,420b_Gonn_AP_Monrepos_final_nocolor.png,484a_Gonn_AP_Monrepos_final_nocolor.png
7,48,202a,431a,226a,202a_final_nocolor.png,431a_Gonn_AP_Monrepos_final_nocolor.png,226a_Aguas_Sant_Final_nocolor.png
7,49,241a,626a,418a,241a_Badegoule_MdP_Pr.A.png,626a_Gonn_AP_Monrepos_final_nocolor.png,418a_Gonn_AP_Monrepos_final_nocolor.png
7,50,167b,370a,93a,167b_GG_MB_2021_MdAM_final_nocolor.png,370a_Gonn_AP_Monrepos_final_nocolor.png,93a_Gourdan_GG_MB_2021_MAN_Piette_final_nocolor.png
7,51,151b,431a,144a,151b_PC_DSC00570_final_nocolor.png,431a_Gonn_AP_Monrepos_final_nocolor.png,144a_L-B_MdP_final_nocolor.png
7,52,202a,70b,626a,202a_final_nocolor.png,70b_Gonn_AP_Monrepos_final_nocolor.png,626a_Gonn_AP_Monrepos_final_nocolor.png
7,53,360a,93b,93a,360a_Gonn_AP_Monrepos_final_nocolor.png,93b_Gourdan_GG_MB_2021_MAN_Piette_final_nocolor.png,93a_Gourdan_GG_MB_2021_MAN_Piette_final_nocolor.png
7,54,167b,307b,144a,167b_GG_MB_2021_MdAM_final_nocolor.png,307b_Gonn_AP_Monrepos_final_nocolor.png,144a_L-B_MdP_final_nocolor.png
7,55,202a,73a,420b,202a_final_nocolor.png,73a_Gonn_AP_Monrepos_final_nocolor.png,420b_Gonn_AP_Monrepos_final_nocolor.png
7,56,201a,70a,431a,201a_Peters_Graziosi 1960_final_nocolor.png,70a_Gonn_AP_Monrepos_final_nocolor.png,431a_Gonn_AP_Monrepos_final_nocolor.png
7,57,360a,484a,552a,360a_Gonn_AP_Monrepos_final_nocolor.png,484a_Gonn_AP_Monrepos_final_nocolor.png,552a_Gonn_AP_Monrepos_final_nocolor.png
7,58,202a,631a,84a,202a_final_nocolor.png,631a_Gonn_AP_Monrepos_final_nocolor.png,84a_Gonn_AP_Monrepos_final_nocolor.png
7,59,186b,201a,73b,186b_GG_MB_2021_MdAM_final_nocolor.png,201a_Peters_Graziosi 1960_final_nocolor.png,73b_Gonn_AP_Monrepos_final_nocolor.png
7,60,420b,70b,226a,420b_Gonn_AP_Monrepos_final_nocolor.png,70b_Gonn_AP_Monrepos_final_nocolor.png,226a_Aguas_Sant_Final_nocolor.png
7,61,151a,241b,202a,151a MdA_final_nocolor.png,241b_Badegoule_MdP_Pr.A.png,202a_final_nocolor.png
7,62,186b,418a,70a,186b_GG_MB_2021_MdAM_final_nocolor.png,418a_Gonn_AP_Monrepos_final_nocolor.png,70a_Gonn_AP_Monrepos_final_nocolor.png
7,63,420b,431a,241a,420b_Gonn_AP_Monrepos_final_nocolor.png,431a_Gonn_AP_Monrepos_final_nocolor.png,241a_Badegoule_MdP_Pr.A.png
7,64,202b,226a,226b,202b_final_nocolor.png,226a_Aguas_Sant_Final_nocolor.png,226b_Aguas_Santander_final_nocolor.png
7,65,167a,201a,144a,167a_GG_MB_2021_MdAM_final_nocolor.png,201a_Peters_Graziosi 1960_final_nocolor.png,144a_L-B_MdP_final_nocolor.png
7,66,420b,70a,431a,420b_Gonn_AP_Monrepos_final_nocolor.png,70a_Gonn_AP_Monrepos_final_nocolor.png,431a_Gonn_AP_Monrepos_final_nocolor.png
7,67,307a,360a,70b,307a_Gonn_AP_Monrepos_final_nocolor.png,360a_Gonn_AP_Monrepos_final_nocolor.png,70b_Gonn_AP_Monrepos_final_nocolor.png
7,68,355a,420a,144a,355a_Gonn_AP_Monrepos_final_nocolor.png,420a_Gonn_AP_Monrepos_final_nocolor.png,144a_L-B_MdP_final_nocolor.png
7,69,226a,420b,186b,226a_Aguas_Sant_Final_nocolor.png,420b_Gonn_AP_Monrepos_final_nocolor.png,186b_GG_MB_2021_MdAM_final_nocolor.png
7,70,202a,307a,226b,202a_final_nocolor.png,307a_Gonn_AP_Monrepos_final_nocolor.png,226b_Aguas_Santander_final_nocolor.png
7,71,144a,420a,418a,144a_L-B_MdP_final_nocolor.png,420a_Gonn_AP_Monrepos_final_nocolor.png,418a_Gonn_AP_Monrepos_final_nocolor.png
7,72,241b,555a,353a,241b_Badegoule_MdP_Pr.A.png,555a_Gonn_AP_Monrepos_final_nocolor.png,353a_Gonn_AP_Monrepos_final_nocolor.png
7,73,202a,360a,151a,202a_final_nocolor.png,360a_Gonn_AP_Monrepos_final_nocolor.png,151a MdA_final_nocolor.png
7,74,202b,631a,241a,202b_final_nocolor.png,631a_Gonn_AP_Monrepos_final_nocolor.png,241a_Badegoule_MdP_Pr.A.png
7,75,307a,70a,73b,307a_Gonn_AP_Monrepos_final_nocolor.png,70a_Gonn_AP_Monrepos_final_nocolor.png,73b_Gonn_AP_Monrepos_final_nocolor.png
7,76,186b,202a,226b,186b_GG_MB_2021_MdAM_final_nocolor.png,202a_final_nocolor.png,226b_Aguas_Santander_final_nocolor.png
7,77,241a,484a,202b,241a_Badegoule_MdP_Pr.A.png,484a_Gonn_AP_Monrepos_final_nocolor.png,202b_final_nocolor.png
7,78,144b,370a,631a,144b_L-B_MdP_final_nocolor.png,370a_Gonn_AP_Monrepos_final_nocolor.png,631a_Gonn_AP_Monrepos_final_nocolor.png
7,79,186b,420b,555a,186b_GG_MB_2021_MdAM_final_nocolor.png,420b_Gonn_AP_Monrepos_final_nocolor.png,555a_Gonn_AP_Monrepos_final_nocolor.png
7,80,151b,307b,484a,151b_PC_DSC00570_final_nocolor.png,307b_Gonn_AP_Monrepos_final_nocolor.png,484a_Gonn_AP_Monrepos_final_nocolor.png
7,81,144b,73b,70b,144b_L-B_MdP_final_nocolor.png,73b_Gonn_AP_Monrepos_final_nocolor.png,70b_Gonn_AP_Monrepos_final_nocolor.png
7,82,226b,93a,186b,226b_Aguas_Santander_final_nocolor.png,93a_Gourdan_GG_MB_2021_MAN_Piette_final_nocolor.png,186b_GG_MB_2021_MdAM_final_nocolor.png
7,83,420a,484a,167a,420a_Gonn_AP_Monrepos_final_nocolor.png,484a_Gonn_AP_Monrepos_final_nocolor.png,167a_GG_MB_2021_MdAM_final_nocolor.png
7,84,151a,626a,420b,151a MdA_final_nocolor.png,626a_Gonn_AP_Monrepos_final_nocolor.png,420b_Gonn_AP_Monrepos_final_nocolor.png
7,85,226a,418a,73b,226a_Aguas_Sant_Final_nocolor.png,418a_Gonn_AP_Monrepos_final_nocolor.png,73b_Gonn_AP_Monrepos_final_nocolor.png
7,86,484a,70a,555a,484a_Gonn_AP_Monrepos_final_nocolor.png,70a_Gonn_AP_Monrepos_final_nocolor.png,555a_Gonn_AP_Monrepos_final_nocolor.png
7,87,353a,93b,370a,353a_Gonn_AP_Monrepos_final_nocolor.png,93b_Gourdan_GG_MB_2021_MAN_Piette_final_nocolor.png,370a_Gonn_AP_Monrepos_final_nocolor.png
7,88,186b,631a,307a,186b_GG_MB_2021_MdAM_final_nocolor.png,631a_Gonn_AP_Monrepos_final_nocolor.png,307a_Gonn_AP_Monrepos_final_nocolor.png
7,89,167b,73a,555a,167b_GG_MB_2021_MdAM_final_nocolor.png,73a_Gonn_AP_Monrepos_final_nocolor.png,555a_Gonn_AP_Monrepos_final_nocolor.png
7,90,144b,84a,93b,144b_L-B_MdP_final_nocolor.png,84a_Gonn_AP_Monrepos_final_nocolor.png,93b_Gourdan_GG_MB_2021_MAN_Piette_final_nocolor.png
7,91,151b,631a,202b,151b_PC_DSC00570_final_nocolor.png,631a_Gonn_AP_Monrepos_final_nocolor.png,202b_final_nocolor.png
7,92,186b,353a,484a,186b_GG_MB_2021_MdAM_final_nocolor.png,353a_Gonn_AP_Monrepos_final_nocolor.png,484a_Gonn_AP_Monrepos_final_nocolor.png
7,93,418a,84a,431a,418a_Gonn_AP_Monrepos_final_nocolor.png,84a_Gonn_AP_Monrepos_final_nocolor.png,431a_Gonn_AP_Monrepos_final_nocolor.png
7,94,307b,93b,226b,307b_Gonn_AP_Monrepos_final_nocolor.png,93b_Gourdan_GG_MB_2021_MAN_Piette_final_nocolor.png,226b_Aguas_Santander_final_nocolor.png
7,95,226a,307a,360a,226a_Aguas_Sant_Final_nocolor.png,307a_Gonn_AP_Monrepos_final_nocolor.png,360a_Gonn_AP_Monrepos_final_nocolor.png
7,96,418a,431a,151b,418a_Gonn_AP_Monrepos_final_nocolor.png,431a_Gonn_AP_Monrepos_final_nocolor.png,151b_PC_DSC00570_final_nocolor.png
7,97,420a,84a,241a,420a_Gonn_AP_Monrepos_final_nocolor.png,84a_Gonn_AP_Monrepos_final_nocolor.png,241a_Badegoule_MdP_Pr.A.png
7,98,226a,70a,186b,226a_Aguas_Sant_Final_nocolor.png,70a_Gonn_AP_Monrepos_final_nocolor.png,186b_GG_MB_2021_MdAM_final_nocolor.png
7,99,484a,73a,418a,484a_Gonn_AP_Monrepos_final_nocolor.png,73a_Gonn_AP_Monrepos_final_nocolor.png,418a_Gonn_AP_Monrepos_final_nocolor.png
7,100,151a,241a,431a,151a MdA_final_nocolor.png,241a_Badegoule_MdP_Pr.A.png,431a_Gonn_AP_Monrepos_final_nocolor.png
7,101,353a,84a,167a,353a_Gonn_AP_Monrepos_final_nocolor.png,84a_Gonn_AP_Monrepos_final_nocolor.png,167a_GG_MB_2021_MdAM_final_nocolor.png
7,102,151b,418a,420a,151b_PC_DSC00570_final_nocolor.png,418a_Gonn_AP_Monrepos_final_nocolor.png,420a_Gonn_AP_Monrepos_final_nocolor.png
7,103,201a,202a,355a,201a_Peters_Graziosi 1960_final_nocolor.png,202a_final_nocolor.png,355a_Gonn_AP_Monrepos_final_nocolor.png
7,104,484a,84a,307a,484a_Gonn_AP_Monrepos_final_nocolor.png,84a_Gonn_AP_Monrepos_final_nocolor.png,307a_Gonn_AP_Monrepos_final_nocolor.png
7,105,307b,70a,420a,307b_Gonn_AP_Monrepos_final_nocolor.png,70a_Gonn_AP_Monrepos_final_nocolor.png,420a_Gonn_AP_Monrepos_final_nocolor.png
7,106,144a,552a,418a,144a_L-B_MdP_final_nocolor.png,552a_Gonn_AP_Monrepos_final_nocolor.png,418a_Gonn_AP_Monrepos_final_nocolor.png
7,107,241a,84a,202b,241a_Badegoule_MdP_Pr.A.png,84a_Gonn_AP_Monrepos_final_nocolor.png,202b_final_nocolor.png
7,108,360a,484a,226b,360a_Gonn_AP_Monrepos_final_nocolor.png,484a_Gonn_AP_Monrepos_final_nocolor.png,226b_Aguas_Santander_final_nocolor.png
7,109,307a,555a,93a,307a_Gonn_AP_Monrepos_final_nocolor.png,555a_Gonn_AP_Monrepos_final_nocolor.png,93a_Gourdan_GG_MB_2021_MAN_Piette_final_nocolor.png
7,110,353a,73a,626a,353a_Gonn_AP_Monrepos_final_nocolor.png,73a_Gonn_AP_Monrepos_final_nocolor.png,626a_Gonn_AP_Monrepos_final_nocolor.png
7,111,484a,552a,93b,484a_Gonn_AP_Monrepos_final_nocolor.png,552a_Gonn_AP_Monrepos_final_nocolor.png,93b_Gourdan_GG_MB_2021_MAN_Piette_final_nocolor.png
7,112,360a,73b,84a,360a_Gonn_AP_Monrepos_final_nocolor.png,73b_Gonn_AP_Monrepos_final_nocolor.png,84a_Gonn_AP_Monrepos_final_nocolor.png
7,113,167a,420a,241a,167a_GG_MB_2021_MdAM_final_nocolor.png,420a_Gonn_AP_Monrepos_final_nocolor.png,241a_Badegoule_MdP_Pr.A.png
7,114,226b,555a,70a,226b_Aguas_Santander_final_nocolor.png,555a_Gonn_AP_Monrepos_final_nocolor.png,70a_Gonn_AP_Monrepos_final_nocolor.png
7,115,420b,84a,484a,420b_Gonn_AP_Monrepos_final_nocolor.png,84a_Gonn_AP_Monrepos_final_nocolor.png,484a_Gonn_AP_Monrepos_final_nocolor.png
7,116,167b,186a,202b,167b_GG_MB_2021_MdAM_final_nocolor.png,186a_GG_MB_2021_MdAM_final_nocolor.png,202b_final_nocolor.png
7,117,307b,626a,226a,307b_Gonn_AP_Monrepos_final_nocolor.png,626a_Gonn_AP_Monrepos_final_nocolor.png,226a_Aguas_Sant_Final_nocolor.png
7,118,360a,552a,144b,360a_Gonn_AP_Monrepos_final_nocolor.png,552a_Gonn_AP_Monrepos_final_nocolor.png,144b_L-B_MdP_final_nocolor.png
7,119,420a,70b,186a,420a_Gonn_AP_Monrepos_final_nocolor.png,70b_Gonn_AP_Monrepos_final_nocolor.png,186a_GG_MB_2021_MdAM_final_nocolor.png
7,120,201a,93a,307a,201a_Peters_Graziosi 1960_final_nocolor.png,93a_Gourdan_GG_MB_2021_MAN_Piette_final_nocolor.png,307a_Gonn_AP_Monrepos_final_nocolor.png
7,121,420b,484a,73a,420b_Gonn_AP_Monrepos_final_nocolor.png,484a_Gonn_AP_Monrepos_final_nocolor.png,73a_Gonn_AP_Monrepos_final_nocolor.png
7,122,355a,93b,307b,355a_Gonn_AP_Monrepos_final_nocolor.png,93b_Gourdan_GG_MB_2021_MAN_Piette_final_nocolor.png,307b_Gonn_AP_Monrepos_final_nocolor.png
7,123,226a,420a,241b,226a_Aguas_Sant_Final_nocolor.png,420a_Gonn_AP_Monrepos_final_nocolor.png,241b_Badegoule_MdP_Pr.A.png
7,124,201a,73a,151b,201a_Peters_Graziosi 1960_final_nocolor.png,73a_Gonn_AP_Monrepos_final_nocolor.png,151b_PC_DSC00570_final_nocolor.png
7,125,202b,93a,93b,202b_final_nocolor.png,93a_Gourdan_GG_MB_2021_MAN_Piette_final_nocolor.png,93b_Gourdan_GG_MB_2021_MAN_Piette_final_nocolor.png
7,126,144b,307b,186a,144b_L-B_MdP_final_nocolor.png,307b_Gonn_AP_Monrepos_final_nocolor.png,186a_GG_MB_2021_MdAM_final_nocolor.png
7,127,202a,626a,484a,202a_final_nocolor.png,626a_Gonn_AP_Monrepos_final_nocolor.png,484a_Gonn_AP_Monrepos_final_nocolor.png
7,128,552a,93a,167b,552a_Gonn_AP_Monrepos_final_nocolor.png,93a_Gourdan_GG_MB_2021_MAN_Piette_final_nocolor.png,167b_GG_MB_2021_MdAM_final_nocolor.png
7,129,151a,226a,241a,151a MdA_final_nocolor.png,226a_Aguas_Sant_Final_nocolor.png,241a_Badegoule_MdP_Pr.A.png
7,130,307a,73b,420b,307a_Gonn_AP_Monrepos_final_nocolor.png,73b_Gonn_AP_Monrepos_final_nocolor.png,420b_Gonn_AP_Monrepos_final_nocolor.png
7,131,202b,360a,552a,202b_final_nocolor.png,360a_Gonn_AP_Monrepos_final_nocolor.png,552a_Gonn_AP_Monrepos_final_nocolor.png
7,132,353a,70a,631a,353a_Gonn_AP_Monrepos_final_nocolor.png,70a_Gonn_AP_Monrepos_final_nocolor.png,631a_Gonn_AP_Monrepos_final_nocolor.png
7,133,420b,626a,186a,420b_Gonn_AP_Monrepos_final_nocolor.png,626a_Gonn_AP_Monrepos_final_nocolor.png,186a_GG_MB_2021_MdAM_final_nocolor.png
7,134,167a,70b,167b,167a_GG_MB_2021_MdAM_final_nocolor.png,70b_Gonn_AP_Monrepos_final_nocolor.png,167b_GG_MB_2021_MdAM_final_nocolor.png
7,135,226b,353a,151a,226b_Aguas_Santander_final_nocolor.png,353a_Gonn_AP_Monrepos_final_nocolor.png,151a MdA_final_nocolor.png
7,136,144a,73b,186a,144a_L-B_MdP_final_nocolor.png,73b_Gonn_AP_Monrepos_final_nocolor.png,186a_GG_MB_2021_MdAM_final_nocolor.png
7,137,370a,484a,84a,370a_Gonn_AP_Monrepos_final_nocolor.png,484a_Gonn_AP_Monrepos_final_nocolor.png,84a_Gonn_AP_Monrepos_final_nocolor.png
7,138,186b,420a,241b,186b_GG_MB_2021_MdAM_final_nocolor.png,420a_Gonn_AP_Monrepos_final_nocolor.png,241b_Badegoule_MdP_Pr.A.png
7,139,202b,93b,144a,202b_final_nocolor.png,93b_Gourdan_GG_MB_2021_MAN_Piette_final_nocolor.png,144a_L-B_MdP_final_nocolor.png
7,140,151b,167a,73b,151b_PC_DSC00570_final_nocolor.png,167a_GG_MB_2021_MdAM_final_nocolor.png,73b_Gonn_AP_Monrepos_final_nocolor.png
7,141,186b,307a,420b,186b_GG_MB_2021_MdAM_final_nocolor.png,307a_Gonn_AP_Monrepos_final_nocolor.png,420b_Gonn_AP_Monrepos_final_nocolor.png
7,142,144a,552a,484a,144a_L-B_MdP_final_nocolor.png,552a_Gonn_AP_Monrepos_final_nocolor.png,484a_Gonn_AP_Monrepos_final_nocolor.png
7,143,307b,73b,167b,307b_Gonn_AP_Monrepos_final_nocolor.png,73b_Gonn_AP_Monrepos_final_nocolor.png,167b_GG_MB_2021_MdAM_final_nocolor.png
7,144,70b,73a,151a,70b_Gonn_AP_Monrepos_final_nocolor.png,73a_Gonn_AP_Monrepos_final_nocolor.png,151a MdA_final_nocolor.png
7,145,484a,631a,144b,484a_Gonn_AP_Monrepos_final_nocolor.png,631a_Gonn_AP_Monrepos_final_nocolor.png,144b_L-B_MdP_final_nocolor.png
7,146,144a,307b,431a,144a_L-B_MdP_final_nocolor.png,307b_Gonn_AP_Monrepos_final_nocolor.png,431a_Gonn_AP_Monrepos_final_nocolor.png
7,147,167b,360a,552a,167b_GG_MB_2021_MdAM_final_nocolor.png,360a_Gonn_AP_Monrepos_final_nocolor.png,552a_Gonn_AP_Monrepos_final_nocolor.png
7,148,167a,418a,226a,167a_GG_MB_2021_MdAM_final_nocolor.png,418a_Gonn_AP_Monrepos_final_nocolor.png,226a_Aguas_Sant_Final_nocolor.png
7,149,241a,84a,70b,241a_Badegoule_MdP_Pr.A.png,84a_Gonn_AP_Monrepos_final_nocolor.png,70b_Gonn_AP_Monrepos_final_nocolor.png
7,150,555a,626a,370a,555a_Gonn_AP_Monrepos_final_nocolor.png,626a_Gonn_AP_Monrepos_final_nocolor.png,370a_Gonn_AP_Monrepos_final_nocolor.png
7,151,226b,73b,353a,226b_Aguas_Santander_final_nocolor.png,73b_Gonn_AP_Monrepos_final_nocolor.png,353a_Gonn_AP_Monrepos_final_nocolor.png
7,152,202a,84a,186b,202a_final_nocolor.png,84a_Gonn_AP_Monrepos_final_nocolor.png,186b_GG_MB_2021_MdAM_final_nocolor.png
7,153,307b,626a,370a,307b_Gonn_AP_Monrepos_final_nocolor.png,626a_Gonn_AP_Monrepos_final_nocolor.png,370a_Gonn_AP_Monrepos_final_nocolor.png
7,154,144b,420b,631a,144b_L-B_MdP_final_nocolor.png,420b_Gonn_AP_Monrepos_final_nocolor.png,631a_Gonn_AP_Monrepos_final_nocolor.png
7,155,431a,84a,353a,431a_Gonn_AP_Monrepos_final_nocolor.png,84a_Gonn_AP_Monrepos_final_nocolor.png,353a_Gonn_AP_Monrepos_final_nocolor.png
7,156,186a,370a,555a,186a_GG_MB_2021_MdAM_final_nocolor.png,370a_Gonn_AP_Monrepos_final_nocolor.png,555a_Gonn_AP_Monrepos_final_nocolor.png
7,157,144b,226b,73a,144b_L-B_MdP_final_nocolor.png,226b_Aguas_Santander_final_nocolor.png,73a_Gonn_AP_Monrepos_final_nocolor.png
7,158,151b,307b,186b,151b_PC_DSC00570_final_nocolor.png,307b_Gonn_AP_Monrepos_final_nocolor.png,186b_GG_MB_2021_MdAM_final_nocolor.png
7,159,360a,631a,70a,360a_Gonn_AP_Monrepos_final_nocolor.png,631a_Gonn_AP_Monrepos_final_nocolor.png,70a_Gonn_AP_Monrepos_final_nocolor.png
7,160,84a,93a,241b,84a_Gonn_AP_Monrepos_final_nocolor.png,93a_Gourdan_GG_MB_2021_MAN_Piette_final_nocolor.png,241b_Badegoule_MdP_Pr.A.png
7,161,167b,370a,353a,167b_GG_MB_2021_MdAM_final_nocolor.png,370a_Gonn_AP_Monrepos_final_nocolor.png,353a_Gonn_AP_Monrepos_final_nocolor.png
7,162,631a,73a,307a,631a_Gonn_AP_Monrepos_final_nocolor.png,73a_Gonn_AP_Monrepos_final_nocolor.png,307a_Gonn_AP_Monrepos_final_nocolor.png
7,163,167a,241a,151b,167a_GG_MB_2021_MdAM_final_nocolor.png,241a_Badegoule_MdP_Pr.A.png,151b_PC_DSC00570_final_nocolor.png
7,164,186b,355a,226a,186b_GG_MB_2021_MdAM_final_nocolor.png,355a_Gonn_AP_Monrepos_final_nocolor.png,226a_Aguas_Sant_Final_nocolor.png
7,165,307a,552a,420b,307a_Gonn_AP_Monrepos_final_nocolor.png,552a_Gonn_AP_Monrepos_final_nocolor.png,420b_Gonn_AP_Monrepos_final_nocolor.png
7,166,360a,370a,353a,360a_Gonn_AP_Monrepos_final_nocolor.png,370a_Gonn_AP_Monrepos_final_nocolor.png,353a_Gonn_AP_Monrepos_final_nocolor.png
7,167,151a,555a,226a,151a MdA_final_nocolor.png,555a_Gonn_AP_Monrepos_final_nocolor.png,226a_Aguas_Sant_Final_nocolor.png
7,168,202b,226b,418a,202b_final_nocolor.png,226b_Aguas_Santander_final_nocolor.png,418a_Gonn_AP_Monrepos_final_nocolor.png
7,169,353a,70b,186a,353a_Gonn_AP_Monrepos_final_nocolor.png,70b_Gonn_AP_Monrepos_final_nocolor.png,186a_GG_MB_2021_MdAM_final_nocolor.png
7,170,226a,355a,201a,226a_Aguas_Sant_Final_nocolor.png,355a_Gonn_AP_Monrepos_final_nocolor.png,201a_Peters_Graziosi 1960_final_nocolor.png
7,171,241a,73b,151a,241a_Badegoule_MdP_Pr.A.png,73b_Gonn_AP_Monrepos_final_nocolor.png,151a MdA_final_nocolor.png
7,172,144a,186b,151b,144a_L-B_MdP_final_nocolor.png,186b_GG_MB_2021_MdAM_final_nocolor.png,151b_PC_DSC00570_final_nocolor.png
7,173,186a,93a,226a,186a_GG_MB_2021_MdAM_final_nocolor.png,93a_Gourdan_GG_MB_2021_MAN_Piette_final_nocolor.png,226a_Aguas_Sant_Final_nocolor.png
7,174,355a,631a,84a,355a_Gonn_AP_Monrepos_final_nocolor.png,631a_Gonn_AP_Monrepos_final_nocolor.png,84a_Gonn_AP_Monrepos_final_nocolor.png
7,175,431a,93b,73a,431a_Gonn_AP_Monrepos_final_nocolor.png,93b_Gourdan_GG_MB_2021_MAN_Piette_final_nocolor.png,73a_Gonn_AP_Monrepos_final_nocolor.png
7,176,420a,555a,370a,420a_Gonn_AP_Monrepos_final_nocolor.png,555a_Gonn_AP_Monrepos_final_nocolor.png,370a_Gonn_AP_Monrepos_final_nocolor.png
7,177,144b,202b,307b,144b_L-B_MdP_final_nocolor.png,202b_final_nocolor.png,307b_Gonn_AP_Monrepos_final_nocolor.png
7,178,70a,73b,431a,70a_Gonn_AP_Monrepos_final_nocolor.png,73b_Gonn_AP_Monrepos_final_nocolor.png,431a_Gonn_AP_Monrepos_final_nocolor.png
7,179,420b,631a,552a,420b_Gonn_AP_Monrepos_final_nocolor.png,631a_Gonn_AP_Monrepos_final_nocolor.png,552a_Gonn_AP_Monrepos_final_nocolor.png
7,180,167b,70b,202a,167b_GG_MB_2021_MdAM_final_nocolor.png,70b_Gonn_AP_Monrepos_final_nocolor.png,202a_final_nocolor.png
7,181,186b,431a,370a,186b_GG_MB_2021_MdAM_final_nocolor.png,431a_Gonn_AP_Monrepos_final_nocolor.png,370a_Gonn_AP_Monrepos_final_nocolor.png
7,182,226a,626a,226b,226a_Aguas_Sant_Final_nocolor.png,626a_Gonn_AP_Monrepos_final_nocolor.png,226b_Aguas_Santander_final_nocolor.png
7,183,151a,70b,84a,151a MdA_final_nocolor.png,70b_Gonn_AP_Monrepos_final_nocolor.png,84a_Gonn_AP_Monrepos_final_nocolor.png
7,184,144b,73b,186b,144b_L-B_MdP_final_nocolor.png,73b_Gonn_AP_Monrepos_final_nocolor.png,186b_GG_MB_2021_MdAM_final_nocolor.png
7,185,241a,360a,70a,241a_Badegoule_MdP_Pr.A.png,360a_Gonn_AP_Monrepos_final_nocolor.png,70a_Gonn_AP_Monrepos_final_nocolor.png
7,186,151b,631a,167b,151b_PC_DSC00570_final_nocolor.png,631a_Gonn_AP_Monrepos_final_nocolor.png,167b_GG_MB_2021_MdAM_final_nocolor.png
7,187,353a,73b,201a,353a_Gonn_AP_Monrepos_final_nocolor.png,73b_Gonn_AP_Monrepos_final_nocolor.png,201a_Peters_Graziosi 1960_final_nocolor.png
7,188,144a,144b,360a,144a_L-B_MdP_final_nocolor.png,144b_L-B_MdP_final_nocolor.png,360a_Gonn_AP_Monrepos_final_nocolor.png
7,189,241a,418a,202a,241a_Badegoule_MdP_Pr.A.png,418a_Gonn_AP_Monrepos_final_nocolor.png,202a_final_nocolor.png
7,190,70b,93b,186a,70b_Gonn_AP_Monrepos_final_nocolor.png,93b_Gourdan_GG_MB_2021_MAN_Piette_final_nocolor.png,186a_GG_MB_2021_MdAM_final_nocolor.png
7,191,144a,420a,353a,144a_L-B_MdP_final_nocolor.png,420a_Gonn_AP_Monrepos_final_nocolor.png,353a_Gonn_AP_Monrepos_final_nocolor.png
7,192,202a,360a,93a,202a_final_nocolor.png,360a_Gonn_AP_Monrepos_final_nocolor.png,93a_Gourdan_GG_MB_2021_MAN_Piette_final_nocolor.png
7,193,70b,93b,151a,70b_Gonn_AP_Monrepos_final_nocolor.png,93b_Gourdan_GG_MB_2021_MAN_Piette_final_nocolor.png,151a MdA_final_nocolor.png
7,194,144b,241b,420a,144b_L-B_MdP_final_nocolor.png,241b_Badegoule_MdP_Pr.A.png,420a_Gonn_AP_Monrepos_final_nocolor.png
7,195,84a,93a,167a,84a_Gonn_AP_Monrepos_final_nocolor.png,93a_Gourdan_GG_MB_2021_MAN_Piette_final_nocolor.png,167a_GG_MB_2021_MdAM_final_nocolor.png
7,196,186a,70a,353a,186a_GG_MB_2021_MdAM_final_nocolor.png,70a_Gonn_AP_Monrepos_final_nocolor.png,353a_Gonn_AP_Monrepos_final_nocolor.png
7,197,144a,552a,241b,144a_L-B_MdP_final_nocolor.png,552a_Gonn_AP_Monrepos_final_nocolor.png,241b_Badegoule_MdP_Pr.A.png
7,198,144b,93a,202a,144b_L-B_MdP_final_nocolor.png,93a_Gourdan_GG_MB_2021_MAN_Piette_final_nocolor.png,202a_final_nocolor.png
7,199,353a,84a,307b,353a_Gonn_AP_Monrepos_final_nocolor.png,84a_Gonn_AP_Monrepos_final_nocolor.png,307b_Gonn_AP_Monrepos_final_nocolor.png
7,200,144a,70b,226b,144a_L-B_MdP_final_nocolor.png,70b_Gonn_AP_Monrepos_final_nocolor.png,226b_Aguas_Santander_final_nocolor.png
7,201,420a,73a,167b,420a_Gonn_AP_Monrepos_final_nocolor.png,73a_Gonn_AP_Monrepos_final_nocolor.png,167b_GG_MB_2021_MdAM_final_nocolor.png
7,202,151b,555a,353a,151b_PC_DSC00570_final_nocolor.png,555a_Gonn_AP_Monrepos_final_nocolor.png,353a_Gonn_AP_Monrepos_final_nocolor.png
7,203,226b,360a,70a,226b_Aguas_Santander_final_nocolor.png,360a_Gonn_AP_Monrepos_final_nocolor.png,70a_Gonn_AP_Monrepos_final_nocolor.png
7,204,144a,226a,420a,144a_L-B_MdP_final_nocolor.png,226a_Aguas_Sant_Final_nocolor.png,420a_Gonn_AP_Monrepos_final_nocolor.png
7,205,186b,555a,370a,186b_GG_MB_2021_MdAM_final_nocolor.png,555a_Gonn_AP_Monrepos_final_nocolor.png,370a_Gonn_AP_Monrepos_final_nocolor.png
7,206,73a,73b,241b,73a_Gonn_AP_Monrepos_final_nocolor.png,73b_Gonn_AP_Monrepos_final_nocolor.png,241b_Badegoule_MdP_Pr.A.png
7,207,167b,420a,484a,167b_GG_MB_2021_MdAM_final_nocolor.png,420a_Gonn_AP_Monrepos_final_nocolor.png,484a_Gonn_AP_Monrepos_final_nocolor.png
7,208,144b,307b,70b,144b_L-B_MdP_final_nocolor.png,307b_Gonn_AP_Monrepos_final_nocolor.png,70b_Gonn_AP_Monrepos_final_nocolor.png
7,209,73a,84a,355a,73a_Gonn_AP_Monrepos_final_nocolor.png,84a_Gonn_AP_Monrepos_final_nocolor.png,355a_Gonn_AP_Monrepos_final_nocolor.png
7,210,70a,73b,151a,70a_Gonn_AP_Monrepos_final_nocolor.png,73b_Gonn_AP_Monrepos_final_nocolor.png,151a MdA_final_nocolor.png
7,211,307b,484a,226a,307b_Gonn_AP_Monrepos_final_nocolor.png,484a_Gonn_AP_Monrepos_final_nocolor.png,226a_Aguas_Sant_Final_nocolor.png
7,212,167a,626a,418a,167a_GG_MB_2021_MdAM_final_nocolor.png,626a_Gonn_AP_Monrepos_final_nocolor.png,418a_Gonn_AP_Monrepos_final_nocolor.png
7,213,360a,631a,370a,360a_Gonn_AP_Monrepos_final_nocolor.png,631a_Gonn_AP_Monrepos_final_nocolor.png,370a_Gonn_AP_Monrepos_final_nocolor.png
7,214,144b,353a,420a,144b_L-B_MdP_final_nocolor.png,353a_Gonn_AP_Monrepos_final_nocolor.png,420a_Gonn_AP_Monrepos_final_nocolor.png
7,215,307b,73a,626a,307b_Gonn_AP_Monrepos_final_nocolor.png,73a_Gonn_AP_Monrepos_final_nocolor.png,626a_Gonn_AP_Monrepos_final_nocolor.png
7,216,202a,226b,631a,202a_final_nocolor.png,226b_Aguas_Santander_final_nocolor.png,631a_Gonn_AP_Monrepos_final_nocolor.png
7,217,151b,167a,353a,151b_PC_DSC00570_final_nocolor.png,167a_GG_MB_2021_MdAM_final_nocolor.png,353a_Gonn_AP_Monrepos_final_nocolor.png
7,218,73b,93b,73a,73b_Gonn_AP_Monrepos_final_nocolor.png,93b_Gourdan_GG_MB_2021_MAN_Piette_final_nocolor.png,73a_Gonn_AP_Monrepos_final_nocolor.png
7,219,307b,631a,226a,307b_Gonn_AP_Monrepos_final_nocolor.png,631a_Gonn_AP_Monrepos_final_nocolor.png,226a_Aguas_Sant_Final_nocolor.png
7,220,151b,355a,241b,151b_PC_DSC00570_final_nocolor.png,355a_Gonn_AP_Monrepos_final_nocolor.png,241b_Badegoule_MdP_Pr.A.png
7,221,144b,420a,420b,144b_L-B_MdP_final_nocolor.png,420a_Gonn_AP_Monrepos_final_nocolor.png,420b_Gonn_AP_Monrepos_final_nocolor.png
7,222,552a,555a,631a,552a_Gonn_AP_Monrepos_final_nocolor.png,555a_Gonn_AP_Monrepos_final_nocolor.png,631a_Gonn_AP_Monrepos_final_nocolor.png
7,223,370a,84a,73b,370a_Gonn_AP_Monrepos_final_nocolor.png,84a_Gonn_AP_Monrepos_final_nocolor.png,73b_Gonn_AP_Monrepos_final_nocolor.png
7,224,201a,226b,167a,201a_Peters_Graziosi 1960_final_nocolor.png,226b_Aguas_Santander_final_nocolor.png,167a_GG_MB_2021_MdAM_final_nocolor.png
7,225,202b,226a,552a,202b_final_nocolor.png,226a_Aguas_Sant_Final_nocolor.png,552a_Gonn_AP_Monrepos_final_nocolor.png
7,226,144a,186a,418a,144a_L-B_MdP_final_nocolor.png,186a_GG_MB_2021_MdAM_final_nocolor.png,418a_Gonn_AP_Monrepos_final_nocolor.png
7,227,151b,201a,167b,151b_PC_DSC00570_final_nocolor.png,201a_Peters_Graziosi 1960_final_nocolor.png,167b_GG_MB_2021_MdAM_final_nocolor.png
7,228,626a,70b,355a,626a_Gonn_AP_Monrepos_final_nocolor.png,70b_Gonn_AP_Monrepos_final_nocolor.png,355a_Gonn_AP_Monrepos_final_nocolor.png
7,229,226a,73a,431a,226a_Aguas_Sant_Final_nocolor.png,73a_Gonn_AP_Monrepos_final_nocolor.png,431a_Gonn_AP_Monrepos_final_nocolor.png
7,230,201a,420b,241a,201a_Peters_Graziosi 1960_final_nocolor.png,420b_Gonn_AP_Monrepos_final_nocolor.png,241a_Badegoule_MdP_Pr.A.png
7,231,355a,73b,93a,355a_Gonn_AP_Monrepos_final_nocolor.png,73b_Gonn_AP_Monrepos_final_nocolor.png,93a_Gourdan_GG_MB_2021_MAN_Piette_final_nocolor.png
7,232,626a,70a,151a,626a_Gonn_AP_Monrepos_final_nocolor.png,70a_Gonn_AP_Monrepos_final_nocolor.png,151a MdA_final_nocolor.png
7,233,151b,307a,70b,151b_PC_DSC00570_final_nocolor.png,307a_Gonn_AP_Monrepos_final_nocolor.png,70b_Gonn_AP_Monrepos_final_nocolor.png
7,234,355a,93a,420a,355a_Gonn_AP_Monrepos_final_nocolor.png,93a_Gourdan_GG_MB_2021_MAN_Piette_final_nocolor.png,420a_Gonn_AP_Monrepos_final_nocolor.png
7,235,370a,84a,626a,370a_Gonn_AP_Monrepos_final_nocolor.png,84a_Gonn_AP_Monrepos_final_nocolor.png,626a_Gonn_AP_Monrepos_final_nocolor.png
7,236,202b,418a,201a,202b_final_nocolor.png,418a_Gonn_AP_Monrepos_final_nocolor.png,201a_Peters_Graziosi 1960_final_nocolor.png
7,237,202a,73a,93b,202a_final_nocolor.png,73a_Gonn_AP_Monrepos_final_nocolor.png,93b_Gourdan_GG_MB_2021_MAN_Piette_final_nocolor.png
7,238,370a,626a,70a,370a_Gonn_AP_Monrepos_final_nocolor.png,626a_Gonn_AP_Monrepos_final_nocolor.png,70a_Gonn_AP_Monrepos_final_nocolor.png
7,239,241a,307b,418a,241a_Badegoule_MdP_Pr.A.png,307b_Gonn_AP_Monrepos_final_nocolor.png,418a_Gonn_AP_Monrepos_final_nocolor.png
7,240,202a,353a,431a,202a_final_nocolor.png,353a_Gonn_AP_Monrepos_final_nocolor.png,431a_Gonn_AP_Monrepos_final_nocolor.png
7,241,144b,201a,167b,144b_L-B_MdP_final_nocolor.png,201a_Peters_Graziosi 1960_final_nocolor.png,167b_GG_MB_2021_MdAM_final_nocolor.png
7,242,151b,70b,626a,151b_PC_DSC00570_final_nocolor.png,70b_Gonn_AP_Monrepos_final_nocolor.png,626a_Gonn_AP_Monrepos_final_nocolor.png
7,243,431a,552a,420b,431a_Gonn_AP_Monrepos_final_nocolor.png,552a_Gonn_AP_Monrepos_final_nocolor.png,420b_Gonn_AP_Monrepos_final_nocolor.png
7,244,144b,202b,418a,144b_L-B_MdP_final_nocolor.png,202b_final_nocolor.png,418a_Gonn_AP_Monrepos_final_nocolor.png
7,245,201a,631a,307a,201a_Peters_Graziosi 1960_final_nocolor.png,631a_Gonn_AP_Monrepos_final_nocolor.png,307a_Gonn_AP_Monrepos_final_nocolor.png
7,246,151a,202a,73b,151a MdA_final_nocolor.png,202a_final_nocolor.png,73b_Gonn_AP_Monrepos_final_nocolor.png
7,247,186a,418a,226b,186a_GG_MB_2021_MdAM_final_nocolor.png,418a_Gonn_AP_Monrepos_final_nocolor.png,226b_Aguas_Santander_final_nocolor.png
7,248,353a,420a,370a,353a_Gonn_AP_Monrepos_final_nocolor.png,420a_Gonn_AP_Monrepos_final_nocolor.png,370a_Gonn_AP_Monrepos_final_nocolor.png
7,249,307b,73b,70a,307b_Gonn_AP_Monrepos_final_nocolor.png,73b_Gonn_AP_Monrepos_final_nocolor.png,70a_Gonn_AP_Monrepos_final_nocolor.png
7,250,241b,555a,226b,241b_Badegoule_MdP_Pr.A.png,555a_Gonn_AP_Monrepos_final_nocolor.png,226b_Aguas_Santander_final_nocolor.png
7,251,353a,626a,167a,353a_Gonn_AP_Monrepos_final_nocolor.png,626a_Gonn_AP_Monrepos_final_nocolor.png,167a_GG_MB_2021_MdAM_final_nocolor.png
7,252,144b,73a,84a,144b_L-B_MdP_final_nocolor.png,73a_Gonn_AP_Monrepos_final_nocolor.png,84a_Gonn_AP_Monrepos_final_nocolor.png
7,253,151b,420a,202a,151b_PC_DSC00570_final_nocolor.png,420a_Gonn_AP_Monrepos_final_nocolor.png,202a_final_nocolor.png
7,254,167a,202b,201a,167a_GG_MB_2021_MdAM_final_nocolor.png,202b_final_nocolor.png,201a_Peters_Graziosi 1960_final_nocolor.png
7,255,555a,73a,226b,555a_Gonn_AP_Monrepos_final_nocolor.png,73a_Gonn_AP_Monrepos_final_nocolor.png,226b_Aguas_Santander_final_nocolor.png
7,256,151b,484a,420b,151b_PC_DSC00570_final_nocolor.png,484a_Gonn_AP_Monrepos_final_nocolor.png,420b_Gonn_AP_Monrepos_final_nocolor.png
7,257,202b,431a,353a,202b_final_nocolor.png,431a_Gonn_AP_Monrepos_final_nocolor.png,353a_Gonn_AP_Monrepos_final_nocolor.png
7,258,355a,73a,631a,355a_Gonn_AP_Monrepos_final_nocolor.png,73a_Gonn_AP_Monrepos_final_nocolor.png,631a_Gonn_AP_Monrepos_final_nocolor.png
7,259,226b,420b,241a,226b_Aguas_Santander_final_nocolor.png,420b_Gonn_AP_Monrepos_final_nocolor.png,241a_Badegoule_MdP_Pr.A.png
7,260,186b,307b,202b,186b_GG_MB_2021_MdAM_final_nocolor.png,307b_Gonn_AP_Monrepos_final_nocolor.png,202b_final_nocolor.png
7,261,144b,93b,144a,144b_L-B_MdP_final_nocolor.png,93b_Gourdan_GG_MB_2021_MAN_Piette_final_nocolor.png,144a_L-B_MdP_final_nocolor.png
7,262,226b,70b,353a,226b_Aguas_Santander_final_nocolor.png,70b_Gonn_AP_Monrepos_final_nocolor.png,353a_Gonn_AP_Monrepos_final_nocolor.png
7,263,201a,202b,73a,201a_Peters_Graziosi 1960_final_nocolor.png,202b_final_nocolor.png,73a_Gonn_AP_Monrepos_final_nocolor.png
7,264,167a,370a,420b,167a_GG_MB_2021_MdAM_final_nocolor.png,370a_Gonn_AP_Monrepos_final_nocolor.png,420b_Gonn_AP_Monrepos_final_nocolor.png
7,265,202a,360a,418a,202a_final_nocolor.png,360a_Gonn_AP_Monrepos_final_nocolor.png,418a_Gonn_AP_Monrepos_final_nocolor.png
7,266,202b,631a,226b,202b_final_nocolor.png,631a_Gonn_AP_Monrepos_final_nocolor.png,226b_Aguas_Santander_final_nocolor.png
7,267,186a,241a,420b,186a_GG_MB_2021_MdAM_final_nocolor.png,241a_Badegoule_MdP_Pr.A.png,420b_Gonn_AP_Monrepos_final_nocolor.png
7,268,151a,167a,307b,151a MdA_final_nocolor.png,167a_GG_MB_2021_MdAM_final_nocolor.png,307b_Gonn_AP_Monrepos_final_nocolor.png
7,269,418a,73a,631a,418a_Gonn_AP_Monrepos_final_nocolor.png,73a_Gonn_AP_Monrepos_final_nocolor.png,631a_Gonn_AP_Monrepos_final_nocolor.png
7,270,201a,420b,226b,201a_Peters_Graziosi 1960_final_nocolor.png,420b_Gonn_AP_Monrepos_final_nocolor.png,226b_Aguas_Santander_final_nocolor.png
7,271,151b,241a,353a,151b_PC_DSC00570_final_nocolor.png,241a_Badegoule_MdP_Pr.A.png,353a_Gonn_AP_Monrepos_final_nocolor.png
7,272,186a,360a,418a,186a_GG_MB_2021_MdAM_final_nocolor.png,360a_Gonn_AP_Monrepos_final_nocolor.png,418a_Gonn_AP_Monrepos_final_nocolor.png
7,273,202a,307a,241b,202a_final_nocolor.png,307a_Gonn_AP_Monrepos_final_nocolor.png,241b_Badegoule_MdP_Pr.A.png
7,274,307b,84a,241a,307b_Gonn_AP_Monrepos_final_nocolor.png,84a_Gonn_AP_Monrepos_final_nocolor.png,241a_Badegoule_MdP_Pr.A.png
7,275,418a,420b,631a,418a_Gonn_AP_Monrepos_final_nocolor.png,420b_Gonn_AP_Monrepos_final_nocolor.png,631a_Gonn_AP_Monrepos_final_nocolor.png
7,276,226a,353a,241b,226a_Aguas_Sant_Final_nocolor.png,353a_Gonn_AP_Monrepos_final_nocolor.png,241b_Badegoule_MdP_Pr.A.png
7,277,202a,420a,202b,202a_final_nocolor.png,420a_Gonn_AP_Monrepos_final_nocolor.png,202b_final_nocolor.png
7,278,307b,84a,418a,307b_Gonn_AP_Monrepos_final_nocolor.png,84a_Gonn_AP_Monrepos_final_nocolor.png,418a_Gonn_AP_Monrepos_final_nocolor.png
7,279,186b,70a,73a,186b_GG_MB_2021_MdAM_final_nocolor.png,70a_Gonn_AP_Monrepos_final_nocolor.png,73a_Gonn_AP_Monrepos_final_nocolor.png
7,280,355a,93a,167a,355a_Gonn_AP_Monrepos_final_nocolor.png,93a_Gourdan_GG_MB_2021_MAN_Piette_final_nocolor.png,167a_GG_MB_2021_MdAM_final_nocolor.png
7,281,307b,555a,431a,307b_Gonn_AP_Monrepos_final_nocolor.png,555a_Gonn_AP_Monrepos_final_nocolor.png,431a_Gonn_AP_Monrepos_final_nocolor.png
7,282,144a,70a,420a,144a_L-B_MdP_final_nocolor.png,70a_Gonn_AP_Monrepos_final_nocolor.png,420a_Gonn_AP_Monrepos_final_nocolor.png
7,283,626a,631a,151b,626a_Gonn_AP_Monrepos_final_nocolor.png,631a_Gonn_AP_Monrepos_final_nocolor.png,151b_PC_DSC00570_final_nocolor.png
7,284,167a,431a,70b,167a_GG_MB_2021_MdAM_final_nocolor.png,431a_Gonn_AP_Monrepos_final_nocolor.png,70b_Gonn_AP_Monrepos_final_nocolor.png
7,285,307b,552a,241b,307b_Gonn_AP_Monrepos_final_nocolor.png,552a_Gonn_AP_Monrepos_final_nocolor.png,241b_Badegoule_MdP_Pr.A.png
7,286,226b,355a,144a,226b_Aguas_Santander_final_nocolor.png,355a_Gonn_AP_Monrepos_final_nocolor.png,144a_L-B_MdP_final_nocolor.png
7,287,151b,307a,631a,151b_PC_DSC00570_final_nocolor.png,307a_Gonn_AP_Monrepos_final_nocolor.png,631a_Gonn_AP_Monrepos_final_nocolor.png
7,288,73a,93a,144b,73a_Gonn_AP_Monrepos_final_nocolor.png,93a_Gourdan_GG_MB_2021_MAN_Piette_final_nocolor.png,144b_L-B_MdP_final_nocolor.png
7,289,552a,84a,144a,552a_Gonn_AP_Monrepos_final_nocolor.png,84a_Gonn_AP_Monrepos_final_nocolor.png,144a_L-B_MdP_final_nocolor.png
7,290,201a,226a,151b,201a_Peters_Graziosi 1960_final_nocolor.png,226a_Aguas_Sant_Final_nocolor.png,151b_PC_DSC00570_final_nocolor.png
7,291,631a,73a,226b,631a_Gonn_AP_Monrepos_final_nocolor.png,73a_Gonn_AP_Monrepos_final_nocolor.png,226b_Aguas_Santander_final_nocolor.png
7,292,552a,84a,167b,552a_Gonn_AP_Monrepos_final_nocolor.png,84a_Gonn_AP_Monrepos_final_nocolor.png,167b_GG_MB_2021_MdAM_final_nocolor.png
7,293,186b,226a,307a,186b_GG_MB_2021_MdAM_final_nocolor.png,226a_Aguas_Sant_Final_nocolor.png,307a_Gonn_AP_Monrepos_final_nocolor.png
7,294,144a,355a,631a,144a_L-B_MdP_final_nocolor.png,355a_Gonn_AP_Monrepos_final_nocolor.png,631a_Gonn_AP_Monrepos_final_nocolor.png
7,295,167b,73a,431a,167b_GG_MB_2021_MdAM_final_nocolor.png,73a_Gonn_AP_Monrepos_final_nocolor.png,431a_Gonn_AP_Monrepos_final_nocolor.png
7,296,202b,70b,420b,202b_final_nocolor.png,70b_Gonn_AP_Monrepos_final_nocolor.png,420b_Gonn_AP_Monrepos_final_nocolor.png
7,297,186a,201a,418a,186a_GG_MB_2021_MdAM_final_nocolor.png,201a_Peters_Graziosi 1960_final_nocolor.png,418a_Gonn_AP_Monrepos_final_nocolor.png
7,298,167b,355a,70a,167b_GG_MB_2021_MdAM_final_nocolor.png,355a_Gonn_AP_Monrepos_final_nocolor.png,70a_Gonn_AP_Monrepos_final_nocolor.png
7,299,202a,484a,73a,202a_final_nocolor.png,484a_Gonn_AP_Monrepos_final_nocolor.png,73a_Gonn_AP_Monrepos_final_nocolor.png
7,300,241a,370a,93b,241a_Badegoule_MdP_Pr.A.png,370a_Gonn_AP_Monrepos_final_nocolor.png,93b_Gourdan_GG_MB_2021_MAN_Piette_final_nocolor.png
7,301,167b,201a,353a,167b_GG_MB_2021_MdAM_final_nocolor.png,201a_Peters_Graziosi 1960_final_nocolor.png,353a_Gonn_AP_Monrepos_final_nocolor.png
7,302,144b,552a,418a,144b_L-B_MdP_final_nocolor.png,552a_Gonn_AP_Monrepos_final_nocolor.png,418a_Gonn_AP_Monrepos_final_nocolor.png
7,303,370a,70a,626a,370a_Gonn_AP_Monrepos_final_nocolor.png,70a_Gonn_AP_Monrepos_final_nocolor.png,626a_Gonn_AP_Monrepos_final_nocolor.png
7,304,201a,93a,167a,201a_Peters_Graziosi 1960_final_nocolor.png,93a_Gourdan_GG_MB_2021_MAN_Piette_final_nocolor.png,167a_GG_MB_2021_MdAM_final_nocolor.png
7,305,144a,202b,151b,144a_L-B_MdP_final_nocolor.png,202b_final_nocolor.png,151b_PC_DSC00570_final_nocolor.png
7,306,186b,307b,93b,186b_GG_MB_2021_MdAM_final_nocolor.png,307b_Gonn_AP_Monrepos_final_nocolor.png,93b_Gourdan_GG_MB_2021_MAN_Piette_final_nocolor.png
7,307,201a,226b,73a,201a_Peters_Graziosi 1960_final_nocolor.png,226b_Aguas_Santander_final_nocolor.png,73a_Gonn_AP_Monrepos_final_nocolor.png
7,308,241a,555a,70a,241a_Badegoule_MdP_Pr.A.png,555a_Gonn_AP_Monrepos_final_nocolor.png,70a_Gonn_AP_Monrepos_final_nocolor.png
7,309,186b,307a,241b,186b_GG_MB_2021_MdAM_final_nocolor.png,307a_Gonn_AP_Monrepos_final_nocolor.png,241b_Badegoule_MdP_Pr.A.png
7,310,226a,631a,626a,226a_Aguas_Sant_Final_nocolor.png,631a_Gonn_AP_Monrepos_final_nocolor.png,626a_Gonn_AP_Monrepos_final_nocolor.png
7,311,307b,555a,202a,307b_Gonn_AP_Monrepos_final_nocolor.png,555a_Gonn_AP_Monrepos_final_nocolor.png,202a_final_nocolor.png
7,312,201a,370a,202b,201a_Peters_Graziosi 1960_final_nocolor.png,370a_Gonn_AP_Monrepos_final_nocolor.png,202b_final_nocolor.png
7,313,186b,360a,355a,186b_GG_MB_2021_MdAM_final_nocolor.png,360a_Gonn_AP_Monrepos_final_nocolor.png,355a_Gonn_AP_Monrepos_final_nocolor.png
7,314,307b,353a,151b,307b_Gonn_AP_Monrepos_final_nocolor.png,353a_Gonn_AP_Monrepos_final_nocolor.png,151b_PC_DSC00570_final_nocolor.png
7,315,144b,73a,167b,144b_L-B_MdP_final_nocolor.png,73a_Gonn_AP_Monrepos_final_nocolor.png,167b_GG_MB_2021_MdAM_final_nocolor.png
7,316,370a,70a,226a,370a_Gonn_AP_Monrepos_final_nocolor.png,70a_Gonn_AP_Monrepos_final_nocolor.png,226a_Aguas_Sant_Final_nocolor.png
7,317,201a,353a,93b,201a_Peters_Graziosi 1960_final_nocolor.png,353a_Gonn_AP_Monrepos_final_nocolor.png,93b_Gourdan_GG_MB_2021_MAN_Piette_final_nocolor.png
7,318,307a,73a,307b,307a_Gonn_AP_Monrepos_final_nocolor.png,73a_Gonn_AP_Monrepos_final_nocolor.png,307b_Gonn_AP_Monrepos_final_nocolor.png
7,319,167b,202b,84a,167b_GG_MB_2021_MdAM_final_nocolor.png,202b_final_nocolor.png,84a_Gonn_AP_Monrepos_final_nocolor.png
7,320,420b,552a,370a,420b_Gonn_AP_Monrepos_final_nocolor.png,552a_Gonn_AP_Monrepos_final_nocolor.png,370a_Gonn_AP_Monrepos_final_nocolor.png
7,321,151b,167a,307b,151b_PC_DSC00570_final_nocolor.png,167a_GG_MB_2021_MdAM_final_nocolor.png,307b_Gonn_AP_Monrepos_final_nocolor.png
7,322,241a,355a,307a,241a_Badegoule_MdP_Pr.A.png,355a_Gonn_AP_Monrepos_final_nocolor.png,307a_Gonn_AP_Monrepos_final_nocolor.png
7,323,552a,84a,418a,552a_Gonn_AP_Monrepos_final_nocolor.png,84a_Gonn_AP_Monrepos_final_nocolor.png,418a_Gonn_AP_Monrepos_final_nocolor.png
7,324,144a,73a,167a,144a_L-B_MdP_final_nocolor.png,73a_Gonn_AP_Monrepos_final_nocolor.png,167a_GG_MB_2021_MdAM_final_nocolor.png
7,325,167b,201a,202b,167b_GG_MB_2021_MdAM_final_nocolor.png,201a_Peters_Graziosi 1960_final_nocolor.png,202b_final_nocolor.png
7,326,307b,84a,370a,307b_Gonn_AP_Monrepos_final_nocolor.png,84a_Gonn_AP_Monrepos_final_nocolor.png,370a_Gonn_AP_Monrepos_final_nocolor.png
7,327,167a,420a,418a,167a_GG_MB_2021_MdAM_final_nocolor.png,420a_Gonn_AP_Monrepos_final_nocolor.png,418a_Gonn_AP_Monrepos_final_nocolor.png
7,328,202b,241b,631a,202b_final_nocolor.png,241b_Badegoule_MdP_Pr.A.png,631a_Gonn_AP_Monrepos_final_nocolor.png
7,329,307a,552a,186a,307a_Gonn_AP_Monrepos_final_nocolor.png,552a_Gonn_AP_Monrepos_final_nocolor.png,186a_GG_MB_2021_MdAM_final_nocolor.png
7,330,144a,241a,420a,144a_L-B_MdP_final_nocolor.png,241a_Badegoule_MdP_Pr.A.png,420a_Gonn_AP_Monrepos_final_nocolor.png
7,331,418a,70b,70a,418a_Gonn_AP_Monrepos_final_nocolor.png,70b_Gonn_AP_Monrepos_final_nocolor.png,70a_Gonn_AP_Monrepos_final_nocolor.png
7,332,226a,241b,431a,226a_Aguas_Sant_Final_nocolor.png,241b_Badegoule_MdP_Pr.A.png,431a_Gonn_AP_Monrepos_final_nocolor.png
7,333,151b,353a,484a,151b_PC_DSC00570_final_nocolor.png,353a_Gonn_AP_Monrepos_final_nocolor.png,484a_Gonn_AP_Monrepos_final_nocolor.png
7,334,552a,93b,151a,552a_Gonn_AP_Monrepos_final_nocolor.png,93b_Gourdan_GG_MB_2021_MAN_Piette_final_nocolor.png,151a MdA_final_nocolor.png
7,335,144a,631a,202a,144a_L-B_MdP_final_nocolor.png,631a_Gonn_AP_Monrepos_final_nocolor.png,202a_final_nocolor.png
7,336,226b,353a,84a,226b_Aguas_Santander_final_nocolor.png,353a_Gonn_AP_Monrepos_final_nocolor.png,84a_Gonn_AP_Monrepos_final_nocolor.png
7,337,186b,360a,370a,186b_GG_MB_2021_MdAM_final_nocolor.png,360a_Gonn_AP_Monrepos_final_nocolor.png,370a_Gonn_AP_Monrepos_final_nocolor.png
7,338,151b,93b,144a,151b_PC_DSC00570_final_nocolor.png,93b_Gourdan_GG_MB_2021_MAN_Piette_final_nocolor.png,144a_L-B_MdP_final_nocolor.png
7,339,626a,84a,631a,626a_Gonn_AP_Monrepos_final_nocolor.png,84a_Gonn_AP_Monrepos_final_nocolor.png,631a_Gonn_AP_Monrepos_final_nocolor.png
7,340,202a,420a,144b,202a_final_nocolor.png,420a_Gonn_AP_Monrepos_final_nocolor.png,144b_L-B_MdP_final_nocolor.png
7,341,144a,307b,93a,144a_L-B_MdP_final_nocolor.png,307b_Gonn_AP_Monrepos_final_nocolor.png,93a_Gourdan_GG_MB_2021_MAN_Piette_final_nocolor.png
7,342,151b,73a,418a,151b_PC_DSC00570_final_nocolor.png,73a_Gonn_AP_Monrepos_final_nocolor.png,418a_Gonn_AP_Monrepos_final_nocolor.png
7,343,144b,186b,307a,144b_L-B_MdP_final_nocolor.png,186b_GG_MB_2021_MdAM_final_nocolor.png,307a_Gonn_AP_Monrepos_final_nocolor.png
7,344,241a,93a,226a,241a_Badegoule_MdP_Pr.A.png,93a_Gourdan_GG_MB_2021_MAN_Piette_final_nocolor.png,226a_Aguas_Sant_Final_nocolor.png
7,345,226b,555a,151b,226b_Aguas_Santander_final_nocolor.png,555a_Gonn_AP_Monrepos_final_nocolor.png,151b_PC_DSC00570_final_nocolor.png
7,346,73a,73b,201a,73a_Gonn_AP_Monrepos_final_nocolor.png,73b_Gonn_AP_Monrepos_final_nocolor.png,201a_Peters_Graziosi 1960_final_nocolor.png
7,347,307a,93a,167a,307a_Gonn_AP_Monrepos_final_nocolor.png,93a_Gourdan_GG_MB_2021_MAN_Piette_final_nocolor.png,167a_GG_MB_2021_MdAM_final_nocolor.png
7,348,202b,555a,70b,202b_final_nocolor.png,555a_Gonn_AP_Monrepos_final_nocolor.png,70b_Gonn_AP_Monrepos_final_nocolor.png
7,349,626a,631a,241a,626a_Gonn_AP_Monrepos_final_nocolor.png,631a_Gonn_AP_Monrepos_final_nocolor.png,241a_Badegoule_MdP_Pr.A.png
7,350,353a,93a,370a,353a_Gonn_AP_Monrepos_final_nocolor.png,93a_Gourdan_GG_MB_2021_MAN_Piette_final_nocolor.png,370a_Gonn_AP_Monrepos_final_nocolor.png
7,351,355a,70b,186a,355a_Gonn_AP_Monrepos_final_nocolor.png,70b_Gonn_AP_Monrepos_final_nocolor.png,186a_GG_MB_2021_MdAM_final_nocolor.png
7,352,202b,555a,151b,202b_final_nocolor.png,555a_Gonn_AP_Monrepos_final_nocolor.png,151b_PC_DSC00570_final_nocolor.png
7,353,353a,631a,241b,353a_Gonn_AP_Monrepos_final_nocolor.png,631a_Gonn_AP_Monrepos_final_nocolor.png,241b_Badegoule_MdP_Pr.A.png
7,354,202a,355a,307b,202a_final_nocolor.png,355a_Gonn_AP_Monrepos_final_nocolor.png,307b_Gonn_AP_Monrepos_final_nocolor.png
7,355,552a,84a,93b,552a_Gonn_AP_Monrepos_final_nocolor.png,84a_Gonn_AP_Monrepos_final_nocolor.png,93b_Gourdan_GG_MB_2021_MAN_Piette_final_nocolor.png
7,356,167a,353a,201a,167a_GG_MB_2021_MdAM_final_nocolor.png,353a_Gonn_AP_Monrepos_final_nocolor.png,201a_Peters_Graziosi 1960_final_nocolor.png
7,357,226a,420b,418a,226a_Aguas_Sant_Final_nocolor.png,420b_Gonn_AP_Monrepos_final_nocolor.png,418a_Gonn_AP_Monrepos_final_nocolor.png
7,358,144b,307b,307a,144b_L-B_MdP_final_nocolor.png,307b_Gonn_AP_Monrepos_final_nocolor.png,307a_Gonn_AP_Monrepos_final_nocolor.png
7,359,226b,93a,552a,226b_Aguas_Santander_final_nocolor.png,93a_Gourdan_GG_MB_2021_MAN_Piette_final_nocolor.png,552a_Gonn_AP_Monrepos_final_nocolor.png
7,360,226a,631a,73b,226a_Aguas_Sant_Final_nocolor.png,631a_Gonn_AP_Monrepos_final_nocolor.png,73b_Gonn_AP_Monrepos_final_nocolor.png
7,361,420a,420b,484a,420a_Gonn_AP_Monrepos_final_nocolor.png,420b_Gonn_AP_Monrepos_final_nocolor.png,484a_Gonn_AP_Monrepos_final_nocolor.png
7,362,226b,418a,73a,226b_Aguas_Santander_final_nocolor.png,418a_Gonn_AP_Monrepos_final_nocolor.png,73a_Gonn_AP_Monrepos_final_nocolor.png
7,363,70b,73b,226a,70b_Gonn_AP_Monrepos_final_nocolor.png,73b_Gonn_AP_Monrepos_final_nocolor.png,226a_Aguas_Sant_Final_nocolor.png
7,364,186b,420b,93a,186b_GG_MB_2021_MdAM_final_nocolor.png,420b_Gonn_AP_Monrepos_final_nocolor.png,93a_Gourdan_GG_MB_2021_MAN_Piette_final_nocolor.png
7,365,201a,241b,202a,201a_Peters_Graziosi 1960_final_nocolor.png,241b_Badegoule_MdP_Pr.A.png,202a_final_nocolor.png
7,366,307a,418a,555a,307a_Gonn_AP_Monrepos_final_nocolor.png,418a_Gonn_AP_Monrepos_final_nocolor.png,555a_Gonn_AP_Monrepos_final_nocolor.png
7,367,151b,552a,307b,151b_PC_DSC00570_final_nocolor.png,552a_Gonn_AP_Monrepos_final_nocolor.png,307b_Gonn_AP_Monrepos_final_nocolor.png
7,368,226b,70b,420a,226b_Aguas_Santander_final_nocolor.png,70b_Gonn_AP_Monrepos_final_nocolor.png,420a_Gonn_AP_Monrepos_final_nocolor.png
7,369,226a,73b,144a,226a_Aguas_Sant_Final_nocolor.png,73b_Gonn_AP_Monrepos_final_nocolor.png,144a_L-B_MdP_final_nocolor.png
7,370,626a,93a,418a,626a_Gonn_AP_Monrepos_final_nocolor.png,93a_Gourdan_GG_MB_2021_MAN_Piette_final_nocolor.png,418a_Gonn_AP_Monrepos_final_nocolor.png
7,371,144b,151b,420a,144b_L-B_MdP_final_nocolor.png,151b_PC_DSC00570_final_nocolor.png,420a_Gonn_AP_Monrepos_final_nocolor.png
7,372,167b,70b,73b,167b_GG_MB_2021_MdAM_final_nocolor.png,70b_Gonn_AP_Monrepos_final_nocolor.png,73b_Gonn_AP_Monrepos_final_nocolor.png
7,373,226b,360a,93a,226b_Aguas_Santander_final_nocolor.png,360a_Gonn_AP_Monrepos_final_nocolor.png,93a_Gourdan_GG_MB_2021_MAN_Piette_final_nocolor.png
7,374,201a,84a,420b,201a_Peters_Graziosi 1960_final_nocolor.png,84a_Gonn_AP_Monrepos_final_nocolor.png,420b_Gonn_AP_Monrepos_final_nocolor.png
7,375,167a,552a,144a,167a_GG_MB_2021_MdAM_final_nocolor.png,552a_Gonn_AP_Monrepos_final_nocolor.png,144a_L-B_MdP_final_nocolor.png
7,376,186a,631a,226b,186a_GG_MB_2021_MdAM_final_nocolor.png,631a_Gonn_AP_Monrepos_final_nocolor.png,226b_Aguas_Santander_final_nocolor.png
7,377,201a,307b,167b,201a_Peters_Graziosi 1960_final_nocolor.png,307b_Gonn_AP_Monrepos_final_nocolor.png,167b_GG_MB_2021_MdAM_final_nocolor.png
7,378,370a,73b,144a,370a_Gonn_AP_Monrepos_final_nocolor.png,73b_Gonn_AP_Monrepos_final_nocolor.png,144a_L-B_MdP_final_nocolor.png
7,379,420a,70a,626a,420a_Gonn_AP_Monrepos_final_nocolor.png,70a_Gonn_AP_Monrepos_final_nocolor.png,626a_Gonn_AP_Monrepos_final_nocolor.png
7,380,167a,93a,201a,167a_GG_MB_2021_MdAM_final_nocolor.png,93a_Gourdan_GG_MB_2021_MAN_Piette_final_nocolor.png,201a_Peters_Graziosi 1960_final_nocolor.png
7,381,307b,552a,93b,307b_Gonn_AP_Monrepos_final_nocolor.png,552a_Gonn_AP_Monrepos_final_nocolor.png,93b_Gourdan_GG_MB_2021_MAN_Piette_final_nocolor.png
7,382,241b,431a,307a,241b_Badegoule_MdP_Pr.A.png,431a_Gonn_AP_Monrepos_final_nocolor.png,307a_Gonn_AP_Monrepos_final_nocolor.png
7,383,144a,484a,167a,144a_L-B_MdP_final_nocolor.png,484a_Gonn_AP_Monrepos_final_nocolor.png,167a_GG_MB_2021_MdAM_final_nocolor.png
7,384,241a,307b,353a,241a_Badegoule_MdP_Pr.A.png,307b_Gonn_AP_Monrepos_final_nocolor.png,353a_Gonn_AP_Monrepos_final_nocolor.png
7,385,186b,241b,201a,186b_GG_MB_2021_MdAM_final_nocolor.png,241b_Badegoule_MdP_Pr.A.png,201a_Peters_Graziosi 1960_final_nocolor.png
7,386,418a,73a,420a,418a_Gonn_AP_Monrepos_final_nocolor.png,73a_Gonn_AP_Monrepos_final_nocolor.png,420a_Gonn_AP_Monrepos_final_nocolor.png
7,387,241a,431a,360a,241a_Badegoule_MdP_Pr.A.png,431a_Gonn_AP_Monrepos_final_nocolor.png,360a_Gonn_AP_Monrepos_final_nocolor.png
7,388,186b,307b,484a,186b_GG_MB_2021_MdAM_final_nocolor.png,307b_Gonn_AP_Monrepos_final_nocolor.png,484a_Gonn_AP_Monrepos_final_nocolor.png
7,389,201a,202a,73a,201a_Peters_Graziosi 1960_final_nocolor.png,202a_final_nocolor.png,73a_Gonn_AP_Monrepos_final_nocolor.png
7,390,226b,418a,84a,226b_Aguas_Santander_final_nocolor.png,418a_Gonn_AP_Monrepos_final_nocolor.png,84a_Gonn_AP_Monrepos_final_nocolor.png
7,391,226a,626a,202b,226a_Aguas_Sant_Final_nocolor.png,626a_Gonn_AP_Monrepos_final_nocolor.png,202b_final_nocolor.png
7,392,70a,73a,360a,70a_Gonn_AP_Monrepos_final_nocolor.png,73a_Gonn_AP_Monrepos_final_nocolor.png,360a_Gonn_AP_Monrepos_final_nocolor.png
7,393,144a,84a,555a,144a_L-B_MdP_final_nocolor.png,84a_Gonn_AP_Monrepos_final_nocolor.png,555a_Gonn_AP_Monrepos_final_nocolor.png
7,394,226b,370a,144b,226b_Aguas_Santander_final_nocolor.png,370a_Gonn_AP_Monrepos_final_nocolor.png,144b_L-B_MdP_final_nocolor.png
7,395,307b,431a,420b,307b_Gonn_AP_Monrepos_final_nocolor.png,431a_Gonn_AP_Monrepos_final_nocolor.png,420b_Gonn_AP_Monrepos_final_nocolor.png
7,396,167b,84a,626a,167b_GG_MB_2021_MdAM_final_nocolor.png,84a_Gonn_AP_Monrepos_final_nocolor.png,626a_Gonn_AP_Monrepos_final_nocolor.png
7,397,353a,552a,555a,353a_Gonn_AP_Monrepos_final_nocolor.png,552a_Gonn_AP_Monrepos_final_nocolor.png,555a_Gonn_AP_Monrepos_final_nocolor.png
7,398,370a,420b,202b,370a_Gonn_AP_Monrepos_final_nocolor.png,420b_Gonn_AP_Monrepos_final_nocolor.png,202b_final_nocolor.png
7,399,167a,84a,167b,167a_GG_MB_2021_MdAM_final_nocolor.png,84a_Gonn_AP_Monrepos_final_nocolor.png,167b_GG_MB_2021_MdAM_final_nocolor.png
7,400,226a,353a,552a,226a_Aguas_Sant_Final_nocolor.png,353a_Gonn_AP_Monrepos_final_nocolor.png,552a_Gonn_AP_Monrepos_final_nocolor.png
7,401,186b,370a,355a,186b_GG_MB_2021_MdAM_final_nocolor.png,370a_Gonn_AP_Monrepos_final_nocolor.png,355a_Gonn_AP_Monrepos_final_nocolor.png
7,402,241a,241b,202b,241a_Badegoule_MdP_Pr.A.png,241b_Badegoule_MdP_Pr.A.png,202b_final_nocolor.png
7,403,167b,353a,484a,167b_GG_MB_2021_MdAM_final_nocolor.png,353a_Gonn_AP_Monrepos_final_nocolor.png,484a_Gonn_AP_Monrepos_final_nocolor.png
7,404,144a,93a,167a,144a_L-B_MdP_final_nocolor.png,93a_Gourdan_GG_MB_2021_MAN_Piette_final_nocolor.png,167a_GG_MB_2021_MdAM_final_nocolor.png
7,405,186b,241b,307b,186b_GG_MB_2021_MdAM_final_nocolor.png,241b_Badegoule_MdP_Pr.A.png,307b_Gonn_AP_Monrepos_final_nocolor.png
7,406,167b,360a,370a,167b_GG_MB_2021_MdAM_final_nocolor.png,360a_Gonn_AP_Monrepos_final_nocolor.png,370a_Gonn_AP_Monrepos_final_nocolor.png
7,407,484a,93a,626a,484a_Gonn_AP_Monrepos_final_nocolor.png,93a_Gourdan_GG_MB_2021_MAN_Piette_final_nocolor.png,626a_Gonn_AP_Monrepos_final_nocolor.png
7,408,202b,226a,418a,202b_final_nocolor.png,226a_Aguas_Sant_Final_nocolor.png,418a_Gonn_AP_Monrepos_final_nocolor.png
7,409,631a,70b,431a,631a_Gonn_AP_Monrepos_final_nocolor.png,70b_Gonn_AP_Monrepos_final_nocolor.png,431a_Gonn_AP_Monrepos_final_nocolor.png
7,410,355a,360a,144a,355a_Gonn_AP_Monrepos_final_nocolor.png,360a_Gonn_AP_Monrepos_final_nocolor.png,144a_L-B_MdP_final_nocolor.png
7,411,186b,226a,420b,186b_GG_MB_2021_MdAM_final_nocolor.png,226a_Aguas_Sant_Final_nocolor.png,420b_Gonn_AP_Monrepos_final_nocolor.png
7,412,144b,167a,307a,144b_L-B_MdP_final_nocolor.png,167a_GG_MB_2021_MdAM_final_nocolor.png,307a_Gonn_AP_Monrepos_final_nocolor.png
7,413,144a,93a,484a,144a_L-B_MdP_final_nocolor.png,93a_Gourdan_GG_MB_2021_MAN_Piette_final_nocolor.png,484a_Gonn_AP_Monrepos_final_nocolor.png
7,414,186b,202b,151b,186b_GG_MB_2021_MdAM_final_nocolor.png,202b_final_nocolor.png,151b_PC_DSC00570_final_nocolor.png
7,415,144b,555a,631a,144b_L-B_MdP_final_nocolor.png,555a_Gonn_AP_Monrepos_final_nocolor.png,631a_Gonn_AP_Monrepos_final_nocolor.png
7,416,370a,420a,307a,370a_Gonn_AP_Monrepos_final_nocolor.png,420a_Gonn_AP_Monrepos_final_nocolor.png,307a_Gonn_AP_Monrepos_final_nocolor.png
7,417,186a,73b,93a,186a_GG_MB_2021_MdAM_final_nocolor.png,73b_Gonn_AP_Monrepos_final_nocolor.png,93a_Gourdan_GG_MB_2021_MAN_Piette_final_nocolor.png
7,418,226a,631a,144b,226a_Aguas_Sant_Final_nocolor.png,631a_Gonn_AP_Monrepos_final_nocolor.png,144b_L-B_MdP_final_nocolor.png
7,419,167b,241b,144a,167b_GG_MB_2021_MdAM_final_nocolor.png,241b_Badegoule_MdP_Pr.A.png,144a_L-B_MdP_final_nocolor.png
7,420,73b,93a,201a,73b_Gonn_AP_Monrepos_final_nocolor.png,93a_Gourdan_GG_MB_2021_MAN_Piette_final_nocolor.png,201a_Peters_Graziosi 1960_final_nocolor.png
7,421,144b,241a,151a,144b_L-B_MdP_final_nocolor.png,241a_Badegoule_MdP_Pr.A.png,151a MdA_final_nocolor.png
7,422,167a,360a,226a,167a_GG_MB_2021_MdAM_final_nocolor.png,360a_Gonn_AP_Monrepos_final_nocolor.png,226a_Aguas_Sant_Final_nocolor.png
7,423,353a,631a,202b,353a_Gonn_AP_Monrepos_final_nocolor.png,631a_Gonn_AP_Monrepos_final_nocolor.png,202b_final_nocolor.png
7,424,552a,84a,355a,552a_Gonn_AP_Monrepos_final_nocolor.png,84a_Gonn_AP_Monrepos_final_nocolor.png,355a_Gonn_AP_Monrepos_final_nocolor.png
7,425,144a,226a,93a,144a_L-B_MdP_final_nocolor.png,226a_Aguas_Sant_Final_nocolor.png,93a_Gourdan_GG_MB_2021_MAN_Piette_final_nocolor.png
7,426,420a,70b,307a,420a_Gonn_AP_Monrepos_final_nocolor.png,70b_Gonn_AP_Monrepos_final_nocolor.png,307a_Gonn_AP_Monrepos_final_nocolor.png
7,427,201a,353a,186a,201a_Peters_Graziosi 1960_final_nocolor.png,353a_Gonn_AP_Monrepos_final_nocolor.png,186a_GG_MB_2021_MdAM_final_nocolor.png
7,428,144a,241b,167b,144a_L-B_MdP_final_nocolor.png,241b_Badegoule_MdP_Pr.A.png,167b_GG_MB_2021_MdAM_final_nocolor.png
8,1,420b,84a,167b,420b_Gonn_AP_Monrepos_final_nocolor.png,84a_Gonn_AP_Monrepos_final_nocolor.png,167b_GG_MB_2021_MdAM_final_nocolor.png
8,2,151a,241a,418a,151a MdA_final_nocolor.png,241a_Badegoule_MdP_Pr.A.png,418a_Gonn_AP_Monrepos_final_nocolor.png
8,3,360a,431a,202b,360a_Gonn_AP_Monrepos_final_nocolor.png,431a_Gonn_AP_Monrepos_final_nocolor.png,202b_final_nocolor.png
8,4,353a,420b,307a,353a_Gonn_AP_Monrepos_final_nocolor.png,420b_Gonn_AP_Monrepos_final_nocolor.png,307a_Gonn_AP_Monrepos_final_nocolor.png
8,5,144b,241b,241a,144b_L-B_MdP_final_nocolor.png,241b_Badegoule_MdP_Pr.A.png,241a_Badegoule_MdP_Pr.A.png
8,6,167b,93a,626a,167b_GG_MB_2021_MdAM_final_nocolor.png,93a_Gourdan_GG_MB_2021_MAN_Piette_final_nocolor.png,626a_Gonn_AP_Monrepos_final_nocolor.png
8,7,307b,420b,186b,307b_Gonn_AP_Monrepos_final_nocolor.png,420b_Gonn_AP_Monrepos_final_nocolor.png,186b_GG_MB_2021_MdAM_final_nocolor.png
8,8,360a,631a,167a,360a_Gonn_AP_Monrepos_final_nocolor.png,631a_Gonn_AP_Monrepos_final_nocolor.png,167a_GG_MB_2021_MdAM_final_nocolor.png
8,9,307a,70b,241b,307a_Gonn_AP_Monrepos_final_nocolor.png,70b_Gonn_AP_Monrepos_final_nocolor.png,241b_Badegoule_MdP_Pr.A.png
8,10,186b,226b,484a,186b_GG_MB_2021_MdAM_final_nocolor.png,226b_Aguas_Santander_final_nocolor.png,484a_Gonn_AP_Monrepos_final_nocolor.png
8,11,167a,420a,93a,167a_GG_MB_2021_MdAM_final_nocolor.png,420a_Gonn_AP_Monrepos_final_nocolor.png,93a_Gourdan_GG_MB_2021_MAN_Piette_final_nocolor.png
8,12,626a,70b,418a,626a_Gonn_AP_Monrepos_final_nocolor.png,70b_Gonn_AP_Monrepos_final_nocolor.png,418a_Gonn_AP_Monrepos_final_nocolor.png
8,13,226a,226b,420b,226a_Aguas_Sant_Final_nocolor.png,226b_Aguas_Santander_final_nocolor.png,420b_Gonn_AP_Monrepos_final_nocolor.png
8,14,144a,201a,73b,144a_L-B_MdP_final_nocolor.png,201a_Peters_Graziosi 1960_final_nocolor.png,73b_Gonn_AP_Monrepos_final_nocolor.png
8,15,151a,93b,626a,151a MdA_final_nocolor.png,93b_Gourdan_GG_MB_2021_MAN_Piette_final_nocolor.png,626a_Gonn_AP_Monrepos_final_nocolor.png
8,16,167a,307b,202a,167a_GG_MB_2021_MdAM_final_nocolor.png,307b_Gonn_AP_Monrepos_final_nocolor.png,202a_final_nocolor.png
8,17,201a,70a,420b,201a_Peters_Graziosi 1960_final_nocolor.png,70a_Gonn_AP_Monrepos_final_nocolor.png,420b_Gonn_AP_Monrepos_final_nocolor.png
8,18,355a,370a,151a,355a_Gonn_AP_Monrepos_final_nocolor.png,370a_Gonn_AP_Monrepos_final_nocolor.png,151a MdA_final_nocolor.png
8,19,241b,70b,353a,241b_Badegoule_MdP_Pr.A.png,70b_Gonn_AP_Monrepos_final_nocolor.png,353a_Gonn_AP_Monrepos_final_nocolor.png
8,20,202a,307a,626a,202a_final_nocolor.png,307a_Gonn_AP_Monrepos_final_nocolor.png,626a_Gonn_AP_Monrepos_final_nocolor.png
8,21,418a,420a,420b,418a_Gonn_AP_Monrepos_final_nocolor.png,420a_Gonn_AP_Monrepos_final_nocolor.png,420b_Gonn_AP_Monrepos_final_nocolor.png
8,22,144b,93b,241b,144b_L-B_MdP_final_nocolor.png,93b_Gourdan_GG_MB_2021_MAN_Piette_final_nocolor.png,241b_Badegoule_MdP_Pr.A.png
8,23,151b,431a,167a,151b_PC_DSC00570_final_nocolor.png,431a_Gonn_AP_Monrepos_final_nocolor.png,167a_GG_MB_2021_MdAM_final_nocolor.png
8,24,186b,307b,241a,186b_GG_MB_2021_MdAM_final_nocolor.png,307b_Gonn_AP_Monrepos_final_nocolor.png,241a_Badegoule_MdP_Pr.A.png
8,25,84a,93b,202a,84a_Gonn_AP_Monrepos_final_nocolor.png,93b_Gourdan_GG_MB_2021_MAN_Piette_final_nocolor.png,202a_final_nocolor.png
8,26,226b,626a,370a,226b_Aguas_Santander_final_nocolor.png,626a_Gonn_AP_Monrepos_final_nocolor.png,370a_Gonn_AP_Monrepos_final_nocolor.png
8,27,241b,307b,70b,241b_Badegoule_MdP_Pr.A.png,307b_Gonn_AP_Monrepos_final_nocolor.png,70b_Gonn_AP_Monrepos_final_nocolor.png
8,28,186a,73b,484a,186a_GG_MB_2021_MdAM_final_nocolor.png,73b_Gonn_AP_Monrepos_final_nocolor.png,484a_Gonn_AP_Monrepos_final_nocolor.png
8,29,420b,73a,201a,420b_Gonn_AP_Monrepos_final_nocolor.png,73a_Gonn_AP_Monrepos_final_nocolor.png,201a_Peters_Graziosi 1960_final_nocolor.png
8,30,355a,552a,202b,355a_Gonn_AP_Monrepos_final_nocolor.png,552a_Gonn_AP_Monrepos_final_nocolor.png,202b_final_nocolor.png
8,31,167a,353a,370a,167a_GG_MB_2021_MdAM_final_nocolor.png,353a_Gonn_AP_Monrepos_final_nocolor.png,370a_Gonn_AP_Monrepos_final_nocolor.png
8,32,631a,70b,420b,631a_Gonn_AP_Monrepos_final_nocolor.png,70b_Gonn_AP_Monrepos_final_nocolor.png,420b_Gonn_AP_Monrepos_final_nocolor.png
8,33,484a,73a,84a,484a_Gonn_AP_Monrepos_final_nocolor.png,73a_Gonn_AP_Monrepos_final_nocolor.png,84a_Gonn_AP_Monrepos_final_nocolor.png
8,34,202b,353a,144a,202b_final_nocolor.png,353a_Gonn_AP_Monrepos_final_nocolor.png,144a_L-B_MdP_final_nocolor.png
8,35,241b,93b,360a,241b_Badegoule_MdP_Pr.A.png,93b_Gourdan_GG_MB_2021_MAN_Piette_final_nocolor.png,360a_Gonn_AP_Monrepos_final_nocolor.png
8,36,186b,84a,151b,186b_GG_MB_2021_MdAM_final_nocolor.png,84a_Gonn_AP_Monrepos_final_nocolor.png,151b_PC_DSC00570_final_nocolor.png
8,37,202b,484a,353a,202b_final_nocolor.png,484a_Gonn_AP_Monrepos_final_nocolor.png,353a_Gonn_AP_Monrepos_final_nocolor.png
8,38,355a,370a,144a,355a_Gonn_AP_Monrepos_final_nocolor.png,370a_Gonn_AP_Monrepos_final_nocolor.png,144a_L-B_MdP_final_nocolor.png
8,39,226b,70a,151a,226b_Aguas_Santander_final_nocolor.png,70a_Gonn_AP_Monrepos_final_nocolor.png,151a MdA_final_nocolor.png
8,40,420b,73b,307b,420b_Gonn_AP_Monrepos_final_nocolor.png,73b_Gonn_AP_Monrepos_final_nocolor.png,307b_Gonn_AP_Monrepos_final_nocolor.png
8,41,484a,93b,355a,484a_Gonn_AP_Monrepos_final_nocolor.png,93b_Gourdan_GG_MB_2021_MAN_Piette_final_nocolor.png,355a_Gonn_AP_Monrepos_final_nocolor.png
8,42,418a,84a,370a,418a_Gonn_AP_Monrepos_final_nocolor.png,84a_Gonn_AP_Monrepos_final_nocolor.png,370a_Gonn_AP_Monrepos_final_nocolor.png
8,43,226a,70a,307a,226a_Aguas_Sant_Final_nocolor.png,70a_Gonn_AP_Monrepos_final_nocolor.png,307a_Gonn_AP_Monrepos_final_nocolor.png
8,44,186a,420b,93a,186a_GG_MB_2021_MdAM_final_nocolor.png,420b_Gonn_AP_Monrepos_final_nocolor.png,93a_Gourdan_GG_MB_2021_MAN_Piette_final_nocolor.png
8,45,151a,626a,418a,151a MdA_final_nocolor.png,626a_Gonn_AP_Monrepos_final_nocolor.png,418a_Gonn_AP_Monrepos_final_nocolor.png
8,46,167b,84a,226a,167b_GG_MB_2021_MdAM_final_nocolor.png,84a_Gonn_AP_Monrepos_final_nocolor.png,226a_Aguas_Sant_Final_nocolor.png
8,47,241b,353a,167a,241b_Badegoule_MdP_Pr.A.png,353a_Gonn_AP_Monrepos_final_nocolor.png,167a_GG_MB_2021_MdAM_final_nocolor.png
8,48,555a,93b,70b,555a_Gonn_AP_Monrepos_final_nocolor.png,93b_Gourdan_GG_MB_2021_MAN_Piette_final_nocolor.png,70b_Gonn_AP_Monrepos_final_nocolor.png
8,49,151a,167b,355a,151a MdA_final_nocolor.png,167b_GG_MB_2021_MdAM_final_nocolor.png,355a_Gonn_AP_Monrepos_final_nocolor.png
8,50,167a,84a,420b,167a_GG_MB_2021_MdAM_final_nocolor.png,84a_Gonn_AP_Monrepos_final_nocolor.png,420b_Gonn_AP_Monrepos_final_nocolor.png
8,51,353a,73b,202a,353a_Gonn_AP_Monrepos_final_nocolor.png,73b_Gonn_AP_Monrepos_final_nocolor.png,202a_final_nocolor.png
8,52,241b,360a,626a,241b_Badegoule_MdP_Pr.A.png,360a_Gonn_AP_Monrepos_final_nocolor.png,626a_Gonn_AP_Monrepos_final_nocolor.png
8,53,186a,420b,307a,186a_GG_MB_2021_MdAM_final_nocolor.png,420b_Gonn_AP_Monrepos_final_nocolor.png,307a_Gonn_AP_Monrepos_final_nocolor.png
8,54,355a,73a,186b,355a_Gonn_AP_Monrepos_final_nocolor.png,73a_Gonn_AP_Monrepos_final_nocolor.png,186b_GG_MB_2021_MdAM_final_nocolor.png
8,55,353a,93b,307b,353a_Gonn_AP_Monrepos_final_nocolor.png,93b_Gourdan_GG_MB_2021_MAN_Piette_final_nocolor.png,307b_Gonn_AP_Monrepos_final_nocolor.png
8,56,226b,73b,241a,226b_Aguas_Santander_final_nocolor.png,73b_Gonn_AP_Monrepos_final_nocolor.png,241a_Badegoule_MdP_Pr.A.png
8,57,202b,70a,420b,202b_final_nocolor.png,70a_Gonn_AP_Monrepos_final_nocolor.png,420b_Gonn_AP_Monrepos_final_nocolor.png
8,58,552a,93b,307b,552a_Gonn_AP_Monrepos_final_nocolor.png,93b_Gourdan_GG_MB_2021_MAN_Piette_final_nocolor.png,307b_Gonn_AP_Monrepos_final_nocolor.png
8,59,307a,353a,226b,307a_Gonn_AP_Monrepos_final_nocolor.png,353a_Gonn_AP_Monrepos_final_nocolor.png,226b_Aguas_Santander_final_nocolor.png
8,60,151a,241b,355a,151a MdA_final_nocolor.png,241b_Badegoule_MdP_Pr.A.png,355a_Gonn_AP_Monrepos_final_nocolor.png
8,61,307b,552a,420a,307b_Gonn_AP_Monrepos_final_nocolor.png,552a_Gonn_AP_Monrepos_final_nocolor.png,420a_Gonn_AP_Monrepos_final_nocolor.png
8,62,353a,73b,202b,353a_Gonn_AP_Monrepos_final_nocolor.png,73b_Gonn_AP_Monrepos_final_nocolor.png,202b_final_nocolor.png
8,63,167a,626a,484a,167a_GG_MB_2021_MdAM_final_nocolor.png,626a_Gonn_AP_Monrepos_final_nocolor.png,484a_Gonn_AP_Monrepos_final_nocolor.png
8,64,307b,631a,241b,307b_Gonn_AP_Monrepos_final_nocolor.png,631a_Gonn_AP_Monrepos_final_nocolor.png,241b_Badegoule_MdP_Pr.A.png
8,65,353a,93b,552a,353a_Gonn_AP_Monrepos_final_nocolor.png,93b_Gourdan_GG_MB_2021_MAN_Piette_final_nocolor.png,552a_Gonn_AP_Monrepos_final_nocolor.png
8,66,307a,420a,151b,307a_Gonn_AP_Monrepos_final_nocolor.png,420a_Gonn_AP_Monrepos_final_nocolor.png,151b_PC_DSC00570_final_nocolor.png
8,67,626a,70b,73a,626a_Gonn_AP_Monrepos_final_nocolor.png,70b_Gonn_AP_Monrepos_final_nocolor.png,73a_Gonn_AP_Monrepos_final_nocolor.png
8,68,353a,73b,144a,353a_Gonn_AP_Monrepos_final_nocolor.png,73b_Gonn_AP_Monrepos_final_nocolor.png,144a_L-B_MdP_final_nocolor.png
8,69,186b,552a,420a,186b_GG_MB_2021_MdAM_final_nocolor.png,552a_Gonn_AP_Monrepos_final_nocolor.png,420a_Gonn_AP_Monrepos_final_nocolor.png
8,70,202b,70b,144b,202b_final_nocolor.png,70b_Gonn_AP_Monrepos_final_nocolor.png,144b_L-B_MdP_final_nocolor.png
8,71,370a,93a,241b,370a_Gonn_AP_Monrepos_final_nocolor.png,93a_Gourdan_GG_MB_2021_MAN_Piette_final_nocolor.png,241b_Badegoule_MdP_Pr.A.png
8,72,552a,93b,353a,552a_Gonn_AP_Monrepos_final_nocolor.png,93b_Gourdan_GG_MB_2021_MAN_Piette_final_nocolor.png,353a_Gonn_AP_Monrepos_final_nocolor.png
8,73,144b,360a,202b,144b_L-B_MdP_final_nocolor.png,360a_Gonn_AP_Monrepos_final_nocolor.png,202b_final_nocolor.png
8,74,307a,420a,73a,307a_Gonn_AP_Monrepos_final_nocolor.png,420a_Gonn_AP_Monrepos_final_nocolor.png,73a_Gonn_AP_Monrepos_final_nocolor.png
8,75,186b,73b,93b,186b_GG_MB_2021_MdAM_final_nocolor.png,73b_Gonn_AP_Monrepos_final_nocolor.png,93b_Gourdan_GG_MB_2021_MAN_Piette_final_nocolor.png
8,76,552a,70b,360a,552a_Gonn_AP_Monrepos_final_nocolor.png,70b_Gonn_AP_Monrepos_final_nocolor.png,360a_Gonn_AP_Monrepos_final_nocolor.png
8,77,226a,431a,370a,226a_Aguas_Sant_Final_nocolor.png,431a_Gonn_AP_Monrepos_final_nocolor.png,370a_Gonn_AP_Monrepos_final_nocolor.png
8,78,167a,420b,73b,167a_GG_MB_2021_MdAM_final_nocolor.png,420b_Gonn_AP_Monrepos_final_nocolor.png,73b_Gonn_AP_Monrepos_final_nocolor.png
8,79,360a,84a,307a,360a_Gonn_AP_Monrepos_final_nocolor.png,84a_Gonn_AP_Monrepos_final_nocolor.png,307a_Gonn_AP_Monrepos_final_nocolor.png
8,80,431a,93b,202a,431a_Gonn_AP_Monrepos_final_nocolor.png,93b_Gourdan_GG_MB_2021_MAN_Piette_final_nocolor.png,202a_final_nocolor.png
8,81,201a,73b,144a,201a_Peters_Graziosi 1960_final_nocolor.png,73b_Gonn_AP_Monrepos_final_nocolor.png,144a_L-B_MdP_final_nocolor.png
8,82,420b,73a,626a,420b_Gonn_AP_Monrepos_final_nocolor.png,73a_Gonn_AP_Monrepos_final_nocolor.png,626a_Gonn_AP_Monrepos_final_nocolor.png
8,83,167a,167b,202b,167a_GG_MB_2021_MdAM_final_nocolor.png,167b_GG_MB_2021_MdAM_final_nocolor.png,202b_final_nocolor.png
8,84,151b,431a,73b,151b_PC_DSC00570_final_nocolor.png,431a_Gonn_AP_Monrepos_final_nocolor.png,73b_Gonn_AP_Monrepos_final_nocolor.png
8,85,353a,552a,93a,353a_Gonn_AP_Monrepos_final_nocolor.png,552a_Gonn_AP_Monrepos_final_nocolor.png,93a_Gourdan_GG_MB_2021_MAN_Piette_final_nocolor.png
8,86,202b,307a,73a,202b_final_nocolor.png,307a_Gonn_AP_Monrepos_final_nocolor.png,73a_Gonn_AP_Monrepos_final_nocolor.png
8,87,167b,626a,431a,167b_GG_MB_2021_MdAM_final_nocolor.png,626a_Gonn_AP_Monrepos_final_nocolor.png,431a_Gonn_AP_Monrepos_final_nocolor.png
8,88,241b,73b,70b,241b_Badegoule_MdP_Pr.A.png,73b_Gonn_AP_Monrepos_final_nocolor.png,70b_Gonn_AP_Monrepos_final_nocolor.png
8,89,151b,552a,202b,151b_PC_DSC00570_final_nocolor.png,552a_Gonn_AP_Monrepos_final_nocolor.png,202b_final_nocolor.png
8,90,151a,420a,555a,151a MdA_final_nocolor.png,420a_Gonn_AP_Monrepos_final_nocolor.png,555a_Gonn_AP_Monrepos_final_nocolor.png
8,91,241a,307b,70b,241a_Badegoule_MdP_Pr.A.png,307b_Gonn_AP_Monrepos_final_nocolor.png,70b_Gonn_AP_Monrepos_final_nocolor.png
8,92,307a,84a,151b,307a_Gonn_AP_Monrepos_final_nocolor.png,84a_Gonn_AP_Monrepos_final_nocolor.png,151b_PC_DSC00570_final_nocolor.png
8,93,167b,360a,420a,167b_GG_MB_2021_MdAM_final_nocolor.png,360a_Gonn_AP_Monrepos_final_nocolor.png,420a_Gonn_AP_Monrepos_final_nocolor.png
8,94,73a,93a,202b,73a_Gonn_AP_Monrepos_final_nocolor.png,93a_Gourdan_GG_MB_2021_MAN_Piette_final_nocolor.png,202b_final_nocolor.png
8,95,144a,226a,431a,144a_L-B_MdP_final_nocolor.png,226a_Aguas_Sant_Final_nocolor.png,431a_Gonn_AP_Monrepos_final_nocolor.png
8,96,307a,418a,84a,307a_Gonn_AP_Monrepos_final_nocolor.png,418a_Gonn_AP_Monrepos_final_nocolor.png,84a_Gonn_AP_Monrepos_final_nocolor.png
8,97,167a,93a,151b,167a_GG_MB_2021_MdAM_final_nocolor.png,93a_Gourdan_GG_MB_2021_MAN_Piette_final_nocolor.png,151b_PC_DSC00570_final_nocolor.png
8,98,167b,353a,186a,167b_GG_MB_2021_MdAM_final_nocolor.png,353a_Gonn_AP_Monrepos_final_nocolor.png,186a_GG_MB_2021_MdAM_final_nocolor.png
8,99,307a,73a,202a,307a_Gonn_AP_Monrepos_final_nocolor.png,73a_Gonn_AP_Monrepos_final_nocolor.png,202a_final_nocolor.png
8,100,418a,73b,70b,418a_Gonn_AP_Monrepos_final_nocolor.png,73b_Gonn_AP_Monrepos_final_nocolor.png,70b_Gonn_AP_Monrepos_final_nocolor.png
8,101,167a,631a,151a,167a_GG_MB_2021_MdAM_final_nocolor.png,631a_Gonn_AP_Monrepos_final_nocolor.png,151a MdA_final_nocolor.png
8,102,144b,202b,241b,144b_L-B_MdP_final_nocolor.png,202b_final_nocolor.png,241b_Badegoule_MdP_Pr.A.png
8,103,226a,360a,201a,226a_Aguas_Sant_Final_nocolor.png,360a_Gonn_AP_Monrepos_final_nocolor.png,201a_Peters_Graziosi 1960_final_nocolor.png
8,104,167a,418a,73a,167a_GG_MB_2021_MdAM_final_nocolor.png,418a_Gonn_AP_Monrepos_final_nocolor.png,73a_Gonn_AP_Monrepos_final_nocolor.png
8,105,202a,552a,631a,202a_final_nocolor.png,552a_Gonn_AP_Monrepos_final_nocolor.png,631a_Gonn_AP_Monrepos_final_nocolor.png
8,106,241b,70a,93b,241b_Badegoule_MdP_Pr.A.png,70a_Gonn_AP_Monrepos_final_nocolor.png,93b_Gourdan_GG_MB_2021_MAN_Piette_final_nocolor.png
8,107,144a,151a,186b,144a_L-B_MdP_final_nocolor.png,151a MdA_final_nocolor.png,186b_GG_MB_2021_MdAM_final_nocolor.png
8,108,360a,631a,552a,360a_Gonn_AP_Monrepos_final_nocolor.png,631a_Gonn_AP_Monrepos_final_nocolor.png,552a_Gonn_AP_Monrepos_final_nocolor.png
8,109,226b,370a,307a,226b_Aguas_Santander_final_nocolor.png,370a_Gonn_AP_Monrepos_final_nocolor.png,307a_Gonn_AP_Monrepos_final_nocolor.png
8,110,151a,70b,202a,151a MdA_final_nocolor.png,70b_Gonn_AP_Monrepos_final_nocolor.png,202a_final_nocolor.png
8,111,186b,431a,186a,186b_GG_MB_2021_MdAM_final_nocolor.png,431a_Gonn_AP_Monrepos_final_nocolor.png,186a_GG_MB_2021_MdAM_final_nocolor.png
8,112,626a,73b,226b,626a_Gonn_AP_Monrepos_final_nocolor.png,73b_Gonn_AP_Monrepos_final_nocolor.png,226b_Aguas_Santander_final_nocolor.png
8,113,151a,84a,73a,151a MdA_final_nocolor.png,84a_Gonn_AP_Monrepos_final_nocolor.png,73a_Gonn_AP_Monrepos_final_nocolor.png
8,114,186b,70b,186a,186b_GG_MB_2021_MdAM_final_nocolor.png,70b_Gonn_AP_Monrepos_final_nocolor.png,186a_GG_MB_2021_MdAM_final_nocolor.png
8,115,144a,631a,226b,144a_L-B_MdP_final_nocolor.png,631a_Gonn_AP_Monrepos_final_nocolor.png,226b_Aguas_Santander_final_nocolor.png
8,116,151a,93a,144b,151a MdA_final_nocolor.png,93a_Gourdan_GG_MB_2021_MAN_Piette_final_nocolor.png,144b_L-B_MdP_final_nocolor.png
8,117,167b,73a,552a,167b_GG_MB_2021_MdAM_final_nocolor.png,73a_Gonn_AP_Monrepos_final_nocolor.png,552a_Gonn_AP_Monrepos_final_nocolor.png
8,118,186b,420b,202a,186b_GG_MB_2021_MdAM_final_nocolor.png,420b_Gonn_AP_Monrepos_final_nocolor.png,202a_final_nocolor.png
8,119,201a,226b,307a,201a_Peters_Graziosi 1960_final_nocolor.png,226b_Aguas_Santander_final_nocolor.png,307a_Gonn_AP_Monrepos_final_nocolor.png
8,120,418a,552a,355a,418a_Gonn_AP_Monrepos_final_nocolor.png,552a_Gonn_AP_Monrepos_final_nocolor.png,355a_Gonn_AP_Monrepos_final_nocolor.png
8,121,353a,555a,241b,353a_Gonn_AP_Monrepos_final_nocolor.png,555a_Gonn_AP_Monrepos_final_nocolor.png,241b_Badegoule_MdP_Pr.A.png
8,122,167b,626a,360a,167b_GG_MB_2021_MdAM_final_nocolor.png,626a_Gonn_AP_Monrepos_final_nocolor.png,360a_Gonn_AP_Monrepos_final_nocolor.png
8,123,226a,484a,431a,226a_Aguas_Sant_Final_nocolor.png,484a_Gonn_AP_Monrepos_final_nocolor.png,431a_Gonn_AP_Monrepos_final_nocolor.png
8,124,144b,73a,631a,144b_L-B_MdP_final_nocolor.png,73a_Gonn_AP_Monrepos_final_nocolor.png,631a_Gonn_AP_Monrepos_final_nocolor.png
8,125,151a,360a,555a,151a MdA_final_nocolor.png,360a_Gonn_AP_Monrepos_final_nocolor.png,555a_Gonn_AP_Monrepos_final_nocolor.png
8,126,420b,70a,484a,420b_Gonn_AP_Monrepos_final_nocolor.png,70a_Gonn_AP_Monrepos_final_nocolor.png,484a_Gonn_AP_Monrepos_final_nocolor.png
8,127,307b,431a,307a,307b_Gonn_AP_Monrepos_final_nocolor.png,431a_Gonn_AP_Monrepos_final_nocolor.png,307a_Gonn_AP_Monrepos_final_nocolor.png
8,128,144b,360a,144a,144b_L-B_MdP_final_nocolor.png,360a_Gonn_AP_Monrepos_final_nocolor.png,144a_L-B_MdP_final_nocolor.png
8,129,167a,555a,631a,167a_GG_MB_2021_MdAM_final_nocolor.png,555a_Gonn_AP_Monrepos_final_nocolor.png,631a_Gonn_AP_Monrepos_final_nocolor.png
8,130,431a,552a,70b,431a_Gonn_AP_Monrepos_final_nocolor.png,552a_Gonn_AP_Monrepos_final_nocolor.png,70b_Gonn_AP_Monrepos_final_nocolor.png
8,131,360a,93a,420a,360a_Gonn_AP_Monrepos_final_nocolor.png,93a_Gourdan_GG_MB_2021_MAN_Piette_final_nocolor.png,420a_Gonn_AP_Monrepos_final_nocolor.png
8,132,226b,93b,167a,226b_Aguas_Santander_final_nocolor.png,93b_Gourdan_GG_MB_2021_MAN_Piette_final_nocolor.png,167a_GG_MB_2021_MdAM_final_nocolor.png
8,133,151a,631a,353a,151a MdA_final_nocolor.png,631a_Gonn_AP_Monrepos_final_nocolor.png,353a_Gonn_AP_Monrepos_final_nocolor.png
8,134,186a,201a,360a,186a_GG_MB_2021_MdAM_final_nocolor.png,201a_Peters_Graziosi 1960_final_nocolor.png,360a_Gonn_AP_Monrepos_final_nocolor.png
8,135,167b,307b,73b,167b_GG_MB_2021_MdAM_final_nocolor.png,307b_Gonn_AP_Monrepos_final_nocolor.png,73b_Gonn_AP_Monrepos_final_nocolor.png
8,136,631a,84a,370a,631a_Gonn_AP_Monrepos_final_nocolor.png,84a_Gonn_AP_Monrepos_final_nocolor.png,370a_Gonn_AP_Monrepos_final_nocolor.png
8,137,420a,431a,167a,420a_Gonn_AP_Monrepos_final_nocolor.png,431a_Gonn_AP_Monrepos_final_nocolor.png,167a_GG_MB_2021_MdAM_final_nocolor.png
8,138,186b,555a,355a,186b_GG_MB_2021_MdAM_final_nocolor.png,555a_Gonn_AP_Monrepos_final_nocolor.png,355a_Gonn_AP_Monrepos_final_nocolor.png
8,139,151a,631a,167b,151a MdA_final_nocolor.png,631a_Gonn_AP_Monrepos_final_nocolor.png,167b_GG_MB_2021_MdAM_final_nocolor.png
8,140,370a,70a,144a,370a_Gonn_AP_Monrepos_final_nocolor.png,70a_Gonn_AP_Monrepos_final_nocolor.png,144a_L-B_MdP_final_nocolor.png
8,141,167a,226a,552a,167a_GG_MB_2021_MdAM_final_nocolor.png,226a_Aguas_Sant_Final_nocolor.png,552a_Gonn_AP_Monrepos_final_nocolor.png
8,142,151a,226b,431a,151a MdA_final_nocolor.png,226b_Aguas_Santander_final_nocolor.png,431a_Gonn_AP_Monrepos_final_nocolor.png
8,143,186a,484a,202a,186a_GG_MB_2021_MdAM_final_nocolor.png,484a_Gonn_AP_Monrepos_final_nocolor.png,202a_final_nocolor.png
8,144,241b,93b,201a,241b_Badegoule_MdP_Pr.A.png,93b_Gourdan_GG_MB_2021_MAN_Piette_final_nocolor.png,201a_Peters_Graziosi 1960_final_nocolor.png
8,145,186b,70a,93a,186b_GG_MB_2021_MdAM_final_nocolor.png,70a_Gonn_AP_Monrepos_final_nocolor.png,93a_Gourdan_GG_MB_2021_MAN_Piette_final_nocolor.png
8,146,353a,420a,420b,353a_Gonn_AP_Monrepos_final_nocolor.png,420a_Gonn_AP_Monrepos_final_nocolor.png,420b_Gonn_AP_Monrepos_final_nocolor.png
8,147,484a,73a,202b,484a_Gonn_AP_Monrepos_final_nocolor.png,73a_Gonn_AP_Monrepos_final_nocolor.png,202b_final_nocolor.png
8,148,186a,70a,226b,186a_GG_MB_2021_MdAM_final_nocolor.png,70a_Gonn_AP_Monrepos_final_nocolor.png,226b_Aguas_Santander_final_nocolor.png
8,149,202a,70b,186b,202a_final_nocolor.png,70b_Gonn_AP_Monrepos_final_nocolor.png,186b_GG_MB_2021_MdAM_final_nocolor.png
8,150,202b,626a,201a,202b_final_nocolor.png,626a_Gonn_AP_Monrepos_final_nocolor.png,201a_Peters_Graziosi 1960_final_nocolor.png
8,151,70a,93b,420a,70a_Gonn_AP_Monrepos_final_nocolor.png,93b_Gourdan_GG_MB_2021_MAN_Piette_final_nocolor.png,420a_Gonn_AP_Monrepos_final_nocolor.png
8,152,420b,70b,167a,420b_Gonn_AP_Monrepos_final_nocolor.png,70b_Gonn_AP_Monrepos_final_nocolor.png,167a_GG_MB_2021_MdAM_final_nocolor.png
8,153,73a,73b,353a,73a_Gonn_AP_Monrepos_final_nocolor.png,73b_Gonn_AP_Monrepos_final_nocolor.png,353a_Gonn_AP_Monrepos_final_nocolor.png
8,154,241b,484a,420a,241b_Badegoule_MdP_Pr.A.png,484a_Gonn_AP_Monrepos_final_nocolor.png,420a_Gonn_AP_Monrepos_final_nocolor.png
8,155,186a,420b,93b,186a_GG_MB_2021_MdAM_final_nocolor.png,420b_Gonn_AP_Monrepos_final_nocolor.png,93b_Gourdan_GG_MB_2021_MAN_Piette_final_nocolor.png
8,156,226b,552a,84a,226b_Aguas_Santander_final_nocolor.png,552a_Gonn_AP_Monrepos_final_nocolor.png,84a_Gonn_AP_Monrepos_final_nocolor.png
8,157,307b,353a,420a,307b_Gonn_AP_Monrepos_final_nocolor.png,353a_Gonn_AP_Monrepos_final_nocolor.png,420a_Gonn_AP_Monrepos_final_nocolor.png
8,158,202a,420b,73a,202a_final_nocolor.png,420b_Gonn_AP_Monrepos_final_nocolor.png,73a_Gonn_AP_Monrepos_final_nocolor.png
8,159,626a,93b,186b,626a_Gonn_AP_Monrepos_final_nocolor.png,93b_Gourdan_GG_MB_2021_MAN_Piette_final_nocolor.png,186b_GG_MB_2021_MdAM_final_nocolor.png
8,160,353a,73b,307b,353a_Gonn_AP_Monrepos_final_nocolor.png,73b_Gonn_AP_Monrepos_final_nocolor.png,307b_Gonn_AP_Monrepos_final_nocolor.png
8,161,307a,70a,418a,307a_Gonn_AP_Monrepos_final_nocolor.png,70a_Gonn_AP_Monrepos_final_nocolor.png,418a_Gonn_AP_Monrepos_final_nocolor.png
8,162,144b,420b,93b,144b_L-B_MdP_final_nocolor.png,420b_Gonn_AP_Monrepos_final_nocolor.png,93b_Gourdan_GG_MB_2021_MAN_Piette_final_nocolor.png
8,163,202b,420a,431a,202b_final_nocolor.png,420a_Gonn_AP_Monrepos_final_nocolor.png,431a_Gonn_AP_Monrepos_final_nocolor.png
8,164,201a,631a,202a,201a_Peters_Graziosi 1960_final_nocolor.png,631a_Gonn_AP_Monrepos_final_nocolor.png,202a_final_nocolor.png
8,165,167b,84a,73a,167b_GG_MB_2021_MdAM_final_nocolor.png,84a_Gonn_AP_Monrepos_final_nocolor.png,73a_Gonn_AP_Monrepos_final_nocolor.png
8,166,552a,70a,151b,552a_Gonn_AP_Monrepos_final_nocolor.png,70a_Gonn_AP_Monrepos_final_nocolor.png,151b_PC_DSC00570_final_nocolor.png
8,167,418a,626a,73b,418a_Gonn_AP_Monrepos_final_nocolor.png,626a_Gonn_AP_Monrepos_final_nocolor.png,73b_Gonn_AP_Monrepos_final_nocolor.png
8,168,555a,84a,353a,555a_Gonn_AP_Monrepos_final_nocolor.png,84a_Gonn_AP_Monrepos_final_nocolor.png,353a_Gonn_AP_Monrepos_final_nocolor.png
8,169,144a,307a,552a,144a_L-B_MdP_final_nocolor.png,307a_Gonn_AP_Monrepos_final_nocolor.png,552a_Gonn_AP_Monrepos_final_nocolor.png
8,170,186a,73b,420a,186a_GG_MB_2021_MdAM_final_nocolor.png,73b_Gonn_AP_Monrepos_final_nocolor.png,420a_Gonn_AP_Monrepos_final_nocolor.png
8,171,151b,241a,167b,151b_PC_DSC00570_final_nocolor.png,241a_Badegoule_MdP_Pr.A.png,167b_GG_MB_2021_MdAM_final_nocolor.png
8,172,241b,307a,360a,241b_Badegoule_MdP_Pr.A.png,307a_Gonn_AP_Monrepos_final_nocolor.png,360a_Gonn_AP_Monrepos_final_nocolor.png
8,173,186a,555a,420b,186a_GG_MB_2021_MdAM_final_nocolor.png,555a_Gonn_AP_Monrepos_final_nocolor.png,420b_Gonn_AP_Monrepos_final_nocolor.png
8,174,552a,626a,186b,552a_Gonn_AP_Monrepos_final_nocolor.png,626a_Gonn_AP_Monrepos_final_nocolor.png,186b_GG_MB_2021_MdAM_final_nocolor.png
8,175,151b,73b,353a,151b_PC_DSC00570_final_nocolor.png,73b_Gonn_AP_Monrepos_final_nocolor.png,353a_Gonn_AP_Monrepos_final_nocolor.png
8,176,167b,418a,241b,167b_GG_MB_2021_MdAM_final_nocolor.png,418a_Gonn_AP_Monrepos_final_nocolor.png,241b_Badegoule_MdP_Pr.A.png
8,177,307b,70b,626a,307b_Gonn_AP_Monrepos_final_nocolor.png,70b_Gonn_AP_Monrepos_final_nocolor.png,626a_Gonn_AP_Monrepos_final_nocolor.png
8,178,167a,73b,93b,167a_GG_MB_2021_MdAM_final_nocolor.png,73b_Gonn_AP_Monrepos_final_nocolor.png,93b_Gourdan_GG_MB_2021_MAN_Piette_final_nocolor.png
8,179,370a,70a,631a,370a_Gonn_AP_Monrepos_final_nocolor.png,70a_Gonn_AP_Monrepos_final_nocolor.png,631a_Gonn_AP_Monrepos_final_nocolor.png
8,180,151b,360a,307b,151b_PC_DSC00570_final_nocolor.png,360a_Gonn_AP_Monrepos_final_nocolor.png,307b_Gonn_AP_Monrepos_final_nocolor.png
8,181,167a,552a,73b,167a_GG_MB_2021_MdAM_final_nocolor.png,552a_Gonn_AP_Monrepos_final_nocolor.png,73b_Gonn_AP_Monrepos_final_nocolor.png
8,182,144a,355a,420b,144a_L-B_MdP_final_nocolor.png,355a_Gonn_AP_Monrepos_final_nocolor.png,420b_Gonn_AP_Monrepos_final_nocolor.png
8,183,484a,555a,93b,484a_Gonn_AP_Monrepos_final_nocolor.png,555a_Gonn_AP_Monrepos_final_nocolor.png,93b_Gourdan_GG_MB_2021_MAN_Piette_final_nocolor.png
8,184,552a,84a,307b,552a_Gonn_AP_Monrepos_final_nocolor.png,84a_Gonn_AP_Monrepos_final_nocolor.png,307b_Gonn_AP_Monrepos_final_nocolor.png
8,185,202b,93a,144a,202b_final_nocolor.png,93a_Gourdan_GG_MB_2021_MAN_Piette_final_nocolor.png,144a_L-B_MdP_final_nocolor.png
8,186,226b,73b,93b,226b_Aguas_Santander_final_nocolor.png,73b_Gonn_AP_Monrepos_final_nocolor.png,93b_Gourdan_GG_MB_2021_MAN_Piette_final_nocolor.png
8,187,355a,84a,241a,355a_Gonn_AP_Monrepos_final_nocolor.png,84a_Gonn_AP_Monrepos_final_nocolor.png,241a_Badegoule_MdP_Pr.A.png
8,188,360a,93a,151b,360a_Gonn_AP_Monrepos_final_nocolor.png,93a_Gourdan_GG_MB_2021_MAN_Piette_final_nocolor.png,151b_PC_DSC00570_final_nocolor.png
8,189,151a,552a,93b,151a MdA_final_nocolor.png,552a_Gonn_AP_Monrepos_final_nocolor.png,93b_Gourdan_GG_MB_2021_MAN_Piette_final_nocolor.png
8,190,201a,84a,431a,201a_Peters_Graziosi 1960_final_nocolor.png,84a_Gonn_AP_Monrepos_final_nocolor.png,431a_Gonn_AP_Monrepos_final_nocolor.png
8,191,186b,420b,151b,186b_GG_MB_2021_MdAM_final_nocolor.png,420b_Gonn_AP_Monrepos_final_nocolor.png,151b_PC_DSC00570_final_nocolor.png
8,192,241a,73a,167b,241a_Badegoule_MdP_Pr.A.png,73a_Gonn_AP_Monrepos_final_nocolor.png,167b_GG_MB_2021_MdAM_final_nocolor.png
8,193,353a,555a,144a,353a_Gonn_AP_Monrepos_final_nocolor.png,555a_Gonn_AP_Monrepos_final_nocolor.png,144a_L-B_MdP_final_nocolor.png
8,194,151a,202a,93b,151a MdA_final_nocolor.png,202a_final_nocolor.png,93b_Gourdan_GG_MB_2021_MAN_Piette_final_nocolor.png
8,195,186a,202b,420a,186a_GG_MB_2021_MdAM_final_nocolor.png,202b_final_nocolor.png,420a_Gonn_AP_Monrepos_final_nocolor.png
8,196,144a,167b,226a,144a_L-B_MdP_final_nocolor.png,167b_GG_MB_2021_MdAM_final_nocolor.png,226a_Aguas_Sant_Final_nocolor.png
8,197,484a,93b,202a,484a_Gonn_AP_Monrepos_final_nocolor.png,93b_Gourdan_GG_MB_2021_MAN_Piette_final_nocolor.png,202a_final_nocolor.png
8,198,360a,370a,70a,360a_Gonn_AP_Monrepos_final_nocolor.png,370a_Gonn_AP_Monrepos_final_nocolor.png,70a_Gonn_AP_Monrepos_final_nocolor.png
8,199,167b,73a,151b,167b_GG_MB_2021_MdAM_final_nocolor.png,73a_Gonn_AP_Monrepos_final_nocolor.png,151b_PC_DSC00570_final_nocolor.png
8,200,202a,241b,84a,202a_final_nocolor.png,241b_Badegoule_MdP_Pr.A.png,84a_Gonn_AP_Monrepos_final_nocolor.png
8,201,144a,70b,167a,144a_L-B_MdP_final_nocolor.png,70b_Gonn_AP_Monrepos_final_nocolor.png,167a_GG_MB_2021_MdAM_final_nocolor.png
8,202,307a,93a,555a,307a_Gonn_AP_Monrepos_final_nocolor.png,93a_Gourdan_GG_MB_2021_MAN_Piette_final_nocolor.png,555a_Gonn_AP_Monrepos_final_nocolor.png
8,203,202a,552a,360a,202a_final_nocolor.png,552a_Gonn_AP_Monrepos_final_nocolor.png,360a_Gonn_AP_Monrepos_final_nocolor.png
8,204,167a,186b,167b,167a_GG_MB_2021_MdAM_final_nocolor.png,186b_GG_MB_2021_MdAM_final_nocolor.png,167b_GG_MB_2021_MdAM_final_nocolor.png
8,205,84a,93a,73b,84a_Gonn_AP_Monrepos_final_nocolor.png,93a_Gourdan_GG_MB_2021_MAN_Piette_final_nocolor.png,73b_Gonn_AP_Monrepos_final_nocolor.png
8,206,370a,555a,186a,370a_Gonn_AP_Monrepos_final_nocolor.png,555a_Gonn_AP_Monrepos_final_nocolor.png,186a_GG_MB_2021_MdAM_final_nocolor.png
8,207,167a,307a,202a,167a_GG_MB_2021_MdAM_final_nocolor.png,307a_Gonn_AP_Monrepos_final_nocolor.png,202a_final_nocolor.png
8,208,307b,93a,626a,307b_Gonn_AP_Monrepos_final_nocolor.png,93a_Gourdan_GG_MB_2021_MAN_Piette_final_nocolor.png,626a_Gonn_AP_Monrepos_final_nocolor.png
8,209,201a,420b,202b,201a_Peters_Graziosi 1960_final_nocolor.png,420b_Gonn_AP_Monrepos_final_nocolor.png,202b_final_nocolor.png
8,210,202a,431a,73b,202a_final_nocolor.png,431a_Gonn_AP_Monrepos_final_nocolor.png,73b_Gonn_AP_Monrepos_final_nocolor.png
8,211,186b,307a,70a,186b_GG_MB_2021_MdAM_final_nocolor.png,307a_Gonn_AP_Monrepos_final_nocolor.png,70a_Gonn_AP_Monrepos_final_nocolor.png
8,212,420a,84a,201a,420a_Gonn_AP_Monrepos_final_nocolor.png,84a_Gonn_AP_Monrepos_final_nocolor.png,201a_Peters_Graziosi 1960_final_nocolor.png
8,213,241a,431a,370a,241a_Badegoule_MdP_Pr.A.png,431a_Gonn_AP_Monrepos_final_nocolor.png,370a_Gonn_AP_Monrepos_final_nocolor.png
8,214,355a,631a,307a,355a_Gonn_AP_Monrepos_final_nocolor.png,631a_Gonn_AP_Monrepos_final_nocolor.png,307a_Gonn_AP_Monrepos_final_nocolor.png
8,215,167b,202b,226a,167b_GG_MB_2021_MdAM_final_nocolor.png,202b_final_nocolor.png,226a_Aguas_Sant_Final_nocolor.png
8,216,370a,431a,70b,370a_Gonn_AP_Monrepos_final_nocolor.png,431a_Gonn_AP_Monrepos_final_nocolor.png,70b_Gonn_AP_Monrepos_final_nocolor.png
8,217,626a,93b,241b,626a_Gonn_AP_Monrepos_final_nocolor.png,93b_Gourdan_GG_MB_2021_MAN_Piette_final_nocolor.png,241b_Badegoule_MdP_Pr.A.png
8,218,307b,70a,202b,307b_Gonn_AP_Monrepos_final_nocolor.png,70a_Gonn_AP_Monrepos_final_nocolor.png,202b_final_nocolor.png
8,219,167a,202a,431a,167a_GG_MB_2021_MdAM_final_nocolor.png,202a_final_nocolor.png,431a_Gonn_AP_Monrepos_final_nocolor.png
8,220,186b,555a,226b,186b_GG_MB_2021_MdAM_final_nocolor.png,555a_Gonn_AP_Monrepos_final_nocolor.png,226b_Aguas_Santander_final_nocolor.png
8,221,70a,70b,202b,70a_Gonn_AP_Monrepos_final_nocolor.png,70b_Gonn_AP_Monrepos_final_nocolor.png,202b_final_nocolor.png
8,222,186a,420a,167a,186a_GG_MB_2021_MdAM_final_nocolor.png,420a_Gonn_AP_Monrepos_final_nocolor.png,167a_GG_MB_2021_MdAM_final_nocolor.png
8,223,144a,552a,355a,144a_L-B_MdP_final_nocolor.png,552a_Gonn_AP_Monrepos_final_nocolor.png,355a_Gonn_AP_Monrepos_final_nocolor.png
8,224,555a,70a,431a,555a_Gonn_AP_Monrepos_final_nocolor.png,70a_Gonn_AP_Monrepos_final_nocolor.png,431a_Gonn_AP_Monrepos_final_nocolor.png
8,225,226b,84a,93a,226b_Aguas_Santander_final_nocolor.png,84a_Gonn_AP_Monrepos_final_nocolor.png,93a_Gourdan_GG_MB_2021_MAN_Piette_final_nocolor.png
8,226,201a,552a,353a,201a_Peters_Graziosi 1960_final_nocolor.png,552a_Gonn_AP_Monrepos_final_nocolor.png,353a_Gonn_AP_Monrepos_final_nocolor.png
8,227,360a,631a,202a,360a_Gonn_AP_Monrepos_final_nocolor.png,631a_Gonn_AP_Monrepos_final_nocolor.png,202a_final_nocolor.png
8,228,202b,626a,418a,202b_final_nocolor.png,626a_Gonn_AP_Monrepos_final_nocolor.png,418a_Gonn_AP_Monrepos_final_nocolor.png
8,229,186b,355a,186a,186b_GG_MB_2021_MdAM_final_nocolor.png,355a_Gonn_AP_Monrepos_final_nocolor.png,186a_GG_MB_2021_MdAM_final_nocolor.png
8,230,201a,226b,360a,201a_Peters_Graziosi 1960_final_nocolor.png,226b_Aguas_Santander_final_nocolor.png,360a_Gonn_AP_Monrepos_final_nocolor.png
8,231,167a,307a,84a,167a_GG_MB_2021_MdAM_final_nocolor.png,307a_Gonn_AP_Monrepos_final_nocolor.png,84a_Gonn_AP_Monrepos_final_nocolor.png
8,232,151a,420b,186b,151a MdA_final_nocolor.png,420b_Gonn_AP_Monrepos_final_nocolor.png,186b_GG_MB_2021_MdAM_final_nocolor.png
8,233,355a,555a,151b,355a_Gonn_AP_Monrepos_final_nocolor.png,555a_Gonn_AP_Monrepos_final_nocolor.png,151b_PC_DSC00570_final_nocolor.png
8,234,353a,93a,360a,353a_Gonn_AP_Monrepos_final_nocolor.png,93a_Gourdan_GG_MB_2021_MAN_Piette_final_nocolor.png,360a_Gonn_AP_Monrepos_final_nocolor.png
8,235,167b,420b,307b,167b_GG_MB_2021_MdAM_final_nocolor.png,420b_Gonn_AP_Monrepos_final_nocolor.png,307b_Gonn_AP_Monrepos_final_nocolor.png
8,236,355a,73b,70a,355a_Gonn_AP_Monrepos_final_nocolor.png,73b_Gonn_AP_Monrepos_final_nocolor.png,70a_Gonn_AP_Monrepos_final_nocolor.png
8,237,555a,93a,84a,555a_Gonn_AP_Monrepos_final_nocolor.png,93a_Gourdan_GG_MB_2021_MAN_Piette_final_nocolor.png,84a_Gonn_AP_Monrepos_final_nocolor.png
8,238,144b,226b,167b,144b_L-B_MdP_final_nocolor.png,226b_Aguas_Santander_final_nocolor.png,167b_GG_MB_2021_MdAM_final_nocolor.png
8,239,418a,631a,307b,418a_Gonn_AP_Monrepos_final_nocolor.png,631a_Gonn_AP_Monrepos_final_nocolor.png,307b_Gonn_AP_Monrepos_final_nocolor.png
8,240,360a,626a,420b,360a_Gonn_AP_Monrepos_final_nocolor.png,626a_Gonn_AP_Monrepos_final_nocolor.png,420b_Gonn_AP_Monrepos_final_nocolor.png
8,241,151b,202a,241b,151b_PC_DSC00570_final_nocolor.png,202a_final_nocolor.png,241b_Badegoule_MdP_Pr.A.png
8,242,307a,307b,370a,307a_Gonn_AP_Monrepos_final_nocolor.png,307b_Gonn_AP_Monrepos_final_nocolor.png,370a_Gonn_AP_Monrepos_final_nocolor.png
8,243,552a,73b,226b,552a_Gonn_AP_Monrepos_final_nocolor.png,73b_Gonn_AP_Monrepos_final_nocolor.png,226b_Aguas_Santander_final_nocolor.png
8,244,202a,631a,186a,202a_final_nocolor.png,631a_Gonn_AP_Monrepos_final_nocolor.png,186a_GG_MB_2021_MdAM_final_nocolor.png
8,245,241b,70b,431a,241b_Badegoule_MdP_Pr.A.png,70b_Gonn_AP_Monrepos_final_nocolor.png,431a_Gonn_AP_Monrepos_final_nocolor.png
8,246,167a,420a,307a,167a_GG_MB_2021_MdAM_final_nocolor.png,420a_Gonn_AP_Monrepos_final_nocolor.png,307a_Gonn_AP_Monrepos_final_nocolor.png
8,247,418a,93a,355a,418a_Gonn_AP_Monrepos_final_nocolor.png,93a_Gourdan_GG_MB_2021_MAN_Piette_final_nocolor.png,355a_Gonn_AP_Monrepos_final_nocolor.png
8,248,151a,202a,370a,151a MdA_final_nocolor.png,202a_final_nocolor.png,370a_Gonn_AP_Monrepos_final_nocolor.png
8,249,186a,201a,420b,186a_GG_MB_2021_MdAM_final_nocolor.png,201a_Peters_Graziosi 1960_final_nocolor.png,420b_Gonn_AP_Monrepos_final_nocolor.png
8,250,202b,241a,70b,202b_final_nocolor.png,241a_Badegoule_MdP_Pr.A.png,70b_Gonn_AP_Monrepos_final_nocolor.png
8,251,370a,418a,307a,370a_Gonn_AP_Monrepos_final_nocolor.png,418a_Gonn_AP_Monrepos_final_nocolor.png,307a_Gonn_AP_Monrepos_final_nocolor.png
8,252,151a,420a,420b,151a MdA_final_nocolor.png,420a_Gonn_AP_Monrepos_final_nocolor.png,420b_Gonn_AP_Monrepos_final_nocolor.png
8,253,186a,626a,226a,186a_GG_MB_2021_MdAM_final_nocolor.png,626a_Gonn_AP_Monrepos_final_nocolor.png,226a_Aguas_Sant_Final_nocolor.png
8,254,144b,73b,73a,144b_L-B_MdP_final_nocolor.png,73b_Gonn_AP_Monrepos_final_nocolor.png,73a_Gonn_AP_Monrepos_final_nocolor.png
8,255,202a,418a,370a,202a_final_nocolor.png,418a_Gonn_AP_Monrepos_final_nocolor.png,370a_Gonn_AP_Monrepos_final_nocolor.png
8,256,201a,226a,360a,201a_Peters_Graziosi 1960_final_nocolor.png,226a_Aguas_Sant_Final_nocolor.png,360a_Gonn_AP_Monrepos_final_nocolor.png
8,257,151a,626a,420a,151a MdA_final_nocolor.png,626a_Gonn_AP_Monrepos_final_nocolor.png,420a_Gonn_AP_Monrepos_final_nocolor.png
8,258,307b,370a,484a,307b_Gonn_AP_Monrepos_final_nocolor.png,370a_Gonn_AP_Monrepos_final_nocolor.png,484a_Gonn_AP_Monrepos_final_nocolor.png
8,259,202b,226a,631a,202b_final_nocolor.png,226a_Aguas_Sant_Final_nocolor.png,631a_Gonn_AP_Monrepos_final_nocolor.png
8,260,201a,93b,151a,201a_Peters_Graziosi 1960_final_nocolor.png,93b_Gourdan_GG_MB_2021_MAN_Piette_final_nocolor.png,151a MdA_final_nocolor.png
8,261,307b,355a,93a,307b_Gonn_AP_Monrepos_final_nocolor.png,355a_Gonn_AP_Monrepos_final_nocolor.png,93a_Gourdan_GG_MB_2021_MAN_Piette_final_nocolor.png
8,262,186a,370a,202b,186a_GG_MB_2021_MdAM_final_nocolor.png,370a_Gonn_AP_Monrepos_final_nocolor.png,202b_final_nocolor.png
8,263,167b,418a,420b,167b_GG_MB_2021_MdAM_final_nocolor.png,418a_Gonn_AP_Monrepos_final_nocolor.png,420b_Gonn_AP_Monrepos_final_nocolor.png
8,264,202a,226b,144a,202a_final_nocolor.png,226b_Aguas_Santander_final_nocolor.png,144a_L-B_MdP_final_nocolor.png
8,265,202b,631a,555a,202b_final_nocolor.png,631a_Gonn_AP_Monrepos_final_nocolor.png,555a_Gonn_AP_Monrepos_final_nocolor.png
8,266,144b,70a,241b,144b_L-B_MdP_final_nocolor.png,70a_Gonn_AP_Monrepos_final_nocolor.png,241b_Badegoule_MdP_Pr.A.png
8,267,418a,552a,202a,418a_Gonn_AP_Monrepos_final_nocolor.png,552a_Gonn_AP_Monrepos_final_nocolor.png,202a_final_nocolor.png
8,268,167b,202b,151a,167b_GG_MB_2021_MdAM_final_nocolor.png,202b_final_nocolor.png,151a MdA_final_nocolor.png
8,269,307a,307b,431a,307a_Gonn_AP_Monrepos_final_nocolor.png,307b_Gonn_AP_Monrepos_final_nocolor.png,431a_Gonn_AP_Monrepos_final_nocolor.png
8,270,370a,552a,186a,370a_Gonn_AP_Monrepos_final_nocolor.png,552a_Gonn_AP_Monrepos_final_nocolor.png,186a_GG_MB_2021_MdAM_final_nocolor.png
8,271,151a,186b,144a,151a MdA_final_nocolor.png,186b_GG_MB_2021_MdAM_final_nocolor.png,144a_L-B_MdP_final_nocolor.png
8,272,202a,93b,307a,202a_final_nocolor.png,93b_Gourdan_GG_MB_2021_MAN_Piette_final_nocolor.png,307a_Gonn_AP_Monrepos_final_nocolor.png
8,273,144b,70b,84a,144b_L-B_MdP_final_nocolor.png,70b_Gonn_AP_Monrepos_final_nocolor.png,84a_Gonn_AP_Monrepos_final_nocolor.png
8,274,151a,631a,307b,151a MdA_final_nocolor.png,631a_Gonn_AP_Monrepos_final_nocolor.png,307b_Gonn_AP_Monrepos_final_nocolor.png
8,275,307a,626a,420a,307a_Gonn_AP_Monrepos_final_nocolor.png,626a_Gonn_AP_Monrepos_final_nocolor.png,420a_Gonn_AP_Monrepos_final_nocolor.png
8,276,241a,241b,73a,241a_Badegoule_MdP_Pr.A.png,241b_Badegoule_MdP_Pr.A.png,73a_Gonn_AP_Monrepos_final_nocolor.png
8,277,70a,84a,151a,70a_Gonn_AP_Monrepos_final_nocolor.png,84a_Gonn_AP_Monrepos_final_nocolor.png,151a MdA_final_nocolor.png
8,278,202a,307a,73b,202a_final_nocolor.png,307a_Gonn_AP_Monrepos_final_nocolor.png,73b_Gonn_AP_Monrepos_final_nocolor.png
8,279,631a,73a,202b,631a_Gonn_AP_Monrepos_final_nocolor.png,73a_Gonn_AP_Monrepos_final_nocolor.png,202b_final_nocolor.png
8,280,151a,420a,418a,151a MdA_final_nocolor.png,420a_Gonn_AP_Monrepos_final_nocolor.png,418a_Gonn_AP_Monrepos_final_nocolor.png
8,281,241b,555a,226a,241b_Badegoule_MdP_Pr.A.png,555a_Gonn_AP_Monrepos_final_nocolor.png,226a_Aguas_Sant_Final_nocolor.png
8,282,360a,70b,167b,360a_Gonn_AP_Monrepos_final_nocolor.png,70b_Gonn_AP_Monrepos_final_nocolor.png,167b_GG_MB_2021_MdAM_final_nocolor.png
8,283,151a,418a,93a,151a MdA_final_nocolor.png,418a_Gonn_AP_Monrepos_final_nocolor.png,93a_Gourdan_GG_MB_2021_MAN_Piette_final_nocolor.png
8,284,241a,93b,202a,241a_Badegoule_MdP_Pr.A.png,93b_Gourdan_GG_MB_2021_MAN_Piette_final_nocolor.png,202a_final_nocolor.png
8,285,202b,353a,631a,202b_final_nocolor.png,353a_Gonn_AP_Monrepos_final_nocolor.png,631a_Gonn_AP_Monrepos_final_nocolor.png
8,286,201a,555a,151a,201a_Peters_Graziosi 1960_final_nocolor.png,555a_Gonn_AP_Monrepos_final_nocolor.png,151a MdA_final_nocolor.png
8,287,202a,484a,167b,202a_final_nocolor.png,484a_Gonn_AP_Monrepos_final_nocolor.png,167b_GG_MB_2021_MdAM_final_nocolor.png
8,288,226b,84a,360a,226b_Aguas_Santander_final_nocolor.png,84a_Gonn_AP_Monrepos_final_nocolor.png,360a_Gonn_AP_Monrepos_final_nocolor.png
8,289,353a,555a,552a,353a_Gonn_AP_Monrepos_final_nocolor.png,555a_Gonn_AP_Monrepos_final_nocolor.png,552a_Gonn_AP_Monrepos_final_nocolor.png
8,290,484a,70b,167b,484a_Gonn_AP_Monrepos_final_nocolor.png,70b_Gonn_AP_Monrepos_final_nocolor.png,167b_GG_MB_2021_MdAM_final_nocolor.png
8,291,226a,420b,167a,226a_Aguas_Sant_Final_nocolor.png,420b_Gonn_AP_Monrepos_final_nocolor.png,167a_GG_MB_2021_MdAM_final_nocolor.png
8,292,370a,73b,353a,370a_Gonn_AP_Monrepos_final_nocolor.png,73b_Gonn_AP_Monrepos_final_nocolor.png,353a_Gonn_AP_Monrepos_final_nocolor.png
8,293,167b,70a,241b,167b_GG_MB_2021_MdAM_final_nocolor.png,70a_Gonn_AP_Monrepos_final_nocolor.png,241b_Badegoule_MdP_Pr.A.png
8,294,202a,202b,484a,202a_final_nocolor.png,202b_final_nocolor.png,484a_Gonn_AP_Monrepos_final_nocolor.png
8,295,307a,73b,186a,307a_Gonn_AP_Monrepos_final_nocolor.png,73b_Gonn_AP_Monrepos_final_nocolor.png,186a_GG_MB_2021_MdAM_final_nocolor.png
8,296,144b,167a,70a,144b_L-B_MdP_final_nocolor.png,167a_GG_MB_2021_MdAM_final_nocolor.png,70a_Gonn_AP_Monrepos_final_nocolor.png
8,297,226b,484a,70b,226b_Aguas_Santander_final_nocolor.png,484a_Gonn_AP_Monrepos_final_nocolor.png,70b_Gonn_AP_Monrepos_final_nocolor.png
8,298,202b,73b,151a,202b_final_nocolor.png,73b_Gonn_AP_Monrepos_final_nocolor.png,151a MdA_final_nocolor.png
8,299,420b,93b,420a,420b_Gonn_AP_Monrepos_final_nocolor.png,93b_Gourdan_GG_MB_2021_MAN_Piette_final_nocolor.png,420a_Gonn_AP_Monrepos_final_nocolor.png
8,300,226b,555a,370a,226b_Aguas_Santander_final_nocolor.png,555a_Gonn_AP_Monrepos_final_nocolor.png,370a_Gonn_AP_Monrepos_final_nocolor.png
8,301,186a,73b,151a,186a_GG_MB_2021_MdAM_final_nocolor.png,73b_Gonn_AP_Monrepos_final_nocolor.png,151a MdA_final_nocolor.png
8,302,353a,420a,73a,353a_Gonn_AP_Monrepos_final_nocolor.png,420a_Gonn_AP_Monrepos_final_nocolor.png,73a_Gonn_AP_Monrepos_final_nocolor.png
8,303,144a,241a,307b,144a_L-B_MdP_final_nocolor.png,241a_Badegoule_MdP_Pr.A.png,307b_Gonn_AP_Monrepos_final_nocolor.png
8,304,186a,484a,370a,186a_GG_MB_2021_MdAM_final_nocolor.png,484a_Gonn_AP_Monrepos_final_nocolor.png,370a_Gonn_AP_Monrepos_final_nocolor.png
8,305,151a,420a,202b,151a MdA_final_nocolor.png,420a_Gonn_AP_Monrepos_final_nocolor.png,202b_final_nocolor.png
8,306,201a,73b,241a,201a_Peters_Graziosi 1960_final_nocolor.png,73b_Gonn_AP_Monrepos_final_nocolor.png,241a_Badegoule_MdP_Pr.A.png
8,307,186a,226b,353a,186a_GG_MB_2021_MdAM_final_nocolor.png,226b_Aguas_Santander_final_nocolor.png,353a_Gonn_AP_Monrepos_final_nocolor.png
8,308,144b,167a,167b,144b_L-B_MdP_final_nocolor.png,167a_GG_MB_2021_MdAM_final_nocolor.png,167b_GG_MB_2021_MdAM_final_nocolor.png
8,309,226a,431a,151b,226a_Aguas_Sant_Final_nocolor.png,431a_Gonn_AP_Monrepos_final_nocolor.png,151b_PC_DSC00570_final_nocolor.png
8,310,186a,418a,420a,186a_GG_MB_2021_MdAM_final_nocolor.png,418a_Gonn_AP_Monrepos_final_nocolor.png,420a_Gonn_AP_Monrepos_final_nocolor.png
8,311,353a,552a,355a,353a_Gonn_AP_Monrepos_final_nocolor.png,552a_Gonn_AP_Monrepos_final_nocolor.png,355a_Gonn_AP_Monrepos_final_nocolor.png
8,312,73a,84a,73b,73a_Gonn_AP_Monrepos_final_nocolor.png,84a_Gonn_AP_Monrepos_final_nocolor.png,73b_Gonn_AP_Monrepos_final_nocolor.png
8,313,226a,420a,186a,226a_Aguas_Sant_Final_nocolor.png,420a_Gonn_AP_Monrepos_final_nocolor.png,186a_GG_MB_2021_MdAM_final_nocolor.png
8,314,151b,353a,70a,151b_PC_DSC00570_final_nocolor.png,353a_Gonn_AP_Monrepos_final_nocolor.png,70a_Gonn_AP_Monrepos_final_nocolor.png
8,315,144a,307b,370a,144a_L-B_MdP_final_nocolor.png,307b_Gonn_AP_Monrepos_final_nocolor.png,370a_Gonn_AP_Monrepos_final_nocolor.png
8,316,241a,70b,186a,241a_Badegoule_MdP_Pr.A.png,70b_Gonn_AP_Monrepos_final_nocolor.png,186a_GG_MB_2021_MdAM_final_nocolor.png
8,317,202a,353a,631a,202a_final_nocolor.png,353a_Gonn_AP_Monrepos_final_nocolor.png,631a_Gonn_AP_Monrepos_final_nocolor.png
8,318,202b,84a,370a,202b_final_nocolor.png,84a_Gonn_AP_Monrepos_final_nocolor.png,370a_Gonn_AP_Monrepos_final_nocolor.png
8,319,201a,226b,186a,201a_Peters_Graziosi 1960_final_nocolor.png,226b_Aguas_Santander_final_nocolor.png,186a_GG_MB_2021_MdAM_final_nocolor.png
8,320,70a,73a,144b,70a_Gonn_AP_Monrepos_final_nocolor.png,73a_Gonn_AP_Monrepos_final_nocolor.png,144b_L-B_MdP_final_nocolor.png
8,321,70b,84a,631a,70b_Gonn_AP_Monrepos_final_nocolor.png,84a_Gonn_AP_Monrepos_final_nocolor.png,631a_Gonn_AP_Monrepos_final_nocolor.png
8,322,202a,555a,226a,202a_final_nocolor.png,555a_Gonn_AP_Monrepos_final_nocolor.png,226a_Aguas_Sant_Final_nocolor.png
8,323,144b,241a,355a,144b_L-B_MdP_final_nocolor.png,241a_Badegoule_MdP_Pr.A.png,355a_Gonn_AP_Monrepos_final_nocolor.png
8,324,420a,73b,70a,420a_Gonn_AP_Monrepos_final_nocolor.png,73b_Gonn_AP_Monrepos_final_nocolor.png,70a_Gonn_AP_Monrepos_final_nocolor.png
8,325,241b,84a,226a,241b_Badegoule_MdP_Pr.A.png,84a_Gonn_AP_Monrepos_final_nocolor.png,226a_Aguas_Sant_Final_nocolor.png
8,326,353a,355a,73a,353a_Gonn_AP_Monrepos_final_nocolor.png,355a_Gonn_AP_Monrepos_final_nocolor.png,73a_Gonn_AP_Monrepos_final_nocolor.png
8,327,420a,70a,226b,420a_Gonn_AP_Monrepos_final_nocolor.png,70a_Gonn_AP_Monrepos_final_nocolor.png,226b_Aguas_Santander_final_nocolor.png
8,328,241a,370a,226a,241a_Badegoule_MdP_Pr.A.png,370a_Gonn_AP_Monrepos_final_nocolor.png,226a_Aguas_Sant_Final_nocolor.png
8,329,144a,73b,73a,144a_L-B_MdP_final_nocolor.png,73b_Gonn_AP_Monrepos_final_nocolor.png,73a_Gonn_AP_Monrepos_final_nocolor.png
8,330,186a,226b,70a,186a_GG_MB_2021_MdAM_final_nocolor.png,226b_Aguas_Santander_final_nocolor.png,70a_Gonn_AP_Monrepos_final_nocolor.png
8,331,167b,353a,370a,167b_GG_MB_2021_MdAM_final_nocolor.png,353a_Gonn_AP_Monrepos_final_nocolor.png,370a_Gonn_AP_Monrepos_final_nocolor.png
8,332,186b,626a,144a,186b_GG_MB_2021_MdAM_final_nocolor.png,626a_Gonn_AP_Monrepos_final_nocolor.png,144a_L-B_MdP_final_nocolor.png
8,333,226a,73a,202a,226a_Aguas_Sant_Final_nocolor.png,73a_Gonn_AP_Monrepos_final_nocolor.png,202a_final_nocolor.png
8,334,151a,631a,484a,151a MdA_final_nocolor.png,631a_Gonn_AP_Monrepos_final_nocolor.png,484a_Gonn_AP_Monrepos_final_nocolor.png
8,335,370a,626a,144a,370a_Gonn_AP_Monrepos_final_nocolor.png,626a_Gonn_AP_Monrepos_final_nocolor.png,144a_L-B_MdP_final_nocolor.png
8,336,360a,552a,202a,360a_Gonn_AP_Monrepos_final_nocolor.png,552a_Gonn_AP_Monrepos_final_nocolor.png,202a_final_nocolor.png
8,337,167a,186a,202b,167a_GG_MB_2021_MdAM_final_nocolor.png,186a_GG_MB_2021_MdAM_final_nocolor.png,202b_final_nocolor.png
8,338,186b,93b,70b,186b_GG_MB_2021_MdAM_final_nocolor.png,93b_Gourdan_GG_MB_2021_MAN_Piette_final_nocolor.png,70b_Gonn_AP_Monrepos_final_nocolor.png
8,339,420b,73b,226b,420b_Gonn_AP_Monrepos_final_nocolor.png,73b_Gonn_AP_Monrepos_final_nocolor.png,226b_Aguas_Santander_final_nocolor.png
8,340,241a,84a,167a,241a_Badegoule_MdP_Pr.A.png,84a_Gonn_AP_Monrepos_final_nocolor.png,167a_GG_MB_2021_MdAM_final_nocolor.png
8,341,186b,360a,151a,186b_GG_MB_2021_MdAM_final_nocolor.png,360a_Gonn_AP_Monrepos_final_nocolor.png,151a MdA_final_nocolor.png
8,342,186a,73b,241b,186a_GG_MB_2021_MdAM_final_nocolor.png,73b_Gonn_AP_Monrepos_final_nocolor.png,241b_Badegoule_MdP_Pr.A.png
8,343,226b,420b,70a,226b_Aguas_Santander_final_nocolor.png,420b_Gonn_AP_Monrepos_final_nocolor.png,70a_Gonn_AP_Monrepos_final_nocolor.png
8,344,202a,555a,201a,202a_final_nocolor.png,555a_Gonn_AP_Monrepos_final_nocolor.png,201a_Peters_Graziosi 1960_final_nocolor.png
8,345,144b,355a,93a,144b_L-B_MdP_final_nocolor.png,355a_Gonn_AP_Monrepos_final_nocolor.png,93a_Gourdan_GG_MB_2021_MAN_Piette_final_nocolor.png
8,346,226b,73a,484a,226b_Aguas_Santander_final_nocolor.png,73a_Gonn_AP_Monrepos_final_nocolor.png,484a_Gonn_AP_Monrepos_final_nocolor.png
8,347,555a,73b,360a,555a_Gonn_AP_Monrepos_final_nocolor.png,73b_Gonn_AP_Monrepos_final_nocolor.png,360a_Gonn_AP_Monrepos_final_nocolor.png
8,348,186b,431a,241b,186b_GG_MB_2021_MdAM_final_nocolor.png,431a_Gonn_AP_Monrepos_final_nocolor.png,241b_Badegoule_MdP_Pr.A.png
8,349,226b,418a,151b,226b_Aguas_Santander_final_nocolor.png,418a_Gonn_AP_Monrepos_final_nocolor.png,151b_PC_DSC00570_final_nocolor.png
8,350,484a,93b,144a,484a_Gonn_AP_Monrepos_final_nocolor.png,93b_Gourdan_GG_MB_2021_MAN_Piette_final_nocolor.png,144a_L-B_MdP_final_nocolor.png
8,351,186a,201a,626a,186a_GG_MB_2021_MdAM_final_nocolor.png,201a_Peters_Graziosi 1960_final_nocolor.png,626a_Gonn_AP_Monrepos_final_nocolor.png
8,352,307b,70b,151a,307b_Gonn_AP_Monrepos_final_nocolor.png,70b_Gonn_AP_Monrepos_final_nocolor.png,151a MdA_final_nocolor.png
8,353,151b,167b,70a,151b_PC_DSC00570_final_nocolor.png,167b_GG_MB_2021_MdAM_final_nocolor.png,70a_Gonn_AP_Monrepos_final_nocolor.png
8,354,626a,631a,360a,626a_Gonn_AP_Monrepos_final_nocolor.png,631a_Gonn_AP_Monrepos_final_nocolor.png,360a_Gonn_AP_Monrepos_final_nocolor.png
8,355,241a,93b,186a,241a_Badegoule_MdP_Pr.A.png,93b_Gourdan_GG_MB_2021_MAN_Piette_final_nocolor.png,186a_GG_MB_2021_MdAM_final_nocolor.png
8,356,420a,93a,144b,420a_Gonn_AP_Monrepos_final_nocolor.png,93a_Gourdan_GG_MB_2021_MAN_Piette_final_nocolor.png,144b_L-B_MdP_final_nocolor.png
8,357,144a,70b,626a,144a_L-B_MdP_final_nocolor.png,70b_Gonn_AP_Monrepos_final_nocolor.png,626a_Gonn_AP_Monrepos_final_nocolor.png
8,358,151a,307a,73a,151a MdA_final_nocolor.png,307a_Gonn_AP_Monrepos_final_nocolor.png,73a_Gonn_AP_Monrepos_final_nocolor.png
8,359,201a,555a,202b,201a_Peters_Graziosi 1960_final_nocolor.png,555a_Gonn_AP_Monrepos_final_nocolor.png,202b_final_nocolor.png
8,360,241a,360a,626a,241a_Badegoule_MdP_Pr.A.png,360a_Gonn_AP_Monrepos_final_nocolor.png,626a_Gonn_AP_Monrepos_final_nocolor.png
8,361,151b,307b,307a,151b_PC_DSC00570_final_nocolor.png,307b_Gonn_AP_Monrepos_final_nocolor.png,307a_Gonn_AP_Monrepos_final_nocolor.png
8,362,226a,93a,418a,226a_Aguas_Sant_Final_nocolor.png,93a_Gourdan_GG_MB_2021_MAN_Piette_final_nocolor.png,418a_Gonn_AP_Monrepos_final_nocolor.png
8,363,202b,73b,144a,202b_final_nocolor.png,73b_Gonn_AP_Monrepos_final_nocolor.png,144a_L-B_MdP_final_nocolor.png
8,364,151b,70a,631a,151b_PC_DSC00570_final_nocolor.png,70a_Gonn_AP_Monrepos_final_nocolor.png,631a_Gonn_AP_Monrepos_final_nocolor.png
8,365,226a,73a,201a,226a_Aguas_Sant_Final_nocolor.png,73a_Gonn_AP_Monrepos_final_nocolor.png,201a_Peters_Graziosi 1960_final_nocolor.png
8,366,370a,420b,355a,370a_Gonn_AP_Monrepos_final_nocolor.png,420b_Gonn_AP_Monrepos_final_nocolor.png,355a_Gonn_AP_Monrepos_final_nocolor.png
8,367,151b,167a,93b,151b_PC_DSC00570_final_nocolor.png,167a_GG_MB_2021_MdAM_final_nocolor.png,93b_Gourdan_GG_MB_2021_MAN_Piette_final_nocolor.png
8,368,167b,73a,353a,167b_GG_MB_2021_MdAM_final_nocolor.png,73a_Gonn_AP_Monrepos_final_nocolor.png,353a_Gonn_AP_Monrepos_final_nocolor.png
8,369,202a,420b,186a,202a_final_nocolor.png,420b_Gonn_AP_Monrepos_final_nocolor.png,186a_GG_MB_2021_MdAM_final_nocolor.png
8,370,186b,431a,70b,186b_GG_MB_2021_MdAM_final_nocolor.png,431a_Gonn_AP_Monrepos_final_nocolor.png,70b_Gonn_AP_Monrepos_final_nocolor.png
8,371,353a,555a,201a,353a_Gonn_AP_Monrepos_final_nocolor.png,555a_Gonn_AP_Monrepos_final_nocolor.png,201a_Peters_Graziosi 1960_final_nocolor.png
8,372,144a,241a,226a,144a_L-B_MdP_final_nocolor.png,241a_Badegoule_MdP_Pr.A.png,226a_Aguas_Sant_Final_nocolor.png
8,373,144b,418a,431a,144b_L-B_MdP_final_nocolor.png,418a_Gonn_AP_Monrepos_final_nocolor.png,431a_Gonn_AP_Monrepos_final_nocolor.png
8,374,151b,202b,353a,151b_PC_DSC00570_final_nocolor.png,202b_final_nocolor.png,353a_Gonn_AP_Monrepos_final_nocolor.png
8,375,186a,555a,201a,186a_GG_MB_2021_MdAM_final_nocolor.png,555a_Gonn_AP_Monrepos_final_nocolor.png,201a_Peters_Graziosi 1960_final_nocolor.png
8,376,226b,355a,144b,226b_Aguas_Santander_final_nocolor.png,355a_Gonn_AP_Monrepos_final_nocolor.png,144b_L-B_MdP_final_nocolor.png
8,377,241a,307a,353a,241a_Badegoule_MdP_Pr.A.png,307a_Gonn_AP_Monrepos_final_nocolor.png,353a_Gonn_AP_Monrepos_final_nocolor.png
8,378,84a,93a,431a,84a_Gonn_AP_Monrepos_final_nocolor.png,93a_Gourdan_GG_MB_2021_MAN_Piette_final_nocolor.png,431a_Gonn_AP_Monrepos_final_nocolor.png
8,379,201a,93b,355a,201a_Peters_Graziosi 1960_final_nocolor.png,93b_Gourdan_GG_MB_2021_MAN_Piette_final_nocolor.png,355a_Gonn_AP_Monrepos_final_nocolor.png
8,380,241a,626a,144b,241a_Badegoule_MdP_Pr.A.png,626a_Gonn_AP_Monrepos_final_nocolor.png,144b_L-B_MdP_final_nocolor.png
8,381,167a,431a,202a,167a_GG_MB_2021_MdAM_final_nocolor.png,431a_Gonn_AP_Monrepos_final_nocolor.png,202a_final_nocolor.png
8,382,307a,93b,631a,307a_Gonn_AP_Monrepos_final_nocolor.png,93b_Gourdan_GG_MB_2021_MAN_Piette_final_nocolor.png,631a_Gonn_AP_Monrepos_final_nocolor.png
8,383,353a,552a,151a,353a_Gonn_AP_Monrepos_final_nocolor.png,552a_Gonn_AP_Monrepos_final_nocolor.png,151a MdA_final_nocolor.png
8,384,226a,226b,151b,226a_Aguas_Sant_Final_nocolor.png,226b_Aguas_Santander_final_nocolor.png,151b_PC_DSC00570_final_nocolor.png
8,385,144b,202b,201a,144b_L-B_MdP_final_nocolor.png,202b_final_nocolor.png,201a_Peters_Graziosi 1960_final_nocolor.png
8,386,241a,431a,420b,241a_Badegoule_MdP_Pr.A.png,431a_Gonn_AP_Monrepos_final_nocolor.png,420b_Gonn_AP_Monrepos_final_nocolor.png
8,387,186a,360a,70a,186a_GG_MB_2021_MdAM_final_nocolor.png,360a_Gonn_AP_Monrepos_final_nocolor.png,70a_Gonn_AP_Monrepos_final_nocolor.png
8,388,151a,202b,631a,151a MdA_final_nocolor.png,202b_final_nocolor.png,631a_Gonn_AP_Monrepos_final_nocolor.png
8,389,241b,555a,93a,241b_Badegoule_MdP_Pr.A.png,555a_Gonn_AP_Monrepos_final_nocolor.png,93a_Gourdan_GG_MB_2021_MAN_Piette_final_nocolor.png
8,390,418a,484a,144b,418a_Gonn_AP_Monrepos_final_nocolor.png,484a_Gonn_AP_Monrepos_final_nocolor.png,144b_L-B_MdP_final_nocolor.png
8,391,360a,370a,307a,360a_Gonn_AP_Monrepos_final_nocolor.png,370a_Gonn_AP_Monrepos_final_nocolor.png,307a_Gonn_AP_Monrepos_final_nocolor.png
8,392,70a,93b,202a,70a_Gonn_AP_Monrepos_final_nocolor.png,93b_Gourdan_GG_MB_2021_MAN_Piette_final_nocolor.png,202a_final_nocolor.png
8,393,626a,631a,418a,626a_Gonn_AP_Monrepos_final_nocolor.png,631a_Gonn_AP_Monrepos_final_nocolor.png,418a_Gonn_AP_Monrepos_final_nocolor.png
8,394,202b,420a,167b,202b_final_nocolor.png,420a_Gonn_AP_Monrepos_final_nocolor.png,167b_GG_MB_2021_MdAM_final_nocolor.png
8,395,241b,70b,420b,241b_Badegoule_MdP_Pr.A.png,70b_Gonn_AP_Monrepos_final_nocolor.png,420b_Gonn_AP_Monrepos_final_nocolor.png
8,396,186a,431a,418a,186a_GG_MB_2021_MdAM_final_nocolor.png,431a_Gonn_AP_Monrepos_final_nocolor.png,418a_Gonn_AP_Monrepos_final_nocolor.png
8,397,307a,307b,144a,307a_Gonn_AP_Monrepos_final_nocolor.png,307b_Gonn_AP_Monrepos_final_nocolor.png,144a_L-B_MdP_final_nocolor.png
8,398,484a,555a,241a,484a_Gonn_AP_Monrepos_final_nocolor.png,555a_Gonn_AP_Monrepos_final_nocolor.png,241a_Badegoule_MdP_Pr.A.png
8,399,631a,84a,226b,631a_Gonn_AP_Monrepos_final_nocolor.png,84a_Gonn_AP_Monrepos_final_nocolor.png,226b_Aguas_Santander_final_nocolor.png
8,400,151a,167b,418a,151a MdA_final_nocolor.png,167b_GG_MB_2021_MdAM_final_nocolor.png,418a_Gonn_AP_Monrepos_final_nocolor.png
8,401,186a,202a,484a,186a_GG_MB_2021_MdAM_final_nocolor.png,202a_final_nocolor.png,484a_Gonn_AP_Monrepos_final_nocolor.png
8,402,241b,555a,93b,241b_Badegoule_MdP_Pr.A.png,555a_Gonn_AP_Monrepos_final_nocolor.png,93b_Gourdan_GG_MB_2021_MAN_Piette_final_nocolor.png
8,403,167a,631a,202b,167a_GG_MB_2021_MdAM_final_nocolor.png,631a_Gonn_AP_Monrepos_final_nocolor.png,202b_final_nocolor.png
8,404,226b,484a,144a,226b_Aguas_Santander_final_nocolor.png,484a_Gonn_AP_Monrepos_final_nocolor.png,144a_L-B_MdP_final_nocolor.png
8,405,186b,70a,555a,186b_GG_MB_2021_MdAM_final_nocolor.png,70a_Gonn_AP_Monrepos_final_nocolor.png,555a_Gonn_AP_Monrepos_final_nocolor.png
8,406,420a,70b,631a,420a_Gonn_AP_Monrepos_final_nocolor.png,70b_Gonn_AP_Monrepos_final_nocolor.png,631a_Gonn_AP_Monrepos_final_nocolor.png
8,407,307a,418a,241a,307a_Gonn_AP_Monrepos_final_nocolor.png,418a_Gonn_AP_Monrepos_final_nocolor.png,241a_Badegoule_MdP_Pr.A.png
8,408,186a,370a,84a,186a_GG_MB_2021_MdAM_final_nocolor.png,370a_Gonn_AP_Monrepos_final_nocolor.png,84a_Gonn_AP_Monrepos_final_nocolor.png
8,409,202b,93a,307b,202b_final_nocolor.png,93a_Gourdan_GG_MB_2021_MAN_Piette_final_nocolor.png,307b_Gonn_AP_Monrepos_final_nocolor.png
8,410,167b,226a,241a,167b_GG_MB_2021_MdAM_final_nocolor.png,226a_Aguas_Sant_Final_nocolor.png,241a_Badegoule_MdP_Pr.A.png
8,411,307a,353a,84a,307a_Gonn_AP_Monrepos_final_nocolor.png,353a_Gonn_AP_Monrepos_final_nocolor.png,84a_Gonn_AP_Monrepos_final_nocolor.png
8,412,202b,418a,631a,202b_final_nocolor.png,418a_Gonn_AP_Monrepos_final_nocolor.png,631a_Gonn_AP_Monrepos_final_nocolor.png
8,413,186a,307b,226a,186a_GG_MB_2021_MdAM_final_nocolor.png,307b_Gonn_AP_Monrepos_final_nocolor.png,226a_Aguas_Sant_Final_nocolor.png
8,414,202a,84a,167b,202a_final_nocolor.png,84a_Gonn_AP_Monrepos_final_nocolor.png,167b_GG_MB_2021_MdAM_final_nocolor.png
8,415,144a,370a,202b,144a_L-B_MdP_final_nocolor.png,370a_Gonn_AP_Monrepos_final_nocolor.png,202b_final_nocolor.png
8,416,418a,73b,226a,418a_Gonn_AP_Monrepos_final_nocolor.png,73b_Gonn_AP_Monrepos_final_nocolor.png,226a_Aguas_Sant_Final_nocolor.png
8,417,226b,552a,202a,226b_Aguas_Santander_final_nocolor.png,552a_Gonn_AP_Monrepos_final_nocolor.png,202a_final_nocolor.png
8,418,167b,555a,202b,167b_GG_MB_2021_MdAM_final_nocolor.png,555a_Gonn_AP_Monrepos_final_nocolor.png,202b_final_nocolor.png
8,419,353a,93a,307a,353a_Gonn_AP_Monrepos_final_nocolor.png,93a_Gourdan_GG_MB_2021_MAN_Piette_final_nocolor.png,307a_Gonn_AP_Monrepos_final_nocolor.png
8,420,241a,420a,626a,241a_Badegoule_MdP_Pr.A.png,420a_Gonn_AP_Monrepos_final_nocolor.png,626a_Gonn_AP_Monrepos_final_nocolor.png
8,421,167b,70a,144a,167b_GG_MB_2021_MdAM_final_nocolor.png,70a_Gonn_AP_Monrepos_final_nocolor.png,144a_L-B_MdP_final_nocolor.png
8,422,355a,84a,418a,355a_Gonn_AP_Monrepos_final_nocolor.png,84a_Gonn_AP_Monrepos_final_nocolor.png,418a_Gonn_AP_Monrepos_final_nocolor.png
8,423,370a,555a,626a,370a_Gonn_AP_Monrepos_final_nocolor.png,555a_Gonn_AP_Monrepos_final_nocolor.png,626a_Gonn_AP_Monrepos_final_nocolor.png
8,424,202b,307a,70b,202b_final_nocolor.png,307a_Gonn_AP_Monrepos_final_nocolor.png,70b_Gonn_AP_Monrepos_final_nocolor.png
8,425,353a,420a,70a,353a_Gonn_AP_Monrepos_final_nocolor.png,420a_Gonn_AP_Monrepos_final_nocolor.png,70a_Gonn_AP_Monrepos_final_nocolor.png
8,426,360a,555a,418a,360a_Gonn_AP_Monrepos_final_nocolor.png,555a_Gonn_AP_Monrepos_final_nocolor.png,418a_Gonn_AP_Monrepos_final_nocolor.png
8,427,202a,93b,355a,202a_final_nocolor.png,93b_Gourdan_GG_MB_2021_MAN_Piette_final_nocolor.png,355a_Gonn_AP_Monrepos_final_nocolor.png
8,428,226a,307a,93a,226a_Aguas_Sant_Final_nocolor.png,307a_Gonn_AP_Monrepos_final_nocolor.png,93a_Gourdan_GG_MB_2021_MAN_Piette_final_nocolor.png
